trade_date,nav_q1,daily_ret_q1,nav_q5,daily_ret_q5
20230103,1.019965,0.019965,1.003123,0.003123
20230104,1.029864,0.009705,1.005077,0.001948
20230105,1.037127,0.007053,1.011107,0.006000
20230106,1.032414,-0.004544,0.998564,-0.012405
20230109,1.041043,0.008358,1.001283,0.002723
20230110,1.041314,0.000260,1.009618,0.008324
20230111,1.027355,-0.013405,1.000637,-0.008895
20230112,1.030050,0.002623,0.995629,-0.005005
20230113,1.041327,0.010947,1.016401,0.020863
20230116,1.066392,0.024070,1.027274,0.010698
20230117,1.064615,-0.001666,1.021165,-0.005947
20230118,1.067491,0.002701,1.021232,0.000065
20230119,1.078102,0.009940,1.029697,0.008289
20230120,1.089694,0.010752,1.033008,0.003215
20230130,1.105008,0.014054,1.033873,0.000838
20230131,1.103852,-0.001047,1.028176,-0.005510
20230201,1.119882,0.014522,1.034385,0.006039
20230202,1.122154,0.002029,1.034113,-0.000263
20230203,1.124316,0.001927,1.030368,-0.003621
20230206,1.128379,0.003614,1.027684,-0.002605
20230207,1.133651,0.004672,1.029930,0.002185
20230208,1.133042,-0.000537,1.028596,-0.001295
20230209,1.143879,0.009565,1.046646,0.017549
20230210,1.151236,0.006432,1.050913,0.004076
20230213,1.163418,0.010581,1.058686,0.007396
20230214,1.163658,0.000206,1.059654,0.000915
20230215,1.165633,0.001698,1.061127,0.001389
20230216,1.133867,-0.027252,1.050091,-0.010400
20230217,1.132683,-0.001044,1.040159,-0.009458
20230220,1.141833,0.008078,1.056582,0.015789
20230221,1.145253,0.002996,1.060653,0.003853
20230222,1.149932,0.004085,1.058274,-0.002243
20230223,1.146860,-0.002671,1.054847,-0.003238
20230224,1.152962,0.005321,1.052397,-0.002323
20230227,1.136690,-0.014113,1.045714,-0.006351
20230228,1.150895,0.012497,1.055094,0.008970
20230301,1.167412,0.014352,1.059249,0.003938
20230302,1.166353,-0.000908,1.060582,0.001259
20230303,1.158891,-0.006397,1.059051,-0.001444
20230306,1.158044,-0.000731,1.063930,0.004607
20230307,1.127978,-0.025963,1.043854,-0.018870
20230308,1.149640,0.019205,1.048392,0.004348
20230309,1.169052,0.016885,1.048418,0.000025
20230310,1.158732,-0.008827,1.037136,-0.010761
20230313,1.160970,0.001931,1.040718,0.003453
20230314,1.147296,-0.011778,1.034868,-0.005621
20230315,1.150623,0.002900,1.039587,0.004560
20230316,1.141547,-0.007888,1.029436,-0.009765
20230317,1.160602,0.016693,1.036162,0.006534
20230320,1.158300,-0.001983,1.024022,-0.011716
20230321,1.185674,0.023633,1.036706,0.012386
20230322,1.203237,0.014812,1.038478,0.001709
20230323,1.200745,-0.002071,1.043973,0.005292
20230324,1.207888,0.005948,1.039806,-0.003992
20230327,1.204090,-0.003144,1.043451,0.003506
20230328,1.193086,-0.009139,1.044066,0.000590
20230329,1.191617,-0.001232,1.039199,-0.004662
20230330,1.170723,-0.017534,1.044152,0.004766
20230331,1.178755,0.006861,1.055356,0.010730
20230403,1.189534,0.009145,1.069116,0.013038
20230404,1.177686,-0.009961,1.070744,0.001523
20230406,1.177526,-0.000136,1.077962,0.006741
20230407,1.184480,0.005905,1.086494,0.007915
20230410,1.173287,-0.009450,1.071679,-0.013636
20230411,1.174578,0.001100,1.076236,0.004253
20230412,1.197721,0.019704,1.090586,0.013333
20230413,1.193801,-0.003274,1.077689,-0.011826
20230414,1.198155,0.003647,1.080690,0.002784
20230417,1.197260,-0.000747,1.074573,-0.005660
20230418,1.181117,-0.013483,1.069952,-0.004301
20230419,1.175465,-0.004786,1.063071,-0.006431
20230420,1.173189,-0.001936,1.063469,0.000375
20230421,1.120446,-0.044957,1.029988,-0.031483
20230424,1.118441,-0.001790,1.024185,-0.005634
20230425,1.085681,-0.029291,1.006416,-0.017350
20230426,1.096289,0.009771,1.005859,-0.000553
20230427,1.097626,0.001220,1.006584,0.000720
20230428,1.125030,0.024966,1.020961,0.014284
20230504,1.127591,0.002277,1.020192,-0.000753
20230505,1.127352,-0.000212,1.012568,-0.007473
20230508,1.124921,-0.002156,1.017072,0.004448
20230509,1.102619,-0.019825,1.005371,-0.011505
20230510,1.109728,0.006448,1.005280,-0.000090
20230511,1.125012,0.013772,1.008113,0.002818
20230512,1.116150,-0.007877,0.992357,-0.015629
20230515,1.120599,0.003986,0.997117,0.004796
20230516,1.115506,-0.004544,0.984774,-0.012378
20230517,1.136918,0.019194,0.990869,0.006189
20230518,1.152270,0.013503,0.995306,0.004478
20230519,1.161482,0.007994,0.995043,-0.000264
20230522,1.172914,0.009843,0.995522,0.000481
20230523,1.170903,-0.001715,0.984436,-0.011137
20230524,1.179926,0.007706,0.979379,-0.005137
20230525,1.176278,-0.003091,0.972460,-0.007064
20230526,1.173787,-0.002118,0.981457,0.009252
20230529,1.158907,-0.012676,0.976450,-0.005101
20230530,1.170879,0.010330,0.982481,0.006176
20230531,1.181856,0.009375,0.985264,0.002833
20230601,1.169894,-0.010122,0.991038,0.005860
20230602,1.183295,0.011455,0.995658,0.004662
20230605,1.195400,0.010230,0.996966,0.001314
20230606,1.167247,-0.023551,0.973764,-0.023273
20230607,1.177254,0.008573,0.978058,0.004409
20230608,1.166769,-0.008906,0.963553,-0.014830
20230609,1.164905,-0.001597,0.965762,0.002292
20230612,1.178600,0.011756,0.968362,0.002692
20230613,1.195229,0.014110,0.978187,0.010146
20230614,1.188549,-0.005589,0.971647,-0.006686
20230615,1.177303,-0.009462,0.985534,0.014292
20230616,1.179818,0.002137,0.992561,0.007130
20230619,1.186121,0.005342,0.994065,0.001515
20230620,1.171822,-0.012056,1.004219,0.010215
20230621,1.149645,-0.018924,0.976349,-0.027753
20230626,1.123380,-0.022847,0.954063,-0.022826
20230627,1.146417,0.020507,0.958875,0.005044
20230628,1.140151,-0.005466,0.953424,-0.005685
20230629,1.162939,0.019987,0.955004,0.001657
20230630,1.184176,0.018261,0.964739,0.010194
20230703,1.182466,-0.001444,0.964261,-0.000495
20230704,1.201715,0.016278,0.967066,0.002909
20230705,1.207389,0.004722,0.959725,-0.007591
20230706,1.217221,0.008143,0.955150,-0.004767
20230707,1.206740,-0.008611,0.952518,-0.002755
20230710,1.201765,-0.004122,0.960912,0.008812
20230711,1.212706,0.009104,0.964173,0.003394
20230712,1.200018,-0.010463,0.954477,-0.010057
20230713,1.207580,0.006302,0.967889,0.014052
20230714,1.220777,0.010929,0.968946,0.001092
20230717,1.222265,0.001219,0.965774,-0.003274
20230718,1.222278,0.000011,0.962194,-0.003707
20230719,1.218947,-0.002725,0.964559,0.002458
20230720,1.198071,-0.017126,0.953131,-0.011847
20230721,1.189810,-0.006895,0.955331,0.002308
20230724,1.195431,0.004724,0.956595,0.001323
20230725,1.216279,0.017440,0.969721,0.013722
20230726,1.221618,0.004389,0.963095,-0.006833
20230727,1.209517,-0.009905,0.957353,-0.005962
20230728,1.213751,0.003500,0.967928,0.011046
20230731,1.220751,0.005767,0.978288,0.010704
20230801,1.206176,-0.011939,0.972790,-0.005620
20230802,1.210151,0.003296,0.975838,0.003133
20230803,1.201091,-0.007487,0.976846,0.001033
20230804,1.200361,-0.000608,0.977744,0.000920
20230807,1.189996,-0.008635,0.968689,-0.009262
20230808,1.191259,0.001061,0.963319,-0.005544
20230809,1.180913,-0.008686,0.954889,-0.008751
20230810,1.187862,0.005885,0.952979,-0.002000
20230811,1.173588,-0.012017,0.939110,-0.014554
20230814,1.180812,0.006156,0.939838,0.000775
20230815,1.178522,-0.001940,0.936195,-0.003875
20230816,1.165239,-0.011271,0.927957,-0.008800
20230817,1.190240,0.021456,0.936476,0.009180
20230818,1.193078,0.002384,0.920753,-0.016789
20230821,1.185734,-0.006156,0.909462,-0.012263
20230822,1.184800,-0.000787,0.915779,0.006947
20230823,1.165818,-0.016022,0.901886,-0.015171
20230824,1.160741,-0.004355,0.900642,-0.001379
20230825,1.124197,-0.031483,0.886942,-0.015212
20230828,1.128111,0.003482,0.898514,0.013047
20230829,1.199525,0.063304,0.919187,0.023009
20230830,1.217181,0.014719,0.921546,0.002566
20230831,1.216079,-0.000905,0.915519,-0.006539
20230901,1.207769,-0.006834,0.907353,-0.008920
20230904,1.216117,0.006912,0.915007,0.008436
20230905,1.213051,-0.002521,0.907714,-0.007970
20230906,1.220922,0.006488,0.914739,0.007740
20230907,1.204459,-0.013484,0.902072,-0.013848
20230908,1.203843,-0.000511,0.905419,0.003710
20230911,1.214179,0.008586,0.912395,0.007706
20230912,1.209418,-0.003922,0.914377,0.002172
20230913,1.192903,-0.013655,0.903431,-0.011972
20230914,1.181292,-0.009733,0.902111,-0.001460
20230915,1.184124,0.002397,0.903259,0.001273
20230918,1.204124,0.016891,0.898539,-0.005226
20230919,1.193038,-0.009207,0.893488,-0.005621
20230920,1.187556,-0.004595,0.887549,-0.006647
20230921,1.178113,-0.007952,0.883023,-0.005100
20230922,1.201109,0.019520,0.896444,0.015199
20230925,1.196805,-0.003583,0.884502,-0.013321
20230926,1.196943,0.000115,0.881459,-0.003441
20230927,1.203458,0.005444,0.887799,0.007193
20230928,1.216747,0.011042,0.887716,-0.000093
20231009,1.206832,-0.008149,0.883907,-0.004291
20231010,1.207045,0.000177,0.880112,-0.004294
20231011,1.215733,0.007197,0.877488,-0.002981
20231012,1.215016,-0.000589,0.885242,0.008836
20231013,1.200519,-0.011932,0.879852,-0.006088
20231016,1.184665,-0.013206,0.867932,-0.013548
20231017,1.184833,0.000142,0.868273,0.000393
20231018,1.160505,-0.020533,0.856012,-0.014121
20231019,1.156953,-0.003061,0.846542,-0.011063
20231020,1.143420,-0.011697,0.834862,-0.013797
20231023,1.109584,-0.029592,0.813673,-0.025381
20231024,1.153353,0.039447,0.819149,0.006730
20231025,1.170893,0.015208,0.831333,0.014875
20231026,1.173259,0.002021,0.835114,0.004548
20231027,1.182878,0.008198,0.849188,0.016852
20231030,1.203926,0.017794,0.865381,0.019069
20231031,1.204499,0.000476,0.860040,-0.006171
20231101,1.205853,0.001124,0.854258,-0.006724
20231102,1.191346,-0.012030,0.847699,-0.007678
20231103,1.215353,0.020151,0.860305,0.014872
20231106,1.240317,0.020541,0.882459,0.025751
20231107,1.247698,0.005950,0.885788,0.003773
20231108,1.247100,-0.000479,0.891634,0.006599
20231109,1.242626,-0.003587,0.890265,-0.001536
20231110,1.243451,0.000663,0.884703,-0.006247
20231113,1.262356,0.015204,0.891976,0.008221
20231114,1.272435,0.007984,0.896686,0.005279
20231115,1.284628,0.009582,0.899592,0.003241
20231116,1.274114,-0.008184,0.893746,-0.006499
20231117,1.293229,0.015002,0.899527,0.006469
20231120,1.310790,0.013579,0.908001,0.009421
20231121,1.294152,-0.012693,0.904671,-0.003668
20231122,1.280278,-0.010721,0.895611,-0.010015
20231123,1.299144,0.014735,0.905086,0.010580
20231124,1.275429,-0.018254,0.890486,-0.016131
20231127,1.285551,0.007936,0.885534,-0.005560
20231128,1.303022,0.013591,0.890351,0.005440
20231129,1.297539,-0.004208,0.884022,-0.007109
20231130,1.279661,-0.013778,0.883560,-0.000522
20231201,1.277551,-0.001649,0.884080,0.000588
20231204,1.275802,-0.001369,0.887962,0.004391
20231205,1.253317,-0.017624,0.871911,-0.018077
20231206,1.262869,0.007621,0.873995,0.002391
20231207,1.261942,-0.000735,0.877047,0.003492
20231208,1.242851,-0.015128,0.879744,0.003075
20231211,1.249927,0.005693,0.887861,0.009226
20231212,1.255803,0.004701,0.888323,0.000520
20231213,1.252752,-0.002429,0.881480,-0.007703
20231214,1.252076,-0.000540,0.877944,-0.004011
20231215,1.259410,0.005858,0.873939,-0.004562
20231218,1.248610,-0.008576,0.861090,-0.014702
20231219,1.258378,0.007823,0.860801,-0.000336
20231220,1.253023,-0.004255,0.848517,-0.014271
20231221,1.254708,0.001345,0.849873,0.001599
20231222,1.225459,-0.023312,0.837500,-0.014559
20231225,1.214600,-0.008861,0.841407,0.004665
20231226,1.196259,-0.015100,0.829564,-0.014076
20231227,1.210721,0.012090,0.828567,-0.001202
20231228,1.234954,0.020015,0.844407,0.019117
20231229,1.259076,0.019533,0.850206,0.006868
20240102,1.264287,0.004138,0.841672,-0.010037
20240103,1.251501,-0.010113,0.840913,-0.000902
20240104,1.255462,0.003165,0.833554,-0.008751
20240105,1.241786,-0.010893,0.822577,-0.013169
20240108,1.216945,-0.020005,0.803616,-0.023050
20240109,1.232167,0.012508,0.806151,0.003155
20240110,1.221304,-0.008816,0.801443,-0.005841
20240111,1.235932,0.011977,0.815542,0.017592
20240112,1.221477,-0.011696,0.813030,-0.003080
20240115,1.215403,-0.004973,0.813840,0.000997
20240116,1.203415,-0.009863,0.811254,-0.003178
20240117,1.175713,-0.023020,0.792462,-0.023164
20240118,1.152383,-0.019843,0.787962,-0.005678
20240119,1.137769,-0.012682,0.785352,-0.003312
20240122,1.064288,-0.064583,0.743046,-0.053869
20240123,1.046189,-0.017006,0.755621,0.016923
20240124,1.060127,0.013323,0.773794,0.024050
20240125,1.107079,0.044289,0.801079,0.035262
20240126,1.097762,-0.008416,0.802250,0.001461
20240129,1.049563,-0.043907,0.787265,-0.018678
20240130,1.009383,-0.038283,0.763538,-0.030139
20240131,0.946224,-0.062572,0.748650,-0.019499
20240201,0.918647,-0.029144,0.741238,-0.009900
20240202,0.863972,-0.059517,0.716757,-0.033027
20240205,0.743353,-0.139609,0.688589,-0.039299
20240206,0.735654,-0.010357,0.742257,0.077938
20240207,0.688533,-0.064054,0.790745,0.065325
20240208,0.771011,0.119789,0.813312,0.028540
20240219,0.804891,0.043942,0.808808,-0.005538
20240220,0.819820,0.018548,0.805717,-0.003823
20240221,0.841575,0.026536,0.810635,0.006105
20240222,0.870953,0.034908,0.821915,0.013914
20240223,0.911381,0.046419,0.827921,0.007308
20240226,0.946708,0.038761,0.832871,0.005978
20240227,0.991427,0.047237,0.851547,0.022424
20240228,0.885062,-0.107286,0.822675,-0.033906
20240229,0.921437,0.041100,0.851742,0.035332
20240301,0.930863,0.010230,0.857587,0.006863
20240304,0.928601,-0.002430,0.855552,-0.002373
20240305,0.905468,-0.024911,0.854015,-0.001797
20240306,0.916049,0.011685,0.853141,-0.001023
20240307,0.915053,-0.001088,0.844014,-0.010698
20240308,0.919614,0.004984,0.850984,0.008258
20240311,0.935196,0.016944,0.861088,0.011873
20240312,0.952221,0.018204,0.861171,0.000097
20240313,0.952817,0.000626,0.869033,0.009130
20240314,0.945263,-0.007928,0.859608,-0.010846
20240315,0.952470,0.007624,0.864717,0.005943
20240318,0.982239,0.031254,0.877567,0.014861
20240319,0.982325,0.000088,0.877078,-0.000557
20240320,0.994137,0.012025,0.883577,0.007410
20240321,0.994909,0.000777,0.883168,-0.000463
20240322,0.973345,-0.021675,0.878782,-0.004967
20240325,0.951313,-0.022635,0.859119,-0.022376
20240326,0.950060,-0.001317,0.859577,0.000534
20240327,0.930808,-0.020265,0.835180,-0.028383
20240328,0.957005,0.028145,0.847500,0.014752
20240329,0.967660,0.011134,0.849834,0.002754
20240401,0.994603,0.027843,0.868964,0.022510
20240402,0.994425,-0.000179,0.860040,-0.010270
20240403,0.990933,-0.003512,0.856420,-0.004208
20240408,0.962450,-0.028743,0.843541,-0.015039
20240409,0.972618,0.010565,0.848049,0.005345
20240410,0.960520,-0.012438,0.838659,-0.011073
20240411,0.962240,0.001791,0.842921,0.005083
20240412,0.955948,-0.006539,0.839665,-0.003864
20240415,0.916497,-0.041269,0.850564,0.012981
20240416,0.861641,-0.059854,0.826993,-0.027713
20240417,0.913935,0.060692,0.850688,0.028653
20240418,0.905040,-0.009733,0.847887,-0.003293
20240419,0.896514,-0.009421,0.844809,-0.003630
20240422,0.902713,0.006915,0.841194,-0.004279
20240423,0.915534,0.014203,0.838699,-0.002967
20240424,0.930249,0.016073,0.846744,0.009592
20240425,0.936139,0.006332,0.842057,-0.005534
20240426,0.947661,0.012308,0.859694,0.020945
20240429,0.974491,0.028312,0.870538,0.012613
20240430,0.977993,0.003594,0.867047,-0.004009
20240506,1.000952,0.023476,0.878004,0.012637
20240507,1.018524,0.017555,0.880541,0.002889
20240508,1.001849,-0.016372,0.871873,-0.009844
20240509,1.018143,0.016265,0.889564,0.020291
20240510,0.999565,-0.018248,0.892475,0.003272
20240513,0.974058,-0.025518,0.887559,-0.005508
20240514,0.973648,-0.000421,0.890056,0.002813
20240515,0.965781,-0.008080,0.882583,-0.008396
20240516,0.975017,0.009563,0.878632,-0.004477
20240517,0.995295,0.020798,0.888210,0.010901
20240520,1.002591,0.007330,0.903890,0.017654
20240521,0.991895,-0.010669,0.891671,-0.013519
20240522,1.013530,0.021813,0.894821,0.003533
20240523,0.996032,-0.017265,0.873461,-0.023871
20240524,0.980405,-0.015689,0.873800,0.000389
20240527,0.978395,-0.002051,0.881265,0.008543
20240528,0.977326,-0.001093,0.876674,-0.005210
20240529,0.980874,0.003631,0.880112,0.003922
20240530,0.978114,-0.002814,0.875077,-0.005721
20240531,0.992974,0.015192,0.876749,0.001911
20240603,0.961192,-0.032007,0.858813,-0.020458
20240604,0.937273,-0.024884,0.863233,0.005147
20240605,0.919875,-0.018562,0.855221,-0.009281
20240606,0.882117,-0.041047,0.841857,-0.015627
20240607,0.911906,0.033770,0.851155,0.011045
20240611,0.916933,0.005512,0.856026,0.005723
20240612,0.928869,0.013017,0.858156,0.002488
20240613,0.959616,0.033102,0.850578,-0.008830
20240614,0.952475,-0.007441,0.848062,-0.002958
20240617,0.947983,-0.004717,0.851487,0.004038
20240618,0.964983,0.017933,0.857626,0.007210
20240619,0.966351,0.001417,0.849588,-0.009373
20240620,0.975711,0.009687,0.842543,-0.008293
20240621,0.967329,-0.008591,0.840912,-0.001935
20240624,0.918420,-0.050562,0.819913,-0.024972
20240625,0.914969,-0.003757,0.814245,-0.006912
20240626,0.942942,0.030572,0.829391,0.018601
20240627,0.922614,-0.021558,0.814432,-0.018036
20240628,0.923829,0.001317,0.813402,-0.001265
20240701,0.921394,-0.002635,0.815609,0.002713
20240702,0.925751,0.004728,0.809988,-0.006892
20240703,0.915119,-0.011484,0.806765,-0.003979
20240704,0.883989,-0.034018,0.786683,-0.024892
20240705,0.897027,0.014748,0.791250,0.005805
20240708,0.874391,-0.025234,0.771921,-0.024427
20240709,0.886340,0.013666,0.786648,0.019077
20240710,0.880697,-0.006367,0.789911,0.004149
20240711,0.912125,0.035686,0.815364,0.032222
20240712,0.906431,-0.006243,0.821352,0.007345
20240715,0.890395,-0.017691,0.813359,-0.009732
20240716,0.889178,-0.001367,0.823754,0.012780
20240717,0.877413,-0.013231,0.821328,-0.002945
20240718,0.873309,-0.004678,0.825802,0.005447
20240719,0.883475,0.011640,0.828299,0.003023
20240722,0.888540,0.005733,0.826095,-0.002660
20240723,0.873918,-0.016456,0.808448,-0.021362
20240724,0.858213,-0.017971,0.795767,-0.015686
20240725,0.868822,0.012361,0.801329,0.006989
20240726,0.883120,0.016457,0.815155,0.017254
20240729,0.879187,-0.004453,0.813274,-0.002307
20240730,0.885152,0.006784,0.820920,0.009401
20240731,0.914011,0.032604,0.855220,0.041783
20240801,0.912472,-0.001684,0.850872,-0.005085
20240802,0.896393,-0.017621,0.836101,-0.017360
20240805,0.869835,-0.029628,0.815101,-0.025117
20240806,0.883763,0.016012,0.823773,0.010639
20240807,0.886286,0.002854,0.822633,-0.001384
20240808,0.881148,-0.005796,0.820502,-0.002591
20240809,0.878202,-0.003344,0.816417,-0.004978
20240812,0.875891,-0.002631,0.811822,-0.005628
20240813,0.886388,0.011984,0.818085,0.007714
20240814,0.885585,-0.000906,0.807293,-0.013191
20240815,0.886851,0.001430,0.814927,0.009455
20240816,0.884704,-0.002422,0.808925,-0.007365
20240819,0.876947,-0.008768,0.816026,0.008778
20240820,0.862047,-0.016990,0.801590,-0.017690
20240821,0.864074,0.002351,0.799099,-0.003108
20240822,0.851105,-0.015009,0.788990,-0.012650
20240823,0.842181,-0.010485,0.794710,0.007250
20240826,0.856449,0.016942,0.796018,0.001645
20240827,0.846501,-0.011615,0.786654,-0.011763
20240828,0.855543,0.010681,0.788232,0.002006
20240829,0.871931,0.019155,0.802824,0.018512
20240830,0.887424,0.017768,0.813917,0.013819
20240902,0.871161,-0.018326,0.789881,-0.029532
20240903,0.881155,0.011472,0.798500,0.010912
20240904,0.875588,-0.006318,0.797834,-0.000834
20240905,0.880173,0.005237,0.807411,0.012004
20240906,0.860760,-0.022056,0.796978,-0.012921
20240909,0.857831,-0.003402,0.790995,-0.007508
20240910,0.863863,0.007032,0.795178,0.005289
20240911,0.861069,-0.003235,0.791944,-0.004067
20240912,0.857344,-0.004326,0.791416,-0.000667
20240913,0.837444,-0.023212,0.786946,-0.005648
20240918,0.828566,-0.010601,0.785730,-0.001546
20240919,0.849028,0.024695,0.800015,0.018181
20240920,0.843713,-0.006260,0.798998,-0.001271
20240923,0.851965,0.009781,0.804231,0.006550
20240924,0.880090,0.033011,0.830748,0.032971
20240925,0.892265,0.013834,0.843671,0.015557
20240926,0.923878,0.035430,0.877502,0.040099
20240927,0.984088,0.065171,0.923261,0.052147
20240930,1.104792,0.122656,1.006835,0.090521
20241008,1.222858,0.106867,1.056202,0.049032
20241009,1.121217,-0.083118,0.986991,-0.065528
20241010,1.116608,-0.004111,0.989325,0.002364
20241011,1.078972,-0.033705,0.951605,-0.038127
20241014,1.100531,0.019981,0.968307,0.017551
20241015,1.089424,-0.010093,0.943273,-0.025853
20241016,1.093153,0.003422,0.947579,0.004564
20241017,1.084834,-0.007610,0.939218,-0.008824
20241018,1.108326,0.021655,0.967060,0.029644
20241021,1.118984,0.009616,0.978628,0.011962
20241022,1.133131,0.012643,0.993752,0.015455
20241023,1.143476,0.009129,0.999544,0.005828
20241024,1.151957,0.007417,0.997570,-0.001975
20241025,1.172755,0.018055,1.014161,0.016631
20241028,1.212797,0.034144,1.034343,0.019900
20241029,1.175885,-0.030436,1.032457,-0.001823
20241030,1.170255,-0.004788,1.043497,0.010692
20241031,1.192426,0.018945,1.057371,0.013296
20241101,1.149395,-0.036087,1.037668,-0.018634
20241104,1.177475,0.024430,1.060376,0.021884
20241105,1.202252,0.021042,1.091030,0.028909
20241106,1.207458,0.004331,1.089131,-0.001740
20241107,1.231085,0.019567,1.100835,0.010746
20241108,1.235743,0.003783,1.100186,-0.000590
20241111,1.271181,0.028678,1.130226,0.027304
20241112,1.260227,-0.008617,1.111648,-0.016437
20241113,1.271556,0.008989,1.114381,0.002459
20241114,1.238679,-0.025855,1.081610,-0.029407
20241115,1.225478,-0.010657,1.065923,-0.014504
20241118,1.194783,-0.025048,1.048811,-0.016053
20241119,1.231299,0.030562,1.066464,0.016831
20241120,1.262412,0.025269,1.074278,0.007327
20241121,1.274026,0.009199,1.070354,-0.003653
20241122,1.231512,-0.033370,1.033859,-0.034097
20241125,1.263308,0.025818,1.026390,-0.007224
20241126,1.265051,0.001380,1.016807,-0.009336
20241127,1.294610,0.023366,1.038589,0.021422
20241128,1.308473,0.010708,1.029921,-0.008346
20241129,1.312847,0.003343,1.041696,0.011433
20241202,1.324330,0.008747,1.049901,0.007876
20241203,1.336961,0.009538,1.044780,-0.004877
20241204,1.305125,-0.023813,1.034606,-0.009738
20241205,1.329056,0.018337,1.041937,0.007086
20241206,1.340172,0.008364,1.061090,0.018382
20241209,1.346564,0.004769,1.053301,-0.007341
20241210,1.357673,0.008250,1.064061,0.010215
20241211,1.374478,0.012378,1.073136,0.008529
20241212,1.384642,0.007395,1.079553,0.005980
20241213,1.362116,-0.016268,1.070136,-0.008724
20241216,1.351753,-0.007608,1.059673,-0.009777
20241217,1.279814,-0.053219,1.048895,-0.010170
20241218,1.282188,0.001855,1.061756,0.012261
20241219,1.280062,-0.001658,1.072857,0.010455
20241220,1.302307,0.017378,1.076184,0.003102
20241223,1.231918,-0.054049,1.057322,-0.017527
20241224,1.242632,0.008697,1.069750,0.011754
20241225,1.203867,-0.031196,1.063576,-0.005772
20241226,1.226528,0.018823,1.076548,0.012197
20241227,1.237856,0.009236,1.079353,0.002605
20241230,1.223924,-0.011255,1.083071,0.003444
20241231,1.196108,-0.022727,1.059703,-0.021575
20250102,1.172833,-0.019459,1.024174,-0.033527
20250103,1.120317,-0.044777,0.994329,-0.029141
20250106,1.114945,-0.004795,0.992361,-0.001979
20250107,1.152983,0.034116,0.999062,0.006753
20250108,1.145832,-0.006202,0.994377,-0.004689
20250109,1.152880,0.006151,0.996472,0.002107
20250110,1.116202,-0.031815,0.975214,-0.021333
20250113,1.129848,0.012226,0.975135,-0.000081
20250114,1.186605,0.050234,1.008475,0.034189
20250115,1.186430,-0.000148,0.999943,-0.008460
20250116,1.196585,0.008560,1.006804,0.006862
20250117,1.202255,0.004738,1.012524,0.005681
20250120,1.213173,0.009081,1.018986,0.006382
20250121,1.206906,-0.005166,1.024559,0.005470
20250122,1.198773,-0.006739,1.021520,-0.002967
20250123,1.202100,0.002776,1.017285,-0.004145
20250124,1.223218,0.017567,1.032995,0.015442
20250127,1.217284,-0.004851,1.025235,-0.007511
20250205,1.237592,0.016683,1.039580,0.013992
20250206,1.266274,0.023176,1.063349,0.022863
20250207,1.279669,0.010578,1.088956,0.024082
20250210,1.314891,0.027524,1.105642,0.015322
20250211,1.312174,-0.002066,1.102384,-0.002947
20250212,1.323875,0.008917,1.125251,0.020743
20250213,1.309802,-0.010630,1.115858,-0.008347
20250214,1.319835,0.007660,1.143860,0.025095
20250217,1.331744,0.009023,1.148616,0.004157
20250218,1.308160,-0.017709,1.116815,-0.027686
20250219,1.341501,0.025487,1.130500,0.012253
20250220,1.361564,0.014956,1.131602,0.000975
20250221,1.373733,0.008937,1.149047,0.015416
20250224,1.394633,0.015214,1.141993,-0.006139
20250225,1.400401,0.004136,1.129526,-0.010917
20250226,1.416540,0.011525,1.142471,0.011461
20250227,1.403270,-0.009368,1.135959,-0.005701
20250228,1.348652,-0.038922,1.100389,-0.031312
20250303,1.357830,0.006806,1.101529,0.001035
20250304,1.388127,0.022312,1.113175,0.010573
20250305,1.401564,0.009680,1.110022,-0.002832
20250306,1.425570,0.017128,1.124705,0.013227
20250307,1.425542,-0.000019,1.119862,-0.004306
20250310,1.434359,0.006185,1.116614,-0.002901
20250311,1.450578,0.011307,1.120209,0.003220
20250312,1.462462,0.008193,1.120840,0.000563
20250313,1.460909,-0.001062,1.110859,-0.008905
20250314,1.478544,0.012071,1.131253,0.018359
20250317,1.481421,0.001946,1.133052,0.001590
20250318,1.497278,0.010704,1.139525,0.005713
20250319,1.507601,0.006894,1.133216,-0.005536
20250320,1.506943,-0.000436,1.129281,-0.003473
20250321,1.477597,-0.019474,1.120903,-0.007419
20250324,1.430294,-0.032013,1.121008,0.000094
20250325,1.426859,-0.002401,1.119929,-0.000962
20250326,1.447107,0.014191,1.121003,0.000959
20250327,1.429638,-0.012072,1.124385,0.003017
20250328,1.416535,-0.009165,1.117616,-0.006020
20250331,1.418202,0.001177,1.105874,-0.010506
20250401,1.432307,0.009945,1.112642,0.006120
20250402,1.438362,0.004227,1.110412,-0.002004
20250403,1.434835,-0.002452,1.095858,-0.013107
20250407,1.200795,-0.163113,0.987312,-0.099051
20250408,1.237208,0.030324,0.995349,0.008141
20250409,1.281315,0.035650,1.014217,0.018956
20250410,1.319374,0.029703,1.033052,0.018571
20250411,1.328190,0.006682,1.032552,-0.000484
20250414,1.350227,0.016592,1.041368,0.008539
20250415,1.359102,0.006573,1.036219,-0.004944
20250416,1.338058,-0.015484,1.030454,-0.005564
20250417,1.352115,0.010505,1.030382,-0.000070
20250418,1.349727,-0.001766,1.029328,-0.001023
20250421,1.370041,0.015050,1.040711,0.011059
20250422,1.379656,0.007018,1.038182,-0.002430
20250423,1.394031,0.010419,1.044973,0.006541
20250424,1.395469,0.001032,1.037992,-0.006681
20250425,1.397034,0.001121,1.043638,0.005439
20250428,1.380543,-0.011805,1.034792,-0.008476
20250429,1.410408,0.021633,1.036087,0.001252
20250430,1.439569,0.020676,1.038754,0.002573
20250506,1.472478,0.022860,1.050649,0.011452
20250507,1.484202,0.007962,1.054541,0.003705
20250508,1.500070,0.010691,1.058405,0.003664
20250509,1.484512,-0.010371,1.053753,-0.004396
20250512,1.501175,0.011225,1.064135,0.009853
20250513,1.501954,0.000519,1.063995,-0.000132
20250514,1.492671,-0.006181,1.068535,0.004267
20250515,1.492982,0.000208,1.060298,-0.007708
20250516,1.507597,0.009789,1.054460,-0.005505
20250519,1.515196,0.005040,1.061412,0.006592
20250520,1.532590,0.011480,1.066967,0.005234
20250521,1.524449,-0.005312,1.068599,0.001529
20250522,1.505607,-0.012360,1.061111,-0.007007
20250523,1.492737,-0.008548,1.052385,-0.008223
20250526,1.513566,0.013954,1.057776,0.005122
20250527,1.540298,0.017661,1.062935,0.004877
20250528,1.548470,0.005305,1.068281,0.005030
20250529,1.577753,0.018911,1.080946,0.011855
20250530,1.541846,-0.022759,1.081292,0.000321
20250603,1.546558,0.003057,1.084672,0.003126
20250604,1.556782,0.006611,1.091386,0.006189
20250605,1.565431,0.005555,1.091064,-0.000295
20250606,1.584885,0.012427,1.094221,0.002893
20250609,1.603611,0.011815,1.101756,0.006886
20250610,1.589596,-0.008739,1.093339,-0.007639
20250611,1.599981,0.006533,1.097724,0.004010
20250612,1.629598,0.018510,1.098443,0.000655
20250613,1.615469,-0.008670,1.086952,-0.010461
20250616,1.647429,0.019784,1.085808,-0.001052
20250617,1.633337,-0.008554,1.091390,0.005141
20250618,1.623982,-0.005728,1.089098,-0.002100
20250619,1.604032,-0.012285,1.078138,-0.010064
20250620,1.574038,-0.018699,1.076764,-0.001274
20250623,1.610164,0.022951,1.084232,0.006936
20250624,1.655511,0.028163,1.092719,0.007827
20250625,1.671222,0.009490,1.100357,0.006990
20250626,1.666000,-0.003125,1.099763,-0.000539
20250627,1.671689,0.003415,1.103386,0.003294
20250630,1.687030,0.009177,1.110920,0.006828
20250701,1.694893,0.004661,1.109178,-0.001568
20250702,1.686198,-0.005130,1.110298,0.001010
20250703,1.696905,0.006349,1.110567,0.000242
20250704,1.680128,-0.009887,1.107656,-0.002621
20250707,1.701115,0.012491,1.107725,0.000062
20250708,1.721874,0.012203,1.112957,0.004723
20250709,1.724093,0.001289,1.111570,-0.001245
20250710,1.719503,-0.002662,1.117503,0.005337
20250711,1.717363,-0.001244,1.125474,0.007133
20250714,1.738067,0.012055,1.123756,-0.001527
20250715,1.723819,-0.008198,1.121471,-0.002033
20250716,1.739155,0.008896,1.122691,0.001088
20250717,1.752992,0.007956,1.131348,0.007710
20250718,1.784211,0.017809,1.135178,0.003385
20250721,1.803457,0.010787,1.146570,0.010036
20250722,1.798131,-0.002953,1.156076,0.008291
20250723,1.786923,-0.006234,1.148731,-0.006354
20250724,1.799007,0.006763,1.162886,0.012323
20250725,1.816460,0.009701,1.158284,-0.003958
20250728,1.834343,0.009845,1.152907,-0.004642
20250729,1.833677,-0.000363,1.151917,-0.000859
20250730,1.824855,-0.004811,1.149083,-0.002460
20250731,1.818289,-0.003598,1.132384,-0.014532
20250801,1.848418,0.016570,1.133713,0.001173
20250804,1.872173,0.012852,1.139896,0.005454
20250805,1.898469,0.014046,1.150262,0.009094
20250806,1.912634,0.007461,1.160975,0.009313
20250807,1.909961,-0.001397,1.154346,-0.005709
20250808,1.930783,0.010902,1.155055,0.000614
20250811,1.963908,0.017157,1.167507,0.010781
20250812,1.946361,-0.008935,1.171907,0.003769
20250813,1.936701,-0.004963,1.183795,0.010144
20250814,1.879710,-0.029427,1.173793,-0.008449
20250815,1.893690,0.007437,1.199872,0.022217
20250818,1.907704,0.007400,1.211530,0.009716
20250819,1.930533,0.011966,1.203035,-0.007012
20250820,1.944330,0.007147,1.219245,0.013474
20250821,1.939045,-0.002718,1.214164,-0.004168
20250822,1.933872,-0.002668,1.224737,0.008708
20250825,1.931684,-0.001131,1.239583,0.012122
20250826,1.953902,0.011502,1.246779,0.005805
20250827,1.872991,-0.041410,1.228234,-0.014875
20250828,1.860246,-0.006805,1.242702,0.011780
20250829,1.835783,-0.013150,1.244051,0.001085
20250901,1.855769,0.010887,1.237175,-0.005527
20250902,1.824407,-0.016900,1.224944,-0.009886
20250903,1.781356,-0.023597,1.208766,-0.013207
20250904,1.790575,0.005175,1.196525,-0.010127
20250905,1.823981,0.018657,1.212668,0.013491
20250908,1.854272,0.016607,1.230496,0.014702
20250909,1.841555,-0.006858,1.224683,-0.004724
20250910,1.839703,-0.001005,1.217331,-0.006003
20250911,1.864555,0.013508,1.228828,0.009445
20250912,1.857024,-0.004039,1.222740,-0.004955
20250915,1.860295,0.001761,1.217978,-0.003894
20250916,1.893471,0.017834,1.216010,-0.001616
20250917,1.892618,-0.000451,1.224574,0.007043
20250918,1.848517,-0.023302,1.213635,-0.008933
20250919,1.849504,0.000534,1.216660,0.002492
20250922,1.838464,-0.005969,1.210740,-0.004866
20250923,1.806462,-0.017407,1.204548,-0.005114
20250924,1.852850,0.025679,1.222134,0.014600
20250925,1.837172,-0.008462,1.219199,-0.002402
20250926,1.842899,0.003117,1.213943,-0.004310
20250929,1.869754,0.014572,1.222169,0.006776
20250930,1.877414,0.004097,1.229839,0.006276
20251009,1.871144,-0.003340,1.248997,0.015577
20251010,1.877884,0.003602,1.244415,-0.003668
20251013,1.882352,0.002379,1.237327,-0.005696
20251014,1.875904,-0.003425,1.230900,-0.005195
20251015,1.887459,0.006160,1.237503,0.005364
20251016,1.875694,-0.006233,1.231431,-0.004906
20251017,1.846238,-0.015704,1.209745,-0.017610
20251020,1.875287,0.015734,1.212090,0.001938
20251021,1.904641,0.015653,1.222447,0.008545
20251022,1.907095,0.001288,1.220337,-0.001726
20251023,1.925244,0.009517,1.224259,0.003214
20251024,1.927169,0.001000,1.225828,0.001282
20251027,1.934942,0.004034,1.238026,0.009951
20251028,1.943608,0.004479,1.236071,-0.001579
20251029,1.924040,-0.010068,1.244659,0.006948
20251030,1.900874,-0.012040,1.237855,-0.005467
20251031,1.922763,0.011515,1.236891,-0.000779
20251103,1.918345,-0.002298,1.236280,-0.000494
20251104,1.903349,-0.007817,1.227181,-0.007360
20251105,1.932003,0.015054,1.230173,0.002438
20251106,1.937150,0.002664,1.237755,0.006163
20251107,1.927231,-0.005120,1.237498,-0.000207
20251110,1.936309,0.004711,1.240319,0.002280
20251111,1.934168,-0.001106,1.236570,-0.003023
20251112,1.923194,-0.005674,1.231886,-0.003788
20251113,1.945398,0.011545,1.234377,0.002022
20251114,1.952167,0.003479,1.227954,-0.005204
20251117,1.943166,-0.004611,1.229613,0.001351
20251118,1.941796,-0.000705,1.219543,-0.008189
20251119,1.903851,-0.019542,1.217495,-0.001680
20251120,1.885767,-0.009498,1.211960,-0.004546
20251121,1.811900,-0.039171,1.193158,-0.015513
20251124,1.842191,0.016718,1.197899,0.003974
20251125,1.865097,0.012434,1.203857,0.004974
20251126,1.842399,-0.012170,1.198592,-0.004374
20251127,1.852603,0.005539,1.192702,-0.004914
20251128,1.884215,0.017063,1.198543,0.004897
20251201,1.884087,-0.000068,1.206812,0.006899
20251202,1.870765,-0.007071,1.199090,-0.006398
20251203,1.855161,-0.008341,1.199888,0.000665
20251204,1.829691,-0.013729,1.196904,-0.002486
20251205,1.859216,0.016136,1.207617,0.008950
20251208,1.875192,0.008593,1.213673,0.005015
20251209,1.867190,-0.004267,1.214750,0.000887
20251210,1.857014,-0.005450,1.231428,0.013730
20251211,1.819821,-0.020028,1.224307,-0.005783
20251212,1.812465,-0.004042,1.227715,0.002784
20251215,1.800214,-0.006760,1.219531,-0.006667
20251216,1.772113,-0.015610,1.213424,-0.005008
20251217,1.777817,0.003219,1.228173,0.012155
20251218,1.794536,0.009404,1.227771,-0.000328
20251219,1.822564,0.015619,1.234471,0.005457
20251222,1.841322,0.010292,1.237714,0.002627
20251223,1.830254,-0.006011,1.230345,-0.005954
20251224,1.852090,0.011930,1.240202,0.008012
20251225,1.878522,0.014271,1.238431,-0.001428
20251226,1.869509,-0.004798,1.241123,0.002173
20251229,1.881202,0.006254,1.235767,-0.004316
20251230,1.883062,0.000989,1.230806,-0.004015
20251231,1.888134,0.002693,1.228785,-0.001642
