trade_date,nav_a0_raw,nav_a1_filtered,nav_diff
20221230,1.0,1.0,0.0
20230103,1.0000826446280993,1.0000826446280993,0.0
20230104,1.000165296086333,1.000165296086333,0.0
20230105,1.0002479543752658,1.0002479543752658,0.0
20230106,1.000330619495462,1.000330619495462,0.0
20230109,1.0004132914474864,1.0004132914474864,0.0
20230110,1.0004959702319034,1.0004959702319034,0.0
20230111,1.000578655849278,1.000578655849278,0.0
20230112,1.0006613483001747,1.0006613483001747,0.0
20230113,1.0007440475851581,1.0007440475851581,0.0
20230116,1.0008267537047932,1.0008267537047932,0.0
20230117,1.000909466659645,1.000909466659645,0.0
20230118,1.000992186450278,1.000992186450278,0.0
20230119,1.0010749130772574,1.0010749130772574,0.0
20230120,1.001157646541148,1.001157646541148,0.0
20230130,1.001240386842515,1.001240386842515,0.0
20230131,1.0013231339819235,1.0013231339819235,0.0
20230201,1.0038109345702693,1.0038109345702693,0.0
20230202,1.0124207194332318,1.0124207194332318,0.0
20230203,1.010757144924695,1.010757144924695,0.0
20230206,1.0083152390826902,1.0083152390826902,0.0
20230207,1.0090214302074452,1.0090214302074452,0.0
20230208,1.008141845952992,1.008141845952992,0.0
20230209,1.0115986295014932,1.0115986295014932,0.0
20230210,1.0151885990351108,1.0151885990351108,0.0
20230213,1.018853575613506,1.018853575613506,0.0
20230214,1.018727671130536,1.018727671130536,0.0
20230215,1.018492890573342,1.018492890573342,0.0
20230216,1.0128180574807149,1.0128180574807149,0.0
20230217,1.012527767364541,1.012527767364541,0.0
20230220,1.012611447345315,1.012611447345315,0.0
20230221,1.0126951342417896,1.0126951342417896,0.0
20230222,1.012778828054537,1.012778828054537,0.0
20230223,1.0128625287841282,1.0128625287841282,0.0
20230224,1.012946236431135,1.012946236431135,0.0
20230227,1.01274443741803,1.01274443741803,0.0
20230228,1.012800848505044,1.012800848505044,0.0
20230301,1.0128845510545073,1.0128845510545073,0.0
20230302,1.0129682605215364,1.0129682605215364,0.0
20230303,1.0130246034021582,1.0130246034021582,0.0
20230306,1.0131460971106676,1.0131460971106676,0.0
20230307,1.0132298281930734,1.0132298281930734,0.0
20230308,1.0133135661954036,1.0133135661954036,0.0
20230309,1.0126100893326926,1.0126100893326926,0.0
20230310,1.0092773114253495,1.0092773114253495,0.0
20230313,1.0094918525254675,1.0094918525254675,0.0
20230314,1.0062182171789442,1.0062182171789442,0.0
20230315,1.006897769022588,1.006897769022588,0.0
20230316,1.0015492984485779,1.0015492984485779,0.0
20230317,1.0026922972244825,1.0026922972244825,0.0
20230320,1.0017535485992721,1.0017535485992721,0.0
20230321,1.009026056931613,1.009026056931613,0.0
20230322,1.0102613083726444,1.0102613083726444,0.0
20230323,1.0106821268645834,1.0106821268645834,0.0
20230324,1.0146046363699965,1.0146046363699965,0.0
20230327,1.013999648795955,1.013999648795955,0.0
20230328,1.0136761683061863,1.0136761683061863,0.0
20230329,1.0137437714051825,1.0137437714051825,0.0
20230330,1.0138275518821582,1.0138275518821582,0.0
20230331,1.0139113392831403,1.0139113392831403,0.0
20230403,1.0139951336087007,1.0139951336087007,0.0
20230404,1.0140789348594124,1.0140789348594124,0.0
20230406,1.0142005505478306,1.0140230176738634,-0.0001775328739672677
20230407,1.016854437685291,1.0167326444009814,-0.00012179328430961256
20230410,1.0131716402236794,1.012622363639399,-0.0005492765842805003
20230411,1.0129929400431195,1.0125147289553267,-0.0004782110877927792
20230412,1.0129769497736645,1.012510539688224,-0.0004664100854405717
20230413,1.0130606668769515,1.012594218245223,-0.00046644863172851103
20230414,1.0131443908990074,1.012677903717805,-0.00046648718120234633
20230417,1.0132281218404042,1.0127615961065424,-0.0004665257338618556
20230418,1.0133118597017132,1.0128452954120055,-0.0004665642897077049
20230419,1.0133956044835069,1.012929001634767,-0.0004666028487398943
20230420,1.0134793561863567,1.013012714775398,-0.00046664141095864586
20230421,1.0135631148108348,1.0130964348344702,-0.00046667997636462566
20230424,1.0136468803575136,1.0131801618125555,-0.00046671854495805576
20230425,1.0137306528269645,1.013263895710226,-0.00046675711673849207
20230426,1.0138144322197602,1.0133476365280532,-0.0004667956917070448
20230427,1.0138982185364727,1.0134313842666092,-0.00046683426986349197
20230428,1.0139820117776739,1.013515138926466,-0.0004668728512078335
20230504,1.0140658119439365,1.0135989005081956,-0.0004669114357409576
20230505,1.0141496190358328,1.0136826690123697,-0.00046695002346308634
20230508,1.0140701629956703,1.0136450416858418,-0.0004251213098285245
20230509,1.012664582120937,1.0119334386090089,-0.0007311435119281562
20230510,1.0124404579715254,1.0118337229567151,-0.0006067350148102335
20230511,1.012524130736647,1.0119173455784471,-0.0006067851581998962
20230512,1.0126078104168732,1.0120009751111396,-0.0006068353057335774
20230515,1.0126914970127754,1.0120846115553637,-0.0006068854574117211
20230516,1.0127751905249252,1.0121682549116906,-0.0006069356132345494
20230517,1.012858890953894,1.0122519051806917,-0.0006069857732022843
20230518,1.0129425983002538,1.012335562362938,-0.0006070359373158141
20230519,1.013026312564576,1.012419226459001,-0.0006070861055749166
20230522,1.0131100337474328,1.012502897469452,-0.0006071362779807021
20230523,1.0131937618493954,1.0125865753948629,-0.0006071864545325045
20230524,1.0132774968710359,1.0126702602358046,-0.000607236635231212
20230525,1.0129758080207771,1.0120279156577245,-0.0009478923630525937
20230526,1.013785876885602,1.015571963540086,0.001786086654483876
20230529,1.010172171237899,1.012448759069379,0.0022765878314798815
20230530,1.0129290016577608,1.0170766174942458,0.004147615836485041
20230531,1.0118310376629696,1.018537251547833,0.006706213884863477
20230601,1.0123554621651427,1.019796345368622,0.007440883203479354
20230602,1.0187057574037515,1.0261710096218082,0.007465252218056717
20230605,1.019051041270066,1.0265313083804546,0.007480267110388628
20230606,1.0174798123992468,1.0249439747109745,0.007464162311727751
20230607,1.0171781356701817,1.0246410328811237,0.0074628972109420655
20230608,1.0178183926764355,1.0252780176197918,0.00745962494335628
20230609,1.0175587434827424,1.0250193857504741,0.0074606422677316875
20230612,1.0190144445946003,1.0264738532526396,0.00745940865803929
20230613,1.0199072397873918,1.027372347354749,0.007465107567357077
20230614,1.0191152041843694,1.0266260680375883,0.007510863853218863
20230615,1.019508027792529,1.027002014782505,0.007493986989975943
20230616,1.0206275601854722,1.028120406780534,0.007492846595061886
20230619,1.0202833841582146,1.0277730960502154,0.007489711892000761
20230620,1.0198207047709544,1.02729834459369,0.007477639822735638
20230621,1.0195231839426486,1.0269955017446333,0.0074723178019846515
20230626,1.0194295753960925,1.0269016884043194,0.007472113008226922
20230627,1.0195137528966889,1.0269864834349165,0.007472730538227612
20230628,1.019597937354103,1.0270712854733672,0.007473348119264145
20230629,1.0196821287689108,1.0271560945202507,0.0074739657513398505
20230630,1.0197663271416866,1.0272409105761466,0.007474583434460058
20230703,1.0204100380585428,1.027892048534609,0.007482010476066225
20230704,1.0211392154846781,1.028625760311723,0.007486544827044916
20230705,1.0203730908590611,1.0278408685648295,0.0074677777057683414
20230706,1.0203709657057136,1.0278365630792863,0.007465597373572663
20230707,1.0204552938846976,1.0279215082497886,0.007466214365090984
20230710,1.0205396290329525,1.0280064604405532,0.007466831407600738
20230711,1.020907951657666,1.028381802967036,0.00747385130936995
20230712,1.0203433327430773,1.027813224002593,0.007469891259515693
20230713,1.0208072440170082,1.0282732134626535,0.007465969445645371
20230714,1.0210721706487451,1.028530511962639,0.007458341313893779
20230717,1.0210284671842607,1.0284764531394353,0.007447985955174596
20230718,1.0214074598145686,1.0288579311548336,0.007450471340264997
20230719,1.0213782692662055,1.028827162075665,0.007448892809459595
20230720,1.0214626806934175,1.028912189113853,0.007449508420435569
20230721,1.0215470990967808,1.0289972231790692,0.007450124082288401
20230724,1.0216315244768714,1.029082264271894,0.007450739795022532
20230725,1.0217159568342662,1.029167312392908,0.007451355558641737
20230726,1.0218003961695417,1.0292523675426926,0.007451971373150901
20230727,1.0216565515055889,1.0291091387441424,0.007452587238553576
20230728,1.0239282962507548,1.0313912849208984,0.007462988670143611
20230731,1.0242232417137433,1.0316876149505314,0.007464373236788058
20230801,1.0243078882626455,1.0317728783897835,0.0074649901271379715
20230802,1.02439254180713,1.0318581488756007,0.007465607068470659
20230803,1.0244772023477753,1.0319434264085658,0.0074662240607905606
20230804,1.0245618698851593,1.0320287109892607,0.0074668411041014515
20230807,1.0246465444198605,1.032114002618268,0.0074674581984075505
20230808,1.0247312259524572,1.0321993012961705,0.0074680753437132985
20230809,1.0248159144835276,1.0322846070235505,0.007468692540022914
20230810,1.0249006100136502,1.0323699198009904,0.007469309787340173
20230811,1.0249853125434032,1.032455239629073,0.007469927085669736
20230814,1.0250700220733655,1.032540566508381,0.0074705444350156025
20230815,1.0251547386041153,1.0326259004394975,0.007471161835382212
20230816,1.0252394621362313,1.0327112414230049,0.007471779286773561
20230817,1.025324192670292,1.0327965894594862,0.007472396789194091
20230818,1.0254089302068765,1.0328819445495239,0.007473014342647355
20230821,1.025493674746563,1.0329673066937015,0.007473631947138459
20230822,1.025476462599848,1.032947691009131,0.007471228409283048
20230823,1.024309799825307,1.0317528829191318,0.007443083093824798
20230824,1.0247670870739776,1.0322179339838358,0.0074508469098582
20230825,1.024363532312091,1.0318089454035873,0.007445413091496267
20230828,1.0244481904552571,1.0318942188701494,0.007446028414892281
20230829,1.0245328555949642,1.0319794993841058,0.007446643789141616
20230830,1.0246175277317902,1.0320647869460384,0.00744725921424827
20230831,1.0237342877018503,1.0311733438255375,0.007439056123687227
20230901,1.0237305791251767,1.0318999438005336,0.008169364675356894
20230904,1.023984425307449,1.0325513833919073,0.008566958084458287
20230905,1.0238496168549953,1.0323450556872291,0.008495438832233804
20230906,1.0237601158644656,1.0321947448976923,0.00843462903322667
20230907,1.0234268322434628,1.0321760373307423,0.008749205087279499
20230908,1.0238603695598016,1.0325589619307842,0.008698592370982583
20230911,1.0246533085084504,1.0331098604926265,0.008456551984176164
20230912,1.0244444863455173,1.032877523853712,0.008433037508194685
20230913,1.0245291511790997,1.0329628856325428,0.008433734453443087
20230914,1.0246138230097754,1.0330482544660664,0.00843443145629097
20230915,1.0246985018381236,1.0331336303548653,0.008435128516741663
20230918,1.0249136680271178,1.0334343765305143,0.008520708503396479
20230919,1.023778528900058,1.0323122469709483,0.008533718070890206
20230920,1.0239249308348277,1.0321541453768213,0.008229214541993546
20230921,1.023882028100674,1.032093194831773,0.008211166731099118
20230922,1.0239666464501038,1.0321784917900236,0.00821184533991981
20230925,1.0240512717927854,1.0322637957976095,0.008212524004824084
20230926,1.0239984251929337,1.0324848037232954,0.008486378530361716
20230927,1.02367206280636,1.0323046832853233,0.008632620478963293
20230928,1.0266871951049015,1.034564190678044,0.007876995573142587
20231009,1.02181886599796,1.0292965804411351,0.007477714443175243
20231010,1.0254761635770056,1.032452839279977,0.006976675702971447
20231011,1.0277693056716664,1.0357047771930654,0.007935471521399062
20231012,1.0285513617224733,1.0361267666783327,0.0075754049558593994
20231013,1.0248394570761847,1.0322911724996588,0.0074517154234741145
20231016,1.02246513952568,1.029544503175072,0.00707936364939199
20231017,1.0221073105846192,1.030017821131458,0.007910510546838667
20231018,1.0167835942094985,1.0249854761503345,0.008201881940836042
20231019,1.0168817405997037,1.0250341371588818,0.008152396559178099
20231020,1.0099259510408498,1.018332469843583,0.008406518802733132
20231023,1.003575296573994,1.0123605963061546,0.00878529973216069
20231024,1.0080489967394506,1.0170551112370665,0.009006114497615902
20231025,1.0119795326038314,1.0206394136183854,0.00865988101455395
20231026,1.0119550699308313,1.0206336311321709,0.008678561201339585
20231027,1.0169439489596386,1.02654228865116,0.009598339691521351
20231030,1.0266489983597407,1.0369628811045424,0.010313882744801717
20231031,1.0238783436955934,1.0349245069154525,0.011046163219859073
20231101,1.0238305072749372,1.0352855850126812,0.011455077737744013
20231102,1.022912062842744,1.0345145345459281,0.01160247170318418
20231103,1.0236524907928286,1.0361876692410448,0.012535178448216167
20231106,1.0308228362278304,1.0434636237441377,0.012640787516307261
20231107,1.0330612796473533,1.0454924861440715,0.01243120649671825
20231108,1.0370045705009678,1.050833561843152,0.013828991342184072
20231109,1.0311862381366594,1.0444339612205018,0.013247723083842367
20231110,1.0270067528194504,1.0421243338996031,0.015117581080152709
20231113,1.032003861743951,1.0475396430477466,0.015535781303795515
20231114,1.032464309073998,1.0475901222686976,0.015125813194699633
20231115,1.0318505165085197,1.0475368586012292,0.015686342092709582
20231116,1.0284864801441436,1.0461437658530295,0.017657285708885917
20231117,1.031751790897574,1.051545424841943,0.01979363394436895
20231120,1.0348784687690982,1.0579175419319,0.02303907316280185
20231121,1.0348865137590038,1.0586660262141032,0.02377951245509946
20231122,1.030944212171298,1.0588763265256234,0.02793211435432541
20231123,1.0375916673511545,1.067873641474247,0.030281974123092414
20231124,1.0293999588812135,1.0573863666640384,0.027986407782824907
20231127,1.0279152309362298,1.0546824630673317,0.02676723213110188
20231128,1.028654332314181,1.054749533173896,0.026095200859715062
20231129,1.0261362239194063,1.0515588731803944,0.02542264926098814
20231130,1.025693294955267,1.051047671264279,0.025354376309011828
20231201,1.0257780629961724,1.0511345347081849,0.025356471712012496
20231204,1.025862838042701,1.0512214053308881,0.025358567288187084
20231205,1.023403101254936,1.0486768857606679,0.02527378450573181
20231206,1.0283479053082702,1.054139412266441,0.025791506958170674
20231207,1.030284815315471,1.0558847003095284,0.02559988499405752
20231208,1.0250235213733478,1.050332343321838,0.025308821948490046
20231211,1.0235260983168502,1.0487574744216241,0.025231376104773995
20231212,1.0236106872505952,1.0488441485930637,0.02523346134246851
20231213,1.0236952831751613,1.0489308299276585,0.025235546752497173
20231214,1.0232432799146791,1.0485243421871557,0.025281062272476618
20231215,1.022709466324552,1.0481810872778698,0.025471620953317897
20231218,1.0186800993383727,1.0438826113738509,0.025202512035478186
20231219,1.0186155159219392,1.0439020589612298,0.025286543039290565
20231220,1.0185948630862902,1.0438229136434125,0.025228050557122295
20231221,1.0186790444799338,1.0439091799999118,0.025230135519977992
20231222,1.0187632328307175,1.0439954534858624,0.025232220655144966
20231225,1.0188474281392157,1.044081734101853,0.025234305962637205
20231226,1.0189316304060043,1.0441680218484728,0.025236391442468475
20231227,1.0190158396316575,1.0442543167263116,0.0252384770946541
20231228,1.020095822789892,1.0453459745648845,0.02525015177499257
20231229,1.0234746486180717,1.0492178892481696,0.02574324063009792
20240102,1.0274394225929762,1.053340458332592,0.025901035739615885
20240103,1.0253940826819585,1.051253341465174,0.025859258783215378
20240104,1.0250765006377023,1.050892190727053,0.025815690089350696
20240105,1.0200074589031947,1.0456692584251597,0.025661799521965012
20240108,1.0186953984664775,1.0443201464702967,0.025624748003819198
20240109,1.01877958816883,1.0444064539204183,0.025626865751588346
20240110,1.0188637848290092,1.044492768503387,0.025628983674377714
20240111,1.01894798844759,1.0445790902197922,0.02563110177220218
20240112,1.018639440338785,1.044267243718158,0.02562780337937287
20240115,1.0185782310889258,1.0442088912364216,0.02563066014749582
20240116,1.0182656647894666,1.0438732727751414,0.025607607985674852
20240117,1.0171140141682244,1.0426890246985112,0.025575010530286768
20240118,1.0163580158959917,1.0418383379918,0.025480322095808194
20240119,1.013310668424278,1.0387125450652253,0.025401876640947174
20240122,0.9991979317026602,1.0241800071087694,0.024982075406109194
20240123,0.9983791709172641,1.0233273142580044,0.024948143340740248
20240124,1.001971260104943,1.0269820833448329,0.02501082323988979
20240125,1.01383845413106,1.0391745235251242,0.025336069394064076
20240126,1.0172605835223854,1.042564886453402,0.02530430293101671
20240129,0.9970324231225638,1.021942148211937,0.02490972508937328
20240130,0.9836978573255644,1.0083277869046519,0.024629929579087495
20240131,0.9786116885502115,1.0031756166746062,0.024563928124394674
20240201,0.9786925655492653,1.0032585237503642,0.02456595820109886
20240202,0.9787734492323685,1.003341437677947,0.024567988445578504
20240205,0.9788543396000737,1.0034243584579203,0.0245700188578466
20240206,0.9789352366529334,1.003507286090851,0.024572049437917576
20240207,0.9790161403914996,1.0035902205773046,0.02457408018580498
20240208,0.9888425795068211,1.0136860669633028,0.024843487456481683
20240219,1.007036045085894,1.0322448258420154,0.02520878075612143
20240220,1.019592789506412,1.0450311475237903,0.02543835801737826
20240221,1.0402813893625322,1.0663529602368464,0.02607157087431422
20240222,1.0709320462950491,1.097808101698136,0.026876055403086907
20240223,1.113881727892301,1.141769320535316,0.027887592643015102
20240226,1.1347904647037343,1.163200962665488,0.028410497961753656
20240227,1.1682968722804192,1.1975919916222821,0.029295119341862907
20240228,1.0711942944111112,1.0981214246944675,0.02692713028335625
20240229,1.0991769394104989,1.1266299405023685,0.027453001091869655
20240301,1.099889029698655,1.1273786639149947,0.027489634216339764
20240304,1.0996903596240992,1.1271348641276397,0.027444504503540523
20240305,1.090967588165466,1.1181604523948478,0.02719286422938194
20240306,1.1015298336999875,1.1290105058602975,0.027480672160310027
20240307,1.1035357489003683,1.131087038171075,0.027551289270706603
20240308,1.106121822739233,1.1337110127549581,0.027589190015725018
20240311,1.1127248814548616,1.1405058832368538,0.027781001781992165
20240312,1.1226170355021643,1.1506739400716817,0.02805690456951737
20240313,1.1217430585298542,1.1497836004383295,0.02804054190847527
20240314,1.1212614236909273,1.149238403289568,0.02797697959864065
20240315,1.1309629786462665,1.1591760357656475,0.028213057119381046
20240318,1.142009138359002,1.1705312062870106,0.028522067928008488
20240319,1.1411285624084155,1.1696136647965836,0.028485102388168038
20240320,1.1560813597612818,1.1851550061328928,0.02907364637161103
20240321,1.1653723994124265,1.194569120658343,0.029196721245916546
20240322,1.1484778397685012,1.1771553941018236,0.02867755433332242
20240325,1.13425398658024,1.1624741417245519,0.028220155144311976
20240326,1.132151383389762,1.1604377101576393,0.028286326767877235
20240327,1.118937060975016,1.1469548192644146,0.028017758289398564
20240328,1.1165707951092438,1.144558654890124,0.027987859780880253
20240329,1.1188098953658643,1.1468715606330893,0.028061665267224978
20240401,1.1226504406180353,1.1507474698806246,0.02809702926258928
20240402,1.1274821785884845,1.156125238555333,0.02864305996684835
20240403,1.1211634021272865,1.1497791428186626,0.028615740691376068
20240408,1.1049238062777251,1.1329964755051465,0.028072669227421354
20240409,1.1109412129731349,1.138966103936668,0.028024890963533222
20240410,1.1091144613869046,1.1370830908891345,0.02796862950222989
20240411,1.1092061237390853,1.1371770646982988,0.027970940959213486
20240412,1.109297793666667,1.1372710462738937,0.027973252607226717
20240415,1.1093894711702759,1.137365035616561,0.02797556444628513
20240416,1.109481156250538,1.1374590327269425,0.027977876476404484
20240417,1.1095728489080794,1.1375530376056802,0.027980188697600772
20240418,1.1096645491435262,1.1376470502534162,0.02798250110988998
20240419,1.1090307426926291,1.1370044972860824,0.027973754593453304
20240422,1.1068834350878927,1.1348580751663995,0.027974640078506807
20240423,1.1068531720882384,1.1348511849518006,0.027998012863562183
20240424,1.106944647557006,1.1349449743059288,0.028000326748922832
20240425,1.1070361305857297,1.1350387714112433,0.028002640825513625
20240426,1.108134067462224,1.1361649700183845,0.028030902556160475
20240429,1.1135106906121652,1.1416324192120757,0.028121728599910467
20240430,1.1111653482592478,1.139431806292852,0.02826645803360406
20240506,1.1177994259327702,1.1456066092492698,0.027807183316499673
20240507,1.1197515227803305,1.1474957142058573,0.027744191425526754
20240508,1.113139149352461,1.1403766403730717,0.027237491020610793
20240509,1.1173375029313708,1.1456860205422237,0.028348517610852886
20240510,1.1169117963388258,1.1413921806566187,0.02448038431779298
20240513,1.1107281181366824,1.1336817666793626,0.022953648542680227
20240514,1.1103803252495632,1.1337760876210863,0.023395762371523077
20240515,1.110472092218592,1.1338697881241955,0.023397695905603477
20240516,1.110563866771668,1.133963496371148,0.023399629599480054
20240517,1.1106556489094177,1.1340572123625836,0.023401563453165908
20240520,1.1100964911250302,1.1338089892375727,0.0237124981125425
20240521,1.1059174463809462,1.129032375784467,0.023114929403520668
20240522,1.1059980901639677,1.1296637911075595,0.023665700943591883
20240523,1.1045527252422682,1.1282945895248937,0.02374186428262548
20240524,1.1046440105914617,1.1283878370116311,0.023743826420169478
20240527,1.1045122384191965,1.1286220841977483,0.024109845778551797
20240528,1.104446602797165,1.1284225593722874,0.023975956575122526
20240529,1.1047060332717762,1.1286607475935726,0.02395471432179641
20240530,1.1047973312910548,1.1287540253413078,0.023956694050252914
20240531,1.1048886368556246,1.1288473107979473,0.02395867394232276
20240603,1.1049799499661084,1.1289406039641292,0.02396065399802083
20240604,1.1050712706231305,1.1290339048404898,0.023962634217359335
20240605,1.1051625988273142,1.1291272134276669,0.023964614600352707
20240606,1.1052539345792836,1.1292205297262972,0.023966595147013603
20240607,1.1053452778796622,1.1293138537370182,0.02396857585735601
20240611,1.1054366287290738,1.1294071854604677,0.02397055673139392
20240612,1.1055279871281423,1.1295005248972827,0.023972537769140434
20240613,1.1027170757254254,1.1265998733282656,0.023882797602840178
20240614,1.1029011307053878,1.1267886473598705,0.023887516654482743
20240617,1.1004220102503748,1.1242628824471805,0.02384087219680575
20240618,1.100436701553175,1.1242806641625591,0.02384396260938404
20240619,1.09982805600413,1.1236591591645562,0.023831103160426137
20240620,1.0927100350018464,1.1163703733839463,0.02366033838209991
20240621,1.0926212944713056,1.1162473345718293,0.023626040100523715
20240624,1.0886124136354243,1.1121363202971508,0.023523906661726546
20240625,1.087780762532569,1.1112919243776784,0.023511161845109374
20240626,1.0877215367185034,1.1112346416348395,0.02351310491633618
20240627,1.087811431060381,1.1113264792085282,0.0235150481481472
20240628,1.0879013328315432,1.1114183243720992,0.023516991540555976
20240701,1.0879912420326037,1.1115101771261795,0.023518935093575832
20240702,1.0880811586641765,1.1116020374713964,0.02352087880721987
20240703,1.0881710827268762,1.1116939054083776,0.02352282268150141
20240704,1.0855872599746217,1.1090724425410559,0.02348518256643417
20240705,1.0863922381478728,1.109874223020905,0.023481984873032324
20240708,1.085941859356096,1.1094100344965487,0.02346817514045263
20240709,1.0860316066172,1.109501721276259,0.023470114659059016
20240710,1.0861213612954328,1.1095934156333893,0.023472054337956516
20240711,1.0862111233914076,1.1096851175685654,0.023473994177157786
20240712,1.0862338543536714,1.1097032776179512,0.02346942326427981
20240715,1.084594162485887,1.108019327701,0.023425165215112953
20240716,1.0851488873635906,1.1085964114284586,0.02344752406486794
20240717,1.085053765181667,1.1084968006182836,0.023443035436616633
20240718,1.085143439046558,1.1085884119241198,0.023444972877561865
20240719,1.085233120322512,1.1086800308011384,0.023446910478626348
20240722,1.085322809010142,1.1087716572499648,0.02344884823982274
20240723,1.0854125051100603,1.108863291271225,0.023450786161164805
20240724,1.0855022086228792,1.1089549328655448,0.023452724242665646
20240725,1.0855919195492116,1.1090465820335504,0.023454662484338806
20240726,1.0856816378896703,1.1091382387758673,0.023456600886196943
20240729,1.0872507484465204,1.1107750049398153,0.023524256493294926
20240730,1.0910563018356485,1.1147881310099834,0.023731829174334917
20240731,1.105830455726259,1.1301098806574374,0.024279424931178406
20240801,1.1039083936265068,1.1285049619724428,0.024596568345935932
20240802,1.091891924222524,1.1162195605793679,0.024327636356843874
20240805,1.0743779587515354,1.0983748812382432,0.023996922486707817
20240806,1.0813300939831378,1.1054750282991272,0.024144934315989408
20240807,1.0804110935458262,1.1045547312170183,0.024143637671192097
20240808,1.0784462104656534,1.102557887956638,0.02411167749098464
20240809,1.0784734992264355,1.1026080381344932,0.024134538908057612
20240812,1.078036707170286,1.1021647836058266,0.02412807643554049
20240813,1.0781258011130272,1.1022558716044717,0.024130070491444444
20240814,1.0782149024189043,1.1023469671310506,0.02413206471214635
20240815,1.0783040110885256,1.1024380701861853,0.024134059097659755
20240816,1.0782609293005994,1.1023724155159533,0.024111486215353972
20240819,1.0774877203980624,1.1016074503927056,0.02411972999464318
20240820,1.0745488660483955,1.0985810638276738,0.02403219777927834
20240821,1.074206242451075,1.0982197955666084,0.024013553115533437
20240822,1.0742950198264842,1.0983105575331842,0.024015537706699952
20240823,1.0743838045388665,1.0984013270007489,0.02401752246188238
20240826,1.0744725965888284,1.0984921039699225,0.02401950738109404
20240827,1.0745613959769762,1.098582888441325,0.024021492464348704
20240828,1.0746502027039164,1.0986736804155763,0.024023477711659913
20240829,1.0753445263516608,1.099381877633793,0.024037351282132136
20240830,1.0763159674470018,1.1003661492765726,0.02405018182957086
20240902,1.073897959906257,1.098001583436317,0.024103623530060014
20240903,1.0738252142079772,1.097778658210305,0.023953444002327906
20240904,1.0728888380799253,1.0969061935990376,0.024017355519112327
20240905,1.0745556497044095,1.0984332805121075,0.023877630807698003
20240906,1.0695748503972098,1.093362502540925,0.023787652143715254
20240909,1.0682968354898046,1.092066442722277,0.023769607232472456
20240910,1.0686860546497623,1.0929549679729906,0.024268913323228336
20240911,1.0643837314207705,1.0882978103833794,0.023914078962608887
20240912,1.0649318463631867,1.088569023489647,0.023637177126460296
20240913,1.0652310506212257,1.0888756098638277,0.023644559242602003
20240918,1.0652792556146657,1.0889149107534855,0.02363565513881971
20240919,1.0662528248619367,1.0898872910616622,0.023634466199725424
20240920,1.0663626531677484,1.0899086001608482,0.023545946993099864
20240923,1.0674403528791294,1.0911862152640166,0.023745862384887184
20240924,1.0819951196048743,1.1064012857111085,0.02440616610623425
20240925,1.08865859138666,1.1129207367927976,0.02426214540613758
20240926,1.116463974254844,1.1401743160581976,0.02371034180335374
20240927,1.144559155142461,1.1687757953559184,0.024216640213457374
20240930,1.2288722902606546,1.2564232932041448,0.02755100294349022
20241008,1.3024089192455373,1.334590921802832,0.03218200255729475
20241009,1.2405884434988181,1.2731731673335593,0.0325847238347412
20241010,1.2431142177323908,1.2756817080317988,0.032567490299407975
20241011,1.2240313945278458,1.256575166779307,0.03254377225146121
20241014,1.2278307097546661,1.2603201882287405,0.03248947847407435
20241015,1.2279321833670425,1.2604243469219827,0.03249216355494022
20241016,1.228033665365668,1.260528514223381,0.03249484885771303
20241017,1.2223834486888383,1.2547000397749701,0.03231659108613183
20241018,1.227308647959579,1.2597523664499328,0.03244371849035388
20241021,1.227376784343708,1.259863858954598,0.032487074610890065
20241022,1.2349102256145406,1.2675850969915516,0.03267487137701108
20241023,1.2381310534245462,1.2708397251903258,0.03270867176577963
20241024,1.2350386084702836,1.2676681570609278,0.032629548590644264
20241025,1.2455152571156116,1.2784002280581301,0.03288497094251852
20241028,1.273769635724389,1.3073982109094349,0.033628575185045806
20241029,1.250554564335681,1.2834489840497805,0.032894419714099454
20241030,1.2615633909904347,1.2946735610399724,0.03311017004953776
20241031,1.285415533569705,1.3191048149030187,0.033689281333313614
20241101,1.2632094310428026,1.2987909756988785,0.03558154465607588
20241104,1.2758221990679075,1.3111533978076888,0.0353311987397813
20241105,1.2997932385155766,1.333757733239138,0.033964494723561334
20241106,1.308595481495469,1.342162203637828,0.03356672214235901
20241107,1.3335857174442027,1.3660778125366637,0.03249209509246098
20241108,1.3371264938912866,1.3705464067362723,0.03341991284498569
20241111,1.3510119502858606,1.3839104921047853,0.03289854181892471
20241112,1.3366873110651856,1.3696608989054853,0.03297358784029969
20241113,1.340395005362193,1.3729127590343204,0.0325177536721275
20241114,1.3309634288429142,1.3631905600291323,0.032227131186218116
20241115,1.3287543805433442,1.3611935465217337,0.032439165978389584
20241118,1.327781164519835,1.3602725266545037,0.032491362134668744
20241119,1.332365829843048,1.3652400810305987,0.03287425118755061
20241120,1.3388930627262436,1.3718652962800078,0.03297223355376411
20241121,1.3417487827259431,1.3748131130789116,0.03306433035296852
20241122,1.3066774638732757,1.337446608753734,0.030769144880458343
20241125,1.3175406643983518,1.347758340680453,0.030217676282101147
20241126,1.3171998407492786,1.3481912789355053,0.030991438186226627
20241127,1.3443043376631272,1.3770190061010068,0.032714668437879624
20241128,1.3567822477887044,1.3886684942607899,0.03188624647208549
20241129,1.3560396010300695,1.3885822796085503,0.03254267857848081
20241202,1.3713671569608836,1.4020265057031462,0.030659348742262615
20241203,1.3739576156154407,1.4056792188091023,0.031721603193661574
20241204,1.3581450123755592,1.3896797659646765,0.03153475358911728
20241205,1.3638277891278967,1.3948273228137793,0.030999533685882597
20241206,1.3773030270803792,1.4100216488393311,0.032718621758951905
20241209,1.3769595135063588,1.410071572942541,0.03311205943618223
20241210,1.3808311733878658,1.4149305785897417,0.03409940520187593
20241211,1.3912351083362298,1.4250747468933815,0.033839638557151774
20241212,1.400696162402283,1.4341525680219753,0.03345640561969243
20241213,1.3807825200031953,1.4138872011608803,0.033104681157684945
20241216,1.3717671165300176,1.4039860600956116,0.03221894356559396
20241217,1.3471307396013685,1.3800689898135383,0.032938250212169784
20241218,1.354957490638864,1.3879110020228766,0.0329535113840127
20241219,1.3499681459777217,1.383284181812225,0.033316035834503266
20241220,1.35301689728171,1.386163296215869,0.03314639893415894
20241223,1.33952780514978,1.3726774354526716,0.03314963030289153
20241224,1.342339554537884,1.3752567565183367,0.03291720198045267
20241225,1.3380810658459223,1.3713763533201526,0.03329528747423027
20241226,1.3376922825185322,1.3710800918150927,0.03338780929656049
20241227,1.3408447996141937,1.374062665305738,0.03321786569154428
20241230,1.3416059959527042,1.3746271742811949,0.03302117832849061
20241231,1.3365395761251722,1.369740889562315,0.03320131343714294
20250102,1.3357974903072332,1.3690288180899646,0.03323132778273141
20250103,1.3359078867940355,1.3691419609674926,0.03323407417345714
20250106,1.3360182924045143,1.3692551131956718,0.03323682079115753
20250107,1.336749337652234,1.3700127839732086,0.033263446320974666
20250108,1.336017415165301,1.3692404662410051,0.03322305107570411
20250109,1.3398058426152024,1.3730302330060964,0.033224390390893976
20250110,1.3228671476172589,1.3560037393714834,0.033136591754224565
20250113,1.3229898990652216,1.35601741246467,0.03302751339944843
20250114,1.3399649860143559,1.3733630918969173,0.033398105882561424
20250115,1.337223205153959,1.370491689986406,0.03326848483244693
20250116,1.3411149544138137,1.3745708225456457,0.03345586813183199
20250117,1.3384527348070787,1.3720290344406343,0.03357629963355557
20250120,1.3401845875324574,1.3740600005450587,0.03387541301260133
20250121,1.3348470849390528,1.368698404920385,0.03385131998133217
20250122,1.3288464316382584,1.3625253455396122,0.0336789139013538
20250123,1.3304169790855391,1.3643137367421738,0.03389675765663469
20250124,1.3312849478140136,1.3652832016017087,0.033998253787695054
20250127,1.3308704704994077,1.3647984288009396,0.033927958301531946
20250205,1.3321206940209371,1.3660837394083158,0.03396304538737871
20250206,1.3338032145349052,1.3678196469053745,0.03401643237046925
20250207,1.3371118451195398,1.371195813522549,0.0340839684030092
20250210,1.3484420472694747,1.382585508523441,0.03414346125396639
20250211,1.3397025893112102,1.373761428755325,0.03405883944411481
20250212,1.35697554907479,1.3911946517738547,0.03421910269906481
20250213,1.360517051411678,1.3947448719554438,0.03422782054376583
20250214,1.360202586418181,1.3939512983010602,0.0337487118828792
20250217,1.3738656882472613,1.407925726995886,0.03406003874862473
20250218,1.35282788417191,1.3864919771310995,0.033664092959189595
20250219,1.3606429963418265,1.3946032761627187,0.033960279820892225
20250220,1.3620513772806677,1.3960247286122889,0.03397335133162116
20250221,1.3654224897160554,1.3995343672074412,0.03411187749138578
20250224,1.3811212368975123,1.4153665441596894,0.034245307262177116
20250225,1.3773833834578868,1.4114044995735568,0.03402111611567005
20250226,1.3898385932069703,1.424083283293882,0.034244690086911556
20250227,1.3885878218761687,1.423120204749789,0.03453238287362037
20250228,1.3827915643476987,1.4167982307267406,0.03400666637904193
20250303,1.382940282046555,1.4171019826803322,0.0341617006337771
20250304,1.3815419019006312,1.4156445866142877,0.03410268471365652
20250305,1.3816560789173171,1.4157615820346692,0.034105503117352054
20250306,1.382594916567641,1.416710081787317,0.03411516521967606
20250307,1.3815991254105966,1.4156454095273598,0.03404628411676325
20250310,1.3815982130918851,1.4156510813117686,0.034052868219883514
20250311,1.3832641264303074,1.4174149425957239,0.03415081616541649
20250312,1.3858009833312888,1.4199498377172748,0.03414885438598603
20250313,1.3816901342963268,1.4159168757477016,0.03422674145137483
20250314,1.386241143961821,1.4205029994564413,0.03426185549462035
20250317,1.388643215917182,1.4229861782630826,0.03434296234590062
20250318,1.3925110051761986,1.4268717113431792,0.034360706166980615
20250319,1.3906921021339893,1.4251420477902097,0.03444994565622039
20250320,1.3949091623972385,1.4298339842396142,0.034924821842375664
20250321,1.3881151909906748,1.4227086641706932,0.034593473180018375
20250324,1.3749829273521392,1.4094732696860646,0.03449034233392534
20250325,1.3729539663512444,1.4077940511110194,0.03484008475977496
20250326,1.3712462876711538,1.406041648752058,0.0347953610809042
20250327,1.3713596138106308,1.4061578505412111,0.034798236730580356
20250328,1.3714729493159044,1.4062740619338177,0.0348011126179133
20250331,1.3715862941877486,1.4063902829306716,0.03480398874292301
20250401,1.3716996484269377,1.4065065135325667,0.034806865105629026
20250402,1.3718130120342458,1.4066227537402967,0.03480974170605089
20250403,1.371926385010447,1.4067390035546552,0.03481261854420814
20250407,1.3720397673563156,1.4068552629764366,0.034815495620120984
20250408,1.3721531590726261,1.4069715320064347,0.03481837293380852
20250409,1.3722665601601527,1.4070878106454434,0.03482125048529072
20250410,1.3732276522151252,1.4082236671409516,0.03499601492582638
20250411,1.3874340225407025,1.4227869562889868,0.0353529337482843
20250414,1.398079929071491,1.4337980904100929,0.03571816133860195
20250415,1.3916194772624735,1.427044684504717,0.03542520724224363
20250416,1.3849784816143507,1.4201418637034362,0.03516338208908554
20250417,1.3861058304463774,1.4212603303949147,0.035154499948537365
20250418,1.3864621191701558,1.4215490199038128,0.035086900733656945
20250421,1.3928784155135883,1.4280749899580496,0.03519657444446134
20250422,1.3873919964438337,1.4225050936454615,0.03511309720162781
20250423,1.3926410611092048,1.4277769848628177,0.03513592375361285
20250424,1.3834301317829254,1.418292973156082,0.03486284137315665
20250425,1.38372349306121,1.418435343930498,0.034711850869288075
20250428,1.3824524695069926,1.4170350100573814,0.034582540550388785
20250429,1.3815425493803177,1.4160978984802637,0.03455534909994595
20250430,1.3813679548366904,1.4158979309001232,0.03452997606343278
20250506,1.3817271696939646,1.4162872274984697,0.03456005780450511
20250507,1.3808840241409341,1.415402267145934,0.03451824300499995
20250508,1.373927690961111,1.4082728524886732,0.034345161527562285
20250509,1.4088624269354204,1.444065733173627,0.035203306238206666
20250512,1.4190265929489911,1.454483835149284,0.03545724220029278
20250513,1.4279319960194827,1.4636160995366367,0.03568410351715401
20250514,1.4183453974575086,1.4537859667174022,0.035440569259893584
20250515,1.4226688341966673,1.458215906574231,0.035547072377563715
20250516,1.4087333406782314,1.4439233256937827,0.03518998501555126
20250519,1.4413249515737043,1.4773348999348994,0.03600994836119509
20250520,1.487902452839274,1.5250733437556303,0.03717089091635639
20250521,1.5362463096711392,1.5746222206012823,0.03837591093014314
20250522,1.5914984053841847,1.6312562185173352,0.03975781313315041
20250523,1.6021671345918047,1.6421896553731103,0.04002252078130564
20250526,1.6176373125781347,1.6580445125214882,0.04040719994335351
20250527,1.6178366460738025,1.6579144522923577,0.04007780621855517
20250528,1.6180864968689321,1.656834889129437,0.03874839226050497
20250529,1.631323917041513,1.6675865535845484,0.03626263654303541
20250530,1.618986766884619,1.6533629007450628,0.0343761338604438
20250603,1.6190778312889067,1.6555043985582725,0.03642656726936577
20250604,1.6265852409518982,1.66271099133351,0.03612575038161192
20250605,1.6344929673239905,1.6699200452887295,0.035427077964738984
20250606,1.633212516966669,1.669373071956672,0.036160554990003035
20250609,1.6379792275024432,1.6744847201228363,0.036505492620393154
20250610,1.6313593889337168,1.6672382284017346,0.03587883946801784
20250611,1.6320845160636055,1.6686084212733525,0.03652390520974702
20250612,1.6330346834228975,1.6698152385897616,0.03678055516686407
20250613,1.6195053307678837,1.6562714247858508,0.036766094017967044
20250616,1.6288619624684355,1.659894256919267,0.031032294450831444
20250617,1.6292576734119903,1.6599882066700267,0.03073053325803632
20250618,1.6269090594132496,1.6575751073005178,0.030666047887268233
20250619,1.6263730844239452,1.657028041835419,0.030654957411473838
20250620,1.6264292575936192,1.6570800961047285,0.03065083851110928
20250623,1.6265636732347428,1.657217044873002,0.030653371638259097
20250624,1.630199800266828,1.6612960917155535,0.03109629144872539
20250625,1.6354866029999837,1.6676325733937192,0.03214597039373546
20250626,1.6336898404627036,1.6653412508301377,0.03165141036743413
20250627,1.6355614329739363,1.6669267084090944,0.0313652754351581
20250630,1.647602500632935,1.679021172902539,0.03141867226960415
20250701,1.646135852851846,1.677243343789029,0.031107490937183124
20250702,1.6417369855195119,1.6728417553559465,0.03110476983643462
20250703,1.6425058359841305,1.6735010585062764,0.030995222522145927
20250704,1.637132790822529,1.668036197192855,0.03090340637032596
20250707,1.6383366987372843,1.6692727384641477,0.03093603972686343
20250708,1.6410111293342875,1.6721244286907677,0.031113299356480217
20250709,1.6422252157764192,1.6729209129000506,0.030695697123631405
20250710,1.6481810806633352,1.678872350618322,0.030691269954986833
20250711,1.6530616300516319,1.6835867924835497,0.03052516243191783
20250714,1.6566323554562565,1.6866039387839804,0.029971583327723872
20250715,1.6471648203766927,1.677404647899883,0.03023982752319032
20250716,1.6528376867086543,1.6834145128875004,0.03057682617884616
20250717,1.6575601267503808,1.688103364011781,0.03054323726140029
20250718,1.654863380006123,1.6850947173116992,0.030231337305576256
20250721,1.6604976858086402,1.6904554140905528,0.029957728281912566
20250722,1.6627782134789173,1.692157896683002,0.029379683204084683
20250723,1.6586627587181983,1.688572944966086,0.02991018624788766
20250724,1.669446045719858,1.699884818740313,0.030438773020454946
20250725,1.671550655243847,1.7033606885647017,0.031810033320854636
20250728,1.6747028585689987,1.706175161979159,0.031472303410160274
20250729,1.6733900573228246,1.7050526278169635,0.0316625704941389
20250730,1.672360076211822,1.7039132648414264,0.03155318862960432
20250731,1.6701250229482485,1.7019693886539229,0.03184436570567439
20250801,1.6712549185327155,1.7030683210372835,0.03181340250456799
20250804,1.6796390912156898,1.7115789024913135,0.03193981127562373
20250805,1.6849378173614702,1.7169876739257794,0.032049856564309254
20250806,1.690124418002837,1.7222455059934592,0.03212108799062219
20250807,1.6919708260003048,1.7241063670329848,0.032135541032680015
20250808,1.6930463903435504,1.7250932091068945,0.03204681876334403
20250811,1.7015587805786652,1.7337314226703817,0.03217264209171655
20250812,1.7030225421608318,1.7352778259059143,0.032255283745082464
20250813,1.7055404023634144,1.7378165097232319,0.03227610735981745
20250814,1.6914498676279597,1.723417181990339,0.03196731436237932
20250815,1.7017300074157053,1.7338601704411043,0.03213016302539895
20250818,1.7190259324192856,1.7513571700291195,0.03233123760983392
20250819,1.7229392821582534,1.755359240381263,0.03241995822300958
20250820,1.7432592323153437,1.77608972253152,0.032830490216176234
20250821,1.7362188861963015,1.768981385769295,0.0327624995729936
20250822,1.7367860987441464,1.7695795105484722,0.03279341180432582
20250825,1.7432965492211274,1.7761782566410793,0.03288170741995189
20250826,1.7472800632109202,1.780234801876414,0.03295473866549381
20250827,1.731897380208068,1.764542448182091,0.03264506797402311
20250828,1.7346228437428712,1.7673091735399797,0.032686329797108504
20250829,1.7366569244061407,1.7693261157331348,0.032669191326994085
20250901,1.747004957556805,1.7796183490928505,0.03261339153604559
20250902,1.7419241219554382,1.7749624427561117,0.03303832080067348
20250903,1.7258954995664189,1.7595320601473612,0.03363656058094233
20250904,1.7268826547990657,1.7581901391721668,0.03130748437310116
20250905,1.7275587682706872,1.7589087060609034,0.03134993779021622
20250908,1.728505431424677,1.759717327891983,0.031211896467306044
20250909,1.728851907362285,1.759174461161531,0.030322553799245977
20250910,1.7295111488881008,1.7603064319131678,0.030795283025067066
20250911,1.7317662545427797,1.763277870160734,0.031511615617954236
20250912,1.732237728550293,1.7636242426092075,0.03138651405891446
20250915,1.7324141163418711,1.764216905679671,0.0318027893377999
20250916,1.7390686444807122,1.7707393942293517,0.03167074974863948
20250917,1.7383895443311201,1.7705864364407455,0.0321968921096254
20250918,1.7270659068028529,1.7603175777690765,0.03325167096622361
20250919,1.7219550046238508,1.7544473636695683,0.03249235904571757
20250922,1.7192012894408373,1.750931754937303,0.03173046549646563
20250923,1.7162249791708803,1.7466663779907166,0.030441398819836207
20250924,1.718688644345718,1.7492506838897242,0.030562039544006048
20250925,1.7161502528517496,1.747064771855034,0.030914519003284457
20250926,1.716258637357996,1.7437311728128884,0.027472535454892366
20250929,1.7181232446418124,1.7439485991441879,0.02582535450237544
20250930,1.7185518065252166,1.7434876804114725,0.024935873886255955
20251009,1.7182750860612936,1.7429485517035808,0.024673465642287118
20251010,1.722502367120059,1.7472299237473357,0.02472755662727666
20251013,1.7243409784727135,1.749097718932619,0.02475674045990539
20251014,1.7240073421526767,1.7488064366531915,0.024799094500514762
20251015,1.7239795387576637,1.7487714529164766,0.024791914158812878
20251016,1.7240718486233761,1.7488658117007148,0.02479396307733861
20251017,1.724214333900122,1.7490103460653181,0.024796012165196224
20251020,1.7243568309525104,1.7491548923749103,0.02479806142239993
20251021,1.7244993397815147,1.7492994506304782,0.024800110848963497
20251022,1.7246909032608353,1.7495165435503652,0.024825640289529938
20251023,1.7248863129913452,1.749717098698217,0.024830785706871694
20251024,1.7207921219653715,1.7455160072863887,0.024723885321017214
20251027,1.7248933538469011,1.7497476303573511,0.024854276510450024
20251028,1.7240238852351981,1.7488568314692519,0.024832946234053743
20251029,1.723140609237659,1.7479517686581412,0.024811159420482065
20251030,1.7182675060475887,1.7430912652998791,0.02482375925229041
20251031,1.727624983302033,1.752545082496861,0.02492009919482796
20251103,1.7328839586599318,1.7581808390729128,0.02529688041298095
20251104,1.7323446566231953,1.7572411951303115,0.02489653850711626
20251105,1.735517553811872,1.7593854707838537,0.023867916971981762
20251106,1.7260516329216158,1.7524327135463902,0.0263810806247744
20251107,1.7196285588002196,1.7455617332088924,0.02593317440867282
20251110,1.7299821392893393,1.7552067202692254,0.025224580979886113
20251111,1.7299116534195589,1.7603542007911488,0.030442547371589912
20251112,1.72425279213622,1.7533699564350909,0.02911716429887079
20251113,1.7372898463489437,1.7719657185652247,0.03467587221628099
20251114,1.7358520094520602,1.772318781405226,0.03646677195316572
20251117,1.7430174305422477,1.7705058400573332,0.027488409515085577
20251118,1.7270800250595728,1.747151232381868,0.02007120732229528
20251119,1.717524984032268,1.728990898554041,0.011465914521773035
20251120,1.706287023858409,1.7159495070515927,0.009662483193183746
20251121,1.697737880744039,1.7091258000112663,0.011387919267227264
20251124,1.6978766841000736,1.7092654813320787,0.011388797232005032
20251125,1.6980154989274598,1.709405174196802,0.011389675269342092
20251126,1.6981543252271458,1.7095448786063898,0.011390553379243995
20251127,1.6982931630000797,1.7096845945617969,0.01139143156171718
20251128,1.6984320122472096,1.709824322063977,0.01139230981676742
20251201,1.6968166518165912,1.7081241484919842,0.011307496675392992
20251202,1.6939581595038187,1.706705572651514,0.01274741314769523
20251203,1.6904540290298855,1.7045319199519955,0.014077890922109981
20251204,1.6836801185814958,1.6964305573383176,0.012750438756821802
20251205,1.686272056061544,1.6982911094300586,0.012019053368514498
20251208,1.6877263183697828,1.7005835690539401,0.012857250684157329
20251209,1.6868020814427507,1.6987743895998042,0.011972308157053524
20251210,1.6916963193858454,1.7044010107377503,0.012704691351904884
20251211,1.6759970951164862,1.68951717519262,0.0135200800761337
20251212,1.6716143012415148,1.684684583401464,0.01307028215994932
20251215,1.6705380885616774,1.6844536660492282,0.01391557748755079
20251216,1.6667472942735797,1.6810333577242207,0.014286063450640984
20251217,1.6703166651619117,1.6839466841850395,0.01363001902312777
20251218,1.6687332692612116,1.682875830632305,0.014142561371093487
20251219,1.6688696755419168,1.6830133425341607,0.014143666992243897
20251222,1.6690060930958683,1.683150865800636,0.01414477270476766
20251223,1.669142521923998,1.6832884004326707,0.014145878508672771
20251224,1.6692789620272375,1.6834259464312038,0.014146984403966334
20251225,1.6694154134065187,1.6835635037971748,0.01414809039065612
20251226,1.669551876062773,1.6837010725315231,0.014149196468750125
20251229,1.669688349996933,1.6838386526351883,0.01415030263825523
20251230,1.6698248352099305,1.6839762441091102,0.014151408899179652
20251231,1.6699613317026978,1.684113846954228,0.014152515251530273
20260105,1.675393507443936,1.6896115093847053,0.014218001940769387
20260106,1.6857847341800882,1.7000624346784938,0.014277700498405599
20260107,1.6868320175744982,1.701099399055552,0.014267381481053887
20260108,1.7025964300591592,1.7170017800597943,0.014405350000635142
20260109,1.7164278646152873,1.7311439756640066,0.014716111048719283
20260112,1.7470506931014689,1.7625396879384794,0.015488994837010495
20260113,1.7308142843996968,1.7463781357544623,0.015563851354765568
20260114,1.741426532197844,1.7571685489786042,0.01574201678076026
20260115,1.7319717715817968,1.7473605017454994,0.015388730163702569
20260116,1.7195831611809884,1.7347487058295277,0.015165544648539253
20260119,1.7169020722077577,1.7320269412891,0.015124869081342363
20260120,1.7170424593812685,1.7321685152662165,0.015126055884947975
20260121,1.717182858157025,1.7323101009436614,0.015127242786636463
20260122,1.7173232685359863,1.7324516983224019,0.015128429786415598
20260123,1.7174636905191107,1.7325933074034054,0.015129616884294705
20260126,1.717604124107358,1.7327349281876385,0.015130804080280447
20260127,1.7177445693016868,1.7328765606760688,0.015131991374381926
20260128,1.7178850261030567,1.7330182048696634,0.015133178766606692
20260129,1.7180254945124265,1.7331598607693899,0.015134366256963405
20260130,1.7181659745307558,1.7333015283762154,0.015135553845459615
20260202,1.7161734459821445,1.7312096306468923,0.015036184664747765
20260203,1.7195756058594236,1.7346825171798914,0.01510691132046782
20260204,1.719906609720013,1.735023360711514,0.015116750991500894
20260205,1.7200472452024091,1.735165182326599,0.01511793712418985
20260206,1.7201878923075722,1.7353070156624788,0.015119123354906616
20260209,1.7203285510364632,1.735448860720122,0.01512030968365874
20260210,1.7204692213900425,1.735590717500497,0.015121496110454435
20260211,1.7206099033692708,1.7357325860045727,0.01512268263530192
20260212,1.720750596975109,1.7358744662333185,0.015123869258209632
20260213,1.7208913022085177,1.7360163581877028,0.01512505597918512
20260224,1.7210320190704584,1.736158261868695,0.0151262427982366
20260225,1.7211727475618919,1.7363001772772642,0.015127429715372287
20260226,1.7213134876837788,1.7364421044143796,0.015128616730600841
20260227,1.721454239437081,1.7365840432810105,0.015129803843929368
20260302,1.7148915938227591,1.7299324686839106,0.015040874861151465
20260303,1.6988669462459902,1.7137475694514201,0.014880623205429933
20260304,1.691904230528437,1.706721488430826,0.014817257902388858
20260305,1.7047386917090963,1.719658178764017,0.014919487054920744
20260306,1.701402220044023,1.7163113614317589,0.014909141387735803
20260309,1.7015413262380161,1.7164516366006224,0.01491031036260626
20260310,1.701680443928389,1.7165919233624751,0.014911479434086106
20260311,1.7018195731160917,1.7167322217182752,0.014912648602183554
20260312,1.7019587138020742,1.7168725316689808,0.014913817866906598
20260313,1.702097865987287,1.71701285321555,0.01491498722826301
20260316,1.7022370296726803,1.717153186358941,0.014916156686260784
20260317,1.7023762048592048,1.717293531100113,0.014917326240908135
20260318,1.7025153915478106,1.7174338874400235,0.014918495892212835
20260319,1.702654589739449,1.7175742553796316,0.014919665640182656
20260320,1.7027937994350697,1.717714634919896,0.014920835484826256
20260323,1.702933020635624,1.717855026061775,0.014922005426151186
20260324,1.7030722533420628,1.717995428806228,0.014923175464165217
20260325,1.7032114975553367,1.7181358431542135,0.014924345598876787
20260326,1.703350753276397,1.7182762691066906,0.014925515830293667
20260327,1.7034900205061945,1.718416706664618,0.01492668615842363
20260330,1.7036292992456803,1.7185571558289556,0.014927856583275334
20260331,1.703768589495806,1.718697616600662,0.014929027104856107
20260401,1.7003212903579354,1.7153614498778038,0.015040159519868368
20260402,1.6997687755267863,1.7146438938406041,0.014875118313817826
20260403,1.6999077467253647,1.7147840312022289,0.014876284476864177
20260407,1.7000467294091663,1.7149241801454538,0.014877450736287434
20260408,1.70018572357914,1.7150643406712358,0.014878617092095814
20260409,1.7003247292362353,1.7152045127805324,0.014879783544297087
20260410,1.7004637463814014,1.7153446964743009,0.01488095009289947
20260413,1.7006027750155877,1.7154848917534988,0.014882116737911177
20260414,1.7007418151397435,1.7156250986190833,0.01488328347933976
20260415,1.700880866754819,1.715765317072012,0.014884450317192988
20260416,1.7010199298617634,1.7159055471132425,0.014885617251479077
20260417,1.7011590044615266,1.7160457887437326,0.014886784282206023
20260420,1.7012980905550583,1.7161860419644404,0.014887951409382039
20260421,1.7014371881433086,1.716326306776323,0.014889118633014453
20260422,1.7015762972272273,1.7164665831803392,0.014890285953111926
20260423,1.7017154178077645,1.7166068711774465,0.014891453369682006
20260424,1.7018545498858704,1.716747170768603,0.014892620882732688
20260427,1.701993693462495,1.7168874819547673,0.014893788492272186
20260428,1.702132848538589,1.7170278047368972,0.014894956198308273
20260429,1.7022720151151023,1.7171681391159512,0.014896124000848943
20260430,1.7024111931929855,1.717308485092888,0.01489729189990241
20260506,1.703518237188066,1.7185230709471784,0.015004833759112435
20260507,1.7047014939979763,1.7205717021468434,0.015870208148867082
20260508,1.7140168454496592,1.7290365127677572,0.015019667318098007
20260511,1.7240234824580365,1.738393355582224,0.014369873124187471
20260512,1.7173431249038442,1.7328791934509418,0.015536068547097548
20260513,1.7234372373733327,1.74002127017835,0.0165840328050173
20260514,1.7069855546130857,1.724416781290085,0.017431226676999367
20260515,1.7019193166624895,1.7184455859217467,0.016526269259257154
20260518,1.7016313502235578,1.719350367398193,0.017719017174635088
20260519,1.7014054597352959,1.7193110875021478,0.017905627766851895
20260520,1.701544566197032,1.7194516105822568,0.017907044385224724
20260521,1.7016836841551701,1.7195921452758438,0.01790846112067368
20260522,1.70182281361066,1.7197326915838682,0.01790987797320831
20260525,1.701961954564452,1.71987324950729,0.01791129494283794
20260526,1.7021011070174963,1.7200138190470688,0.017912712029572564
20260527,1.7022402709707434,1.7201544002041653,0.01791412923342195
20260528,1.7023794464251436,1.720294992979539,0.017915546554395423
20260529,1.7025186333816478,1.7204355973741505,0.017916963992502755
20260601,1.702657831841206,1.72057621338896,0.017918381547753937
20260602,1.702797041804769,1.7207168410249274,0.017919799220158295
20260603,1.7029362632732878,1.7208574802830137,0.01792121700972582
20260604,1.7030754962477133,1.720998131164179,0.01792263491646584
20260605,1.703214740728996,1.7211387936693843,0.017924052940388346
20260608,1.7033539967180868,1.72127946779959,0.017925471081503108
20260609,1.7034932642159375,1.7214201535557565,0.017926889339819008
20260610,1.7036325432234984,1.7215608509388454,0.017928307715346925
20260611,1.7037718337417211,1.7217015599498169,0.017929726208095742
20260612,1.703911135771557,1.7218422805896325,0.01793114481807545
20260615,1.7040504493139574,1.721983012859253,0.0179325635452956
20260616,1.7041897743698737,1.7221237567596395,0.017933982389765735
20260617,1.7043291109402574,1.7222645122917535,0.017935401351496072
20260618,1.70446845902606,1.7224052794565559,0.017936820430495937
20260622,1.7046078186282334,1.7225460582550083,0.017938239626774877
20260623,1.7047471897477293,1.7226868486880722,0.017939658940342884
20260624,1.7048865723854996,1.722827650756709,0.017941078371209507
20260625,1.705025966542496,1.7229684644618806,0.017942497919384515
20260626,1.705165372219671,1.7231092898045484,0.017943917584877456
20260629,1.7053047894179763,1.7232501267856744,0.0179453373676981
20260630,1.7054442181383638,1.72339097540622,0.017946757267856217
20260701,1.7055836583817863,1.7235318356671476,0.017948177285361355
20260702,1.7057231101491956,1.7236727075694191,0.017949597420223506
20260703,1.7058625734415445,1.7238135911139967,0.01795101767245222
20260706,1.7060020482597853,1.7239544863018423,0.01795243804205704
20260707,1.7061415346048707,1.7240953931339182,0.017953858529047517
20260708,1.706281032477753,1.7242363116111872,0.017955279133434088
20260709,1.7064205418793854,1.724377241734611,0.017956699855225633
20260710,1.7065600628107205,1.7245181835051526,0.017958120694432145
20260713,1.7066995952727109,1.7246591369237745,0.017959541651063615
20260714,1.7068391392663096,1.7248001019914392,0.017960962725129592
20260715,1.7069786947924699,1.7249410787091093,0.0179623839166394
20260716,1.7071182618521445,1.7250820670777478,0.017963805225603258
20260717,1.707257840446287,1.7252230670983177,0.017965226652030708
20260720,1.7073974305758506,1.7253640787717819,0.0179666481959313
20260721,1.7075370322417884,1.7255051020991035,0.017968069857315028
20260722,1.707676645445054,1.7256461370812455,0.017969491636191437
20260723,1.7078162701866009,1.725787183719171,0.017970913532570076
20260724,1.7079559064673826,1.7259282420138435,0.017972335546460938
20260727,1.708095554288353,1.7260693119662263,0.017973757677873348
20260728,1.7082352136504655,1.7262103935772828,0.017975179926817297
20260729,1.708374884554674,1.7263514868479766,0.017976602293302557
20260730,1.7085145670019324,1.7264925917792715,0.01797802477733912
20260731,1.7086542609931947,1.7266337083721306,0.017979447378935864
20260803,1.7101302716620592,1.7281445818485923,0.0180143101865331
20260804,1.7129805973043453,1.7310021549545302,0.018021557650184983
20260805,1.7243531194226047,1.7418925113354808,0.017539391912876123
20260806,1.7411872934395367,1.7583263126902493,0.017139019250712595
