trade_date,code,asset_type,shares,tradable_shares,price,market_val,weight
20230103,512100.SH,ETF,464000,0,2.564,1189696.0,0.5342433104077476
20230104,512100.SH,ETF,553000,464000,2.564,1417892.0,0.6367302177491599
20230105,512100.SH,ETF,553000,553000,2.591,1432823.0,0.6391306719181892
20230106,512100.SH,ETF,438600,438600,2.595,1138167.0,0.5073369690041247
20230112,512100.SH,ETF,40800,0,2.592,105753.6,0.04708951215310891
20230113,512100.SH,ETF,77600,40800,2.608,202380.80000000002,0.09006208170398322
20230116,512100.SH,ETF,77600,77600,2.636,204553.6,0.09093424098715791
20230117,512100.SH,ETF,123800,77600,2.633,325965.4,0.14492543207012076
20230118,512100.SH,ETF,123800,123800,2.641,326955.8,0.14529152321969424
20230119,512100.SH,ETF,192400,123800,2.672,514092.80000000005,0.22782769012699247
20230120,512100.SH,ETF,121800,121800,2.697,328494.60000000003,0.14537223042716205
20230130,512100.SH,ETF,69700,69700,2.708,188747.6,0.08344068793562079
20230131,512100.SH,ETF,156700,69700,2.717,425753.9,0.18809526289492148
20230201,512100.SH,ETF,304000,156700,2.761,839344.0,0.36872297511028024
20230202,512100.SH,ETF,527700,304000,2.765,1459090.5,0.6406397923640327
20230203,512100.SH,ETF,527700,527700,2.762,1457507.4,0.6403707997905164
20230206,512100.SH,ETF,460200,460200,2.756,1268311.2,0.5581236405667099
20230207,512100.SH,ETF,330800,330800,2.764,914331.2,0.4017832190464354
20230208,512100.SH,ETF,330800,330800,2.745,908046.0,0.4001065946844325
20230209,512100.SH,ETF,330800,330800,2.8,926239.9999999999,0.4048576053008881
20230210,512100.SH,ETF,330800,330800,2.786,921608.8,0.4036305290239295
20230213,512100.SH,ETF,222100,222100,2.812,624545.2,0.2729947983314828
20230214,512100.SH,ETF,263200,222100,2.818,741697.6,0.32398133550421293
20230215,512100.SH,ETF,187400,187400,2.817,527905.8,0.2306021626062768
20230216,512100.SH,ETF,229900,187400,2.767,636133.2999999999,0.27927685406985203
20230227,512100.SH,ETF,42600,0,2.754,117320.4,0.051496220617655374
20230303,512100.SH,ETF,64800,0,2.779,180079.19999999998,0.07903189971795305
20230309,512100.SH,ETF,73700,0,2.753,202896.1,0.08901175682182486
20230310,512100.SH,ETF,185900,73700,2.713,504346.7,0.2218205424342154
20230313,512100.SH,ETF,185900,185900,2.726,506763.4,0.22263249388209466
20230314,512100.SH,ETF,185900,185900,2.701,502115.9,0.2210278269322731
20230315,512100.SH,ETF,185900,185900,2.714,504532.6,0.22184136135217072
20230316,512100.SH,ETF,263500,185900,2.673,704335.5,0.311104938166114
20230317,512100.SH,ETF,300900,263500,2.693,810323.7000000001,0.3570305547955691
20230320,512100.SH,ETF,379700,300900,2.682,1018355.4,0.44954894730340994
20230321,512100.SH,ETF,379700,379700,2.716,1031265.2000000001,0.4526477052839143
20230322,512100.SH,ETF,451400,379700,2.727,1230967.8,0.5391973327202252
20230323,512100.SH,ETF,362700,362700,2.737,992709.9,0.43414682453337916
20230324,512100.SH,ETF,289500,289500,2.739,792940.5,0.3466782520690639
20230328,512100.SH,ETF,37700,0,2.728,102845.6,0.04498553211637901
20230406,512100.SH,ETF,71700,0,2.784,199612.8,0.08722433534203576
20230407,512100.SH,ETF,160500,71700,2.808,450684.0,0.19660095366812644
20230410,512100.SH,ETF,192500,160500,2.783,535727.5,0.23420039915097823
20230411,512100.SH,ETF,115300,115300,2.784,320995.19999999995,0.1403405363438516
20230508,512100.SH,ETF,47600,0,2.672,127187.20000000001,0.055503599921426686
20230509,512100.SH,ETF,135700,47600,2.64,358248.0,0.15667314174524122
20230525,512100.SH,ETF,146000,0,2.599,379454.0,0.16588209748356772
20230526,512100.SH,ETF,315500,146000,2.622,827241.0,0.3602955926502294
20230529,512100.SH,ETF,394900,315500,2.617,1033453.3,0.45060569834071657
20230530,512100.SH,ETF,394900,394900,2.628,1037797.2000000001,0.4516238306105204
20230531,512100.SH,ETF,334100,334100,2.629,878348.9,0.3821740548543166
20230601,512100.SH,ETF,334100,334100,2.635,880353.4999999999,0.38269293694353523
20230602,512100.SH,ETF,298000,298000,2.653,790594.0,0.3428362768568854
20230605,512100.SH,ETF,197400,197400,2.654,523899.6,0.22716506236640258
20230606,512100.SH,ETF,117000,117000,2.598,303966.0,0.13217771270549353
20230608,512100.SH,ETF,61100,0,2.586,158004.59999999998,0.06870237209196692
20230609,512100.SH,ETF,61100,61100,2.604,159104.4,0.06914219294415583
20230612,512100.SH,ETF,159200,61100,2.616,416467.2,0.18082461069589073
20230613,512100.SH,ETF,211800,159200,2.627,556398.6,0.24133995594077082
20230614,512100.SH,ETF,291800,211800,2.636,769184.8,0.33325394994905927
20230615,512100.SH,ETF,291800,291800,2.651,773561.7999999999,0.33449755144362575
20230616,512100.SH,ETF,151300,151300,2.674,404576.2,0.1747147428835224
20230620,512100.SH,ETF,36400,0,2.686,97770.4,0.0422222934742787
20230621,512100.SH,ETF,36400,36400,2.633,95841.2,0.04142039541711791
20230629,512100.SH,ETF,49600,0,2.618,129852.79999999999,0.056095546524318966
20230630,512100.SH,ETF,128600,49600,2.659,341947.39999999997,0.14734435117807743
20230703,512100.SH,ETF,128600,128600,2.653,341175.8,0.1470503996610483
20230704,512100.SH,ETF,128600,128600,2.665,342719.0,0.14760695157321718
20230705,512100.SH,ETF,69900,69900,2.645,184885.5,0.07968572944876129
20230711,512100.SH,ETF,52900,0,2.647,140026.3,0.0603211735744695
20230712,512100.SH,ETF,52900,52900,2.609,138016.1,0.059502116116357806
20230713,512100.SH,ETF,90600,52900,2.634,238640.4,0.10278959116924039
20230714,512100.SH,ETF,90600,90600,2.631,238368.59999999998,0.10267692592378816
20230717,512100.SH,ETF,90600,90600,2.622,237553.19999999998,0.1023540531541862
20230718,512100.SH,ETF,46000,46000,2.62,120520.0,0.05192849723050303
20230727,512100.SH,ETF,69100,0,2.581,178347.1,0.07686267834378958
20230728,512100.SH,ETF,140100,69100,2.603,364680.30000000005,0.15690113551850823
20230822,512100.SH,ETF,121300,0,2.451,297306.3,0.1277139317564162
20230823,512100.SH,ETF,82800,82800,2.405,199133.99999999997,0.08569167806635873
20230824,512100.SH,ETF,82800,82800,2.407,199299.6,0.08575034913281454
20230831,512100.SH,ETF,107800,0,2.46,265188.0,0.1141277812994475
20230901,512100.SH,ETF,107800,107800,2.458,264972.4,0.11403722667674336
20230905,512100.SH,ETF,41700,0,2.481,103457.7,0.04451997344525295
20230907,512100.SH,ETF,183300,0,2.448,448718.39999999997,0.19375202148603143
20230908,512100.SH,ETF,108300,108300,2.453,265659.89999999997,0.11469341738265447
20230911,512100.SH,ETF,108300,108300,2.489,269558.7,0.11617260224895297
20230918,512100.SH,ETF,43800,0,2.449,107266.2,0.0462204773651788
20230919,512100.SH,ETF,83700,43800,2.431,203474.7,0.08772541571559353
20230920,512100.SH,ETF,44500,44500,2.409,107200.49999999999,0.04623880141068546
20230926,512100.SH,ETF,98400,0,2.416,237734.4,0.10257350968126028
20230927,512100.SH,ETF,229700,98400,2.431,558400.7,0.24055912826051998
20230928,512100.SH,ETF,389000,229700,2.449,952660.9999999999,0.4091863444629295
20231009,512100.SH,ETF,431700,389000,2.439,1052916.3,0.45300283058430335
20231010,512100.SH,ETF,522600,431700,2.431,1270440.6,0.5476232539229993
20231011,512100.SH,ETF,522600,522600,2.436,1273053.5999999999,0.5481117387388829
20231012,512100.SH,ETF,419400,419400,2.454,1029207.6000000001,0.44145743128735965
20231013,512100.SH,ETF,233400,233400,2.449,571596.6,0.24558044466975967
20231016,512100.SH,ETF,233400,233400,2.422,565294.8,0.24351708280025366
20231017,512100.SH,ETF,352300,233400,2.418,851861.4,0.36719042565604076
20231018,512100.SH,ETF,395700,352300,2.378,940974.6000000001,0.40830854738729955
20231019,512100.SH,ETF,395700,395700,2.353,931082.1000000001,0.405737799106577
20231020,512100.SH,ETF,257400,257400,2.327,598969.8,0.26189000445224153
20231023,512100.SH,ETF,257400,257400,2.268,583783.2,0.256940341217177
20231024,512100.SH,ETF,151100,151100,2.297,347076.7,0.15244789230143332
20231025,512100.SH,ETF,222300,151100,2.323,516402.89999999997,0.22637523297976211
20231026,512100.SH,ETF,380300,222300,2.339,889521.7,0.38872523418176574
20231027,512100.SH,ETF,547600,380300,2.383,1304930.8,0.5640606677765366
20231030,512100.SH,ETF,647700,547600,2.414,1563547.8,0.6696757564493054
20231031,512100.SH,ETF,596900,596900,2.401,1433156.9,0.6159662860530903
20231101,512100.SH,ETF,467000,467000,2.398,1119866.0,0.48145519927581537
20231102,512100.SH,ETF,323600,323600,2.372,767579.2,0.3312240550363768
20231103,512100.SH,ETF,244700,244700,2.402,587769.4,0.2527665591243077
20231106,512100.SH,ETF,244700,244700,2.451,599759.7000000001,0.2565840294527035
20231107,512100.SH,ETF,327100,244700,2.459,804338.9,0.3436077845372949
20231108,512100.SH,ETF,477700,327100,2.469,1179441.3,0.5027125731305678
20231109,512100.SH,ETF,636600,477700,2.453,1561579.7999999998,0.6682583591117123
20231110,512100.SH,ETF,530000,530000,2.449,1297970.0,0.5561172729491346
20231113,512100.SH,ETF,378700,378700,2.474,936903.8,0.39960163591222
20231114,512100.SH,ETF,248600,248600,2.487,618268.2000000001,0.2633676247235444
20231115,512100.SH,ETF,337600,248600,2.497,842987.2,0.35881946203277376
20231116,512100.SH,ETF,476100,337600,2.471,1176443.1,0.5031264232118037
20231117,512100.SH,ETF,476100,476100,2.498,1189297.8,0.5058224116312816
20231120,512100.SH,ETF,476100,476100,2.515,1197391.5,0.5074970505757395
20231121,512100.SH,ETF,476100,476100,2.497,1188821.7,0.5056810096381957
20231122,512100.SH,ETF,593600,476100,2.47,1466192.0,0.6278387666048014
20231123,512100.SH,ETF,680200,593600,2.494,1696418.8,0.7213977158290555
20231124,512100.SH,ETF,507100,507100,2.459,1246958.9000000001,0.534367147624244
20231127,512100.SH,ETF,389200,389200,2.46,957432.0,0.4101899997274684
20231128,512100.SH,ETF,241200,241200,2.469,595522.7999999999,0.25498605196999863
20231129,512100.SH,ETF,241200,241200,2.462,593834.4,0.2544313959267796
20231205,512100.SH,ETF,153400,0,2.414,370307.60000000003,0.1590519702863571
20231206,512100.SH,ETF,331000,153400,2.424,802344.0,0.34408856682300426
20231207,512100.SH,ETF,331000,331000,2.422,801682.0,0.3438836533431639
20231208,512100.SH,ETF,270100,270100,2.417,652831.7,0.2801884348620654
20231214,512100.SH,ETF,120900,0,2.417,292215.3,0.1257063157492904
20231215,512100.SH,ETF,273300,120900,2.4,655920.0,0.28282995230881375
20231218,512100.SH,ETF,337000,273300,2.362,795994.0,0.3450420172483032
20231219,512100.SH,ETF,233400,233400,2.364,551757.6,0.23911062424791213
20231228,512100.SH,ETF,74000,0,2.34,173160.0,0.07488523170934645
20231229,512100.SH,ETF,214700,74000,2.374,509697.80000000005,0.21970634925763366
20240102,512100.SH,ETF,376800,214700,2.354,886987.2000000001,0.3835154853379487
20240103,512100.SH,ETF,580400,376800,2.343,1359877.2,0.5893922186679021
20240104,512100.SH,ETF,580400,580400,2.329,1351751.6,0.587921023290615
20240105,512100.SH,ETF,396700,396700,2.292,909236.3999999999,0.39820696586032683
20240112,512100.SH,ETF,62900,0,2.243,141084.69999999998,0.06186696880847752
20240115,512100.SH,ETF,62900,62900,2.236,140644.40000000002,0.0616810199886204
20240116,512100.SH,ETF,62900,62900,2.23,140267.0,0.06152091913428619
20240117,512100.SH,ETF,62900,62900,2.168,136367.2,0.05990829552164907
20240118,512100.SH,ETF,151900,62900,2.162,328407.8,0.14432851169188549
20240119,512100.SH,ETF,247800,151900,2.135,529053.0,0.2330712408753378
20240122,512100.SH,ETF,247800,247800,2.018,500060.39999999997,0.22313456694530173
20240123,512100.SH,ETF,155300,155300,2.044,317433.2,0.14144287872366348
20240124,512100.SH,ETF,155300,155300,2.076,322402.8,0.14332969370478132
20240125,512100.SH,ETF,343800,155300,2.147,738138.6,0.3244776865453352
20240126,512100.SH,ETF,673900,343800,2.12,1428668.0,0.632707796328867
20240129,512100.SH,ETF,733800,673900,2.062,1513095.5999999999,0.6829540758989864
20240130,512100.SH,ETF,487100,487100,2.005,976635.5,0.4470468806969943
20240208,512100.SH,ETF,122000,0,2.017,246074.0,0.11234821951951054
20240219,512100.SH,ETF,361300,122000,2.02,729826.0,0.33342921445625534
20240220,512100.SH,ETF,521800,361300,2.025,1056645.0,0.48154525987863506
20240221,512100.SH,ETF,691600,521800,2.035,1407406.0,0.6387724059515727
20240222,512100.SH,ETF,813200,691600,2.07,1683323.9999999998,0.7542027724834146
20240223,512100.SH,ETF,867900,813200,2.105,1826929.5,0.8075804207989268
20240226,512100.SH,ETF,943600,867900,2.109,1990052.4,0.8781563880838726
20240227,512100.SH,ETF,1009400,943600,2.173,2193426.2,0.9408568926987273
20240228,512100.SH,ETF,1009400,1009400,2.068,2087439.2,0.9380352357232477
20240229,512100.SH,ETF,839200,839200,2.151,1805119.1999999997,0.7872379004085422
20240301,512100.SH,ETF,763300,763300,2.175,1660177.4999999998,0.7183675788784052
20240304,512100.SH,ETF,627200,627200,2.179,1366668.7999999998,0.5907760906248817
20240305,512100.SH,ETF,684100,627200,2.163,1479708.2999999998,0.6424728331693254
20240306,512100.SH,ETF,528500,528500,2.161,1142088.5,0.4963601262395855
20240307,512100.SH,ETF,528500,528500,2.129,1125176.5,0.4926102668563103
20240308,512100.SH,ETF,442500,442500,2.157,954472.5,0.4155390610915353
20240311,512100.SH,ETF,442500,442500,2.2,973500.0000000001,0.4203207120006766
20240312,512100.SH,ETF,442500,442500,2.21,977925.0,0.42140595563979577
20240313,512100.SH,ETF,501900,442500,2.217,1112712.3,0.4787318875367657
20240314,512100.SH,ETF,599600,501900,2.204,1321518.4000000001,0.5704157422340952
20240315,512100.SH,ETF,460900,460900,2.238,1031494.2,0.4424583655398336
20240318,512100.SH,ETF,460900,460900,2.275,1048547.5,0.44648673931494304
20240319,512100.SH,ETF,588100,460900,2.253,1324989.3,0.5670619588598715
20240320,512100.SH,ETF,735700,588100,2.273,1672246.1,0.7111891703580829
20240321,512100.SH,ETF,821900,735700,2.272,1867356.7999999998,0.7946108654462782
20240322,512100.SH,ETF,821900,821900,2.246,1845987.4,0.7927124908693861
20240325,512100.SH,ETF,778100,778100,2.196,1708707.6,0.746271406939574
20240326,512100.SH,ETF,502900,502900,2.186,1099339.4,0.4813480326262918
20240327,512100.SH,ETF,311500,311500,2.115,658822.5000000001,0.29144535745940164
20240329,512100.SH,ETF,164200,0,2.187,359105.39999999997,0.15862322289478653
20240401,512100.SH,ETF,226300,164200,2.233,505327.9,0.2222133260241572
20240402,512100.SH,ETF,482200,226300,2.221,1070966.2,0.47202801597867294
20240403,512100.SH,ETF,577400,482200,2.214,1278363.6,0.5644499027655648
20240408,512100.SH,ETF,577400,577400,2.168,1251803.2000000002,0.5592610029929148
20240409,512100.SH,ETF,350500,350500,2.196,769698.0000000001,0.3423913042432556
20240419,512100.SH,ETF,101500,0,2.113,214469.5,0.0954137315830189
20240422,512100.SH,ETF,226700,101500,2.109,478110.3,0.21269257627340513
20240426,512100.SH,ETF,95700,0,2.177,208338.9,0.0925339028038355
20240429,512100.SH,ETF,151900,95700,2.23,338737.0,0.1499376576023527
20240430,512100.SH,ETF,286200,151900,2.207,631643.3999999999,0.280341072021256
20240506,512100.SH,ETF,286200,286200,2.248,643377.6000000001,0.2840528073197718
20240507,512100.SH,ETF,384500,286200,2.257,867816.5,0.3825246024552504
20240508,512100.SH,ETF,384500,384500,2.221,853974.5,0.3787145581420601
20240509,512100.SH,ETF,430200,384500,2.26,972251.9999999999,0.42794650726022293
20240510,512100.SH,ETF,430200,430200,2.24,963648.0000000001,0.42575162152296203
20240513,512100.SH,ETF,241600,241600,2.219,536110.4,0.23765750807640162
20240520,512100.SH,ETF,175200,0,2.248,393849.60000000003,0.1744326231757682
20240521,512100.SH,ETF,284500,175200,2.225,633012.5,0.2811146980205091
20240522,512100.SH,ETF,224700,224700,2.228,500631.60000000003,0.2222690647923528
20240527,512100.SH,ETF,65400,0,2.179,142506.59999999998,0.06327078084298517
20240613,512100.SH,ETF,175700,0,2.093,367740.1,0.16340670068209423
20240614,512100.SH,ETF,175700,175700,2.099,368794.30000000005,0.1637870901435205
20240617,512100.SH,ETF,175700,175700,2.096,368267.2,0.1635799852795165
20240619,512100.SH,ETF,94100,0,2.087,196386.7,0.08733940573911425
20240620,512100.SH,ETF,225400,94100,2.049,461844.6,0.2061330903930738
20240621,512100.SH,ETF,225400,225400,2.046,461168.39999999997,0.20587991311870113
20240624,512100.SH,ETF,122300,122300,1.98,242154.0,0.10855332077250483
20240704,512100.SH,ETF,95800,0,1.932,185085.6,0.0830776648243443
20240705,512100.SH,ETF,95800,95800,1.951,186905.80000000002,0.08381984724978697
20240712,512100.SH,ETF,185700,0,1.978,367314.6,0.16482679262311536
20240715,512100.SH,ETF,185700,185700,1.957,363414.9,0.16335144080474942
20240716,512100.SH,ETF,134100,134100,1.962,263104.2,0.11823489910667626
20240729,512100.SH,ETF,91900,0,1.901,174701.9,0.07850624108364748
20240730,512100.SH,ETF,384500,91900,1.909,734010.5,0.3291522563696435
20240731,512100.SH,ETF,599600,384500,1.993,1195002.8,0.5239668134125319
20240801,512100.SH,ETF,743000,599600,1.98,1471140.0,0.6476858994445082
20240802,512100.SH,ETF,743000,743000,1.953,1451079.0,0.6445275717373029
20240805,512100.SH,ETF,669500,669500,1.901,1272719.5,0.5744682375866546
20240806,512100.SH,ETF,511000,511000,1.927,984697.0,0.4411960253113093
20240807,512100.SH,ETF,432500,432500,1.925,832562.5,0.3732484842056914
20240808,512100.SH,ETF,432500,432500,1.927,833427.5,0.3734721008805986
20240809,512100.SH,ETF,298900,298900,1.908,570301.2,0.2560738584672967
20240816,512100.SH,ETF,178700,0,1.889,337564.3,0.15180589030945318
20240819,512100.SH,ETF,271000,178700,1.893,513003.0,0.23057474405600054
20240820,512100.SH,ETF,197600,197600,1.86,367536.0,0.16566689226610484
20240829,512100.SH,ETF,65000,0,1.847,120055.0,0.05406477240150078
20240830,512100.SH,ETF,65000,65000,1.882,122330.0,0.05502860160521369
20240902,512100.SH,ETF,235900,65000,1.842,434527.80000000005,0.1962254900635922
20240903,512100.SH,ETF,235900,235900,1.858,438302.2,0.1975800547276613
20240904,512100.SH,ETF,235900,235900,1.851,436650.9,0.19696923151946655
20240905,512100.SH,ETF,235900,235900,1.866,440189.4,0.19823583930743333
20240906,512100.SH,ETF,479100,235900,1.835,879148.5,0.3987367401379361
20240909,512100.SH,ETF,536200,479100,1.82,975884.0,0.44410621180861876
20240910,512100.SH,ETF,536200,536200,1.826,979101.2000000001,0.4448984890242603
20240911,512100.SH,ETF,368500,368500,1.825,672512.5,0.3058741112787766
20240912,512100.SH,ETF,204800,204800,1.819,372531.2,0.16949250782518832
20240918,512100.SH,ETF,57100,0,1.789,102151.9,0.04648135950676995
20240919,512100.SH,ETF,57100,57100,1.824,104150.40000000001,0.04734393732450057
20240920,512100.SH,ETF,129900,57100,1.814,235638.6,0.1071557607868814
20240923,512100.SH,ETF,244500,129900,1.816,444012.0,0.20183254613747473
20240924,512100.SH,ETF,533400,244500,1.892,1009192.7999999999,0.4514663698712433
20240925,512100.SH,ETF,713600,533400,1.905,1359408.0,0.6065752396660034
20240926,512100.SH,ETF,846900,713600,1.994,1688718.6,0.7286855127120844
20240927,512100.SH,ETF,994600,846900,2.172,2160271.2,0.8676401425389006
20240930,512100.SH,ETF,1059600,994600,2.389,2531384.4,0.9329443520000292
20241008,512100.SH,ETF,1059600,1059600,2.529,2679728.4,0.9364154769534547
20241009,512100.SH,ETF,1059600,1059600,2.324,2462510.4,0.9311873181764931
20241010,512100.SH,ETF,883500,883500,2.295,2027632.5,0.7736635348020382
20241011,512100.SH,ETF,537500,537500,2.203,1184112.5,0.4614183047935815
20241017,512100.SH,ETF,277900,0,2.235,621106.5,0.24234048455584342
20241018,512100.SH,ETF,277900,277900,2.337,649452.3,0.2506128892490478
20241021,512100.SH,ETF,464100,277900,2.379,1104093.9,0.4232181222828198
20241022,512100.SH,ETF,585400,464100,2.392,1400276.8,0.5350489348717866
20241023,512100.SH,ETF,743500,585400,2.398,1782913.0,0.6802911246358303
20241024,512100.SH,ETF,743500,743500,2.382,1771017.0,0.6788153133198266
20241025,512100.SH,ETF,743500,743500,2.437,1811909.4999999998,0.6837539215797045
20241028,512100.SH,ETF,743500,743500,2.47,1836445.0000000002,0.6866373612338482
20241029,512100.SH,ETF,852800,743500,2.433,2074862.4,0.7853932712111856
20241030,512100.SH,ETF,910800,852800,2.447,2228727.6,0.8393557740682492
20241031,512100.SH,ETF,910800,910800,2.483,2261516.4,0.8413042607668214
20241101,512100.SH,ETF,910800,910800,2.411,2195938.8,0.837324742560442
20241104,512100.SH,ETF,809800,809800,2.466,1996966.8,0.7490702170435327
20241105,512100.SH,ETF,699800,699800,2.549,1783790.2,0.6549064218346838
20241106,512100.SH,ETF,699800,699800,2.557,1789388.5999999999,0.6555956178978831
20241107,512100.SH,ETF,809300,699800,2.605,2108226.5,0.760812825183279
20241108,512100.SH,ETF,903300,809300,2.607,2354903.1,0.8497386087791617
20241111,512100.SH,ETF,812300,812300,2.668,2167216.4,0.7685925951932785
20241112,512100.SH,ETF,753300,753300,2.641,1989465.3,0.7106533412508536
20241113,512100.SH,ETF,575700,575700,2.626,1511788.2,0.542305568030985
20241114,512100.SH,ETF,422800,422800,2.549,1077717.2,0.3912819868832406
20241118,512100.SH,ETF,86500,0,2.43,210195.0,0.07654711840667335
20241119,512100.SH,ETF,262300,86500,2.491,653389.3,0.23648060111911107
20241120,512100.SH,ETF,466800,262300,2.537,1184271.5999999999,0.42502331299073925
20241121,512100.SH,ETF,667000,466800,2.543,1696181.0,0.607730555751801
20241122,512100.SH,ETF,793200,667000,2.447,1940960.4000000001,0.7147983127715464
20241125,512100.SH,ETF,895200,793200,2.458,2200401.6,0.8078625010424757
20241126,512100.SH,ETF,895200,895200,2.426,2171755.2,0.8058073167597988
20241127,512100.SH,ETF,767800,767800,2.486,1908750.8,0.6964388607592759
20241128,512100.SH,ETF,767800,767800,2.472,1898001.6,0.6952260894792113
20241129,512100.SH,ETF,673700,673700,2.513,1693008.0999999999,0.6139958880037211
20241202,512100.SH,ETF,801100,673700,2.564,2054020.4000000001,0.734105522127077
20241203,512100.SH,ETF,942100,801100,2.557,2408949.6999999997,0.863080787364784
20241204,512100.SH,ETF,942100,942100,2.523,2376918.3000000003,0.8614813660067646
20241205,512100.SH,ETF,845800,845800,2.552,2158481.6,0.7756526194677725
20241206,512100.SH,ETF,790700,790700,2.58,2040006.0,0.7273081535736935
20241209,512100.SH,ETF,790700,790700,2.557,2021819.9,0.725512090743734
20241210,512100.SH,ETF,827400,790700,2.584,2138001.6,0.7619757743120478
20241211,512100.SH,ETF,769200,769200,2.617,2012996.4,0.7110672657990736
20241212,512100.SH,ETF,769200,769200,2.637,2028380.4,0.7126119783340948
20241213,512100.SH,ETF,841400,769200,2.585,2175019.0,0.7757302186803056
20241216,512100.SH,ETF,841400,841400,2.552,2147252.8,0.773472595543937
20241217,512100.SH,ETF,727800,727800,2.497,1817316.5999999999,0.6644667434353028
20241218,512100.SH,ETF,413800,413800,2.517,1041534.6,0.3795726621356338
20241219,512100.SH,ETF,361300,361300,2.524,911921.2,0.3321728265777595
20241220,512100.SH,ETF,253300,253300,2.549,645661.7,0.23471539257930973
20241223,512100.SH,ETF,389400,253300,2.477,964543.7999999999,0.35414554683801414
20241224,512100.SH,ETF,216400,216400,2.504,541865.6,0.1984922334116596
20241225,512100.SH,ETF,216400,216400,2.479,536455.6,0.19688762232971976
20241227,512100.SH,ETF,241600,0,2.507,605691.2000000001,0.222303817555483
20241230,512100.SH,ETF,196700,196700,2.5,491750.0,0.1805821864849555
20241231,512100.SH,ETF,196700,196700,2.42,476014.0,0.1758075776807112
20250107,512100.SH,ETF,48900,0,2.31,112959.0,0.04169685209531189
20250108,512100.SH,ETF,181300,48900,2.299,416808.7,0.15390871606886652
20250109,512100.SH,ETF,400200,181300,2.304,922060.7999999999,0.33982529075263673
20250110,512100.SH,ETF,702300,400200,2.255,1583686.5,0.5910883500228821
20250113,512100.SH,ETF,633000,633000,2.26,1430579.9999999998,0.5335565147026176
20250114,512100.SH,ETF,426600,426600,2.364,1008482.3999999999,0.36993465891324157
20250115,512100.SH,ETF,367100,367100,2.309,847633.9,0.313545344877924
20250116,512100.SH,ETF,504600,367100,2.319,1170167.4,0.4322488320473826
20250117,512100.SH,ETF,742500,504600,2.336,1734480.0,0.6372707060714009
20250120,512100.SH,ETF,610700,610700,2.349,1434534.3,0.5252385988121004
20250121,512100.SH,ETF,535400,535400,2.364,1265685.5999999999,0.4619126442543581
20250122,512100.SH,ETF,387300,387300,2.345,908218.5000000001,0.33253046299562017
20250123,512100.SH,ETF,327900,327900,2.333,764990.7000000001,0.28038668913229003
20250124,512100.SH,ETF,188800,188800,2.38,449344.0,0.16419275157571103
20250127,512100.SH,ETF,188800,188800,2.336,441036.8,0.16163673798540912
20250206,512100.SH,ETF,82800,0,2.415,199962.0,0.0730398038633132
20250207,512100.SH,ETF,227800,82800,2.455,559249.0,0.20360869135336004
20250210,512100.SH,ETF,567300,227800,2.483,1408605.9000000001,0.5099460089382867
20250211,512100.SH,ETF,838700,567300,2.478,2078298.6,0.7533874939982809
20250212,512100.SH,ETF,912200,838700,2.515,2294183.0,0.8215003737581926
20250213,512100.SH,ETF,912200,912200,2.491,2272290.2,0.820077799713056
20250214,512100.SH,ETF,730000,730000,2.5,1825000.0,0.6573416861377472
20250217,512100.SH,ETF,730000,730000,2.511,1833030.0,0.6583113108698369
20250218,512100.SH,ETF,730000,730000,2.461,1796530.0,0.6537540680545041
20250219,512100.SH,ETF,606100,606100,2.516,1524947.6,0.5484797129630338
20250220,512100.SH,ETF,606100,606100,2.533,1535251.3,0.5501263910022021
20250221,512100.SH,ETF,606100,606100,2.581,1564344.0999999999,0.5547474430514407
20250224,512100.SH,ETF,750500,606100,2.585,1940042.5,0.6872383638903188
20250225,512100.SH,ETF,698100,698100,2.574,1796909.4,0.6386478076799585
20250226,512100.SH,ETF,542900,542900,2.614,1419140.5999999999,0.5004799896518759
20250227,512100.SH,ETF,446100,446100,2.6,1159860.0,0.41002640911462185
20250228,512100.SH,ETF,392800,392800,2.511,986320.8,0.3531251549338688
20250303,512100.SH,ETF,277800,277800,2.508,696722.4,0.2494834413867186
20250306,512100.SH,ETF,48800,0,2.614,127563.2,0.04571278325531137
20250307,512100.SH,ETF,221300,48800,2.603,576043.9,0.2065343174002309
20250310,512100.SH,ETF,221300,221300,2.606,576707.7999999999,0.20670959250497628
20250311,512100.SH,ETF,221300,221300,2.624,580691.2000000001,0.20782700917952626
20250312,512100.SH,ETF,162400,162400,2.628,426787.2,0.15269377224301997
20250313,512100.SH,ETF,295700,162400,2.588,765271.6,0.27488036785855147
20250314,512100.SH,ETF,295700,295700,2.631,777986.7,0.27816046786350496
20250317,512100.SH,ETF,397700,295700,2.634,1047541.7999999999,0.374362130995152
20250318,512100.SH,ETF,397700,397700,2.645,1051916.5,0.3753193477278206
20250319,512100.SH,ETF,502100,397700,2.627,1319016.7,0.4719683225885676
20250320,512100.SH,ETF,387500,387500,2.616,1013700.0,0.36336446371906733
20250321,512100.SH,ETF,387500,387500,2.562,992774.9999999999,0.35853419386743507
20250324,512100.SH,ETF,327800,327800,2.542,833267.6,0.3016538180834317
20250325,512100.SH,ETF,266500,266500,2.525,672912.5,0.24402753426135926
20250410,512100.SH,ETF,193400,0,2.313,447334.2,0.16200007228903734
20250411,512100.SH,ETF,525700,193400,2.343,1231715.1,0.44271976271173613
20250414,512100.SH,ETF,525700,525700,2.374,1248011.8,0.4459446483738291
20250415,512100.SH,ETF,525700,525700,2.365,1243280.5,0.4449859617916263
20250416,512100.SH,ETF,326500,326500,2.335,762377.5,0.2740665453658121
20250417,512100.SH,ETF,238600,238600,2.336,557369.6,0.20042132345262723
20250418,512100.SH,ETF,238600,238600,2.332,556415.2,0.20013359453789123
20250421,512100.SH,ETF,238600,238600,2.38,567868.0,0.2034016463447311
20250422,512100.SH,ETF,438200,238600,2.38,1042916.0,0.3734888786740694
20250423,512100.SH,ETF,438200,438200,2.394,1049050.8,0.3748429360853694
20250424,512100.SH,ETF,438200,438200,2.371,1038972.2,0.37256413512827236
20250425,512100.SH,ETF,246400,246400,2.376,585446.4,0.20984540792285022
20250507,512100.SH,ETF,212300,0,2.444,518861.2,0.1862842644958704
20250508,512100.SH,ETF,424400,212300,2.466,1046570.4,0.37436306949320003
20250509,512100.SH,ETF,544800,424400,2.437,1327677.5999999999,0.4775998275188006
20250512,512100.SH,ETF,368900,368900,2.471,911551.9,0.3261347005621628
20250513,512100.SH,ETF,250800,250800,2.462,617469.6000000001,0.22093515541099465
20250514,512100.SH,ETF,155400,155400,2.468,383527.2,0.13717906074799152
20250515,512100.SH,ETF,335100,155400,2.428,813622.7999999999,0.2923093967104664
20250516,512100.SH,ETF,444100,335100,2.432,1080051.2,0.3877042583274698
20250519,512100.SH,ETF,606300,444100,2.443,1481190.9000000001,0.5301704108903345
20250520,512100.SH,ETF,736700,606300,2.463,1814492.1,0.6459611430250018
20250521,512100.SH,ETF,822500,736700,2.457,2020882.4999999998,0.7206027396751675
20250522,512100.SH,ETF,744900,744900,2.433,1812341.7,0.6505179091630754
20250523,512100.SH,ETF,447400,447400,2.402,1074654.8,0.38790316739876696
20250527,512100.SH,ETF,46400,0,2.409,111777.59999999999,0.040354746670284734
20250528,512100.SH,ETF,262300,46400,2.403,630306.9,0.227676355745999
20250529,512100.SH,ETF,414500,262300,2.446,1013867.0000000001,0.36396566801163066
20250530,512100.SH,ETF,612000,414500,2.423,1482876.0,0.5347206063769243
20250603,512100.SH,ETF,467900,467900,2.436,1139804.4,0.41030763911776186
20250604,512100.SH,ETF,467900,467900,2.458,1150098.2000000002,0.4124646907948134
20250605,512100.SH,ETF,400500,400500,2.478,992439.0000000001,0.3548862153061482
20250606,512100.SH,ETF,459200,400500,2.473,1135601.5999999999,0.4064125849185796
20250609,512100.SH,ETF,349100,349100,2.498,872051.8,0.3110693546115231
20250610,512100.SH,ETF,349100,349100,2.476,864371.6,0.30915912314936606
20250611,512100.SH,ETF,410600,349100,2.487,1021162.2000000001,0.36463999307712686
20250612,512100.SH,ETF,475800,410600,2.491,1185217.8,0.42282772335632673
20250613,512100.SH,ETF,537200,475800,2.459,1320974.8,0.47408633093194386
20250616,512100.SH,ETF,417200,417200,2.473,1031735.6,0.36963364460580506
20250617,512100.SH,ETF,417200,417200,2.47,1030484.0000000001,0.3693316100827667
20250619,512100.SH,ETF,46900,0,2.437,114295.29999999999,0.040989251744007034
20250624,512100.SH,ETF,151500,0,2.494,377841.00000000006,0.13515965775240718
20250625,512100.SH,ETF,325900,151500,2.531,824852.9,0.2938377041919902
20250626,512100.SH,ETF,567100,325900,2.52,1429092.0,0.5101229617871671
20250627,512100.SH,ETF,567100,567100,2.529,1434195.9,0.510993179608972
20250630,512100.SH,ETF,483600,483600,2.562,1238983.2,0.4388886834278091
20250701,512100.SH,ETF,483600,483600,2.569,1242368.4,0.43954037552107905
20250702,512100.SH,ETF,385400,385400,2.546,981228.3999999999,0.34831281047679435
20250703,512100.SH,ETF,385400,385400,2.557,985467.7999999999,0.3492732690050896
20250704,512100.SH,ETF,287800,287800,2.547,733026.6000000001,0.26012600378226064
20250707,512100.SH,ETF,152400,152400,2.55,388620.0,0.1379106419564269
20250708,512100.SH,ETF,232100,152400,2.586,600210.6,0.21235648836548776
20250709,512100.SH,ETF,278700,232100,2.578,718488.6,0.2544024717128606
20250710,512100.SH,ETF,441500,278700,2.583,1140394.5,0.40346237819841163
20250711,512100.SH,ETF,521800,441500,2.609,1361376.2,0.47936716254074246
20250714,512100.SH,ETF,566700,521800,2.607,1477386.9000000001,0.5204310798145336
20250715,512100.SH,ETF,566700,566700,2.598,1472286.5999999999,0.5195472803785574
20250716,512100.SH,ETF,462000,462000,2.609,1205358.0,0.4245753390993879
20250717,512100.SH,ETF,462000,462000,2.64,1219680.0,0.4274434345990488
20250718,512100.SH,ETF,502900,462000,2.646,1330673.4,0.46584396758735447
20250721,512100.SH,ETF,596300,502900,2.668,1590928.4000000001,0.5544116937337777
20250722,512100.SH,ETF,693100,596300,2.684,1860280.4000000001,0.6458341548592107
20250723,512100.SH,ETF,803800,693100,2.674,2149361.1999999997,0.748334555363717
20250724,512100.SH,ETF,754000,754000,2.71,2043340.0,0.7047843352841778
20250725,512100.SH,ETF,659200,659200,2.708,1785113.6,0.6159650431427087
20250728,512100.SH,ETF,353800,353800,2.716,960920.8,0.3312425009889315
20250729,512100.SH,ETF,246200,246200,2.739,674341.7999999999,0.23203323140971677
20250730,512100.SH,ETF,124600,124600,2.714,338164.4,0.11649612713914417
20250731,512100.SH,ETF,238900,124600,2.695,643835.5,0.22207333272468815
20250801,512100.SH,ETF,331000,238900,2.693,891383.0,0.3074847165004355
20250804,512100.SH,ETF,331000,331000,2.726,902306.0,0.31006658118127023
20250805,512100.SH,ETF,331000,331000,2.742,907602.0,0.31130219660517583
20250806,512100.SH,ETF,278400,278400,2.771,771446.4,0.26386610956740547
20250807,512100.SH,ETF,351500,278400,2.772,974357.9999999999,0.33324827322680844
20250808,512100.SH,ETF,351500,351500,2.763,971194.5,0.33250774102474484
20250811,512100.SH,ETF,351500,351500,2.803,985254.5,0.3356870398573373
20250812,512100.SH,ETF,351500,351500,2.813,988769.5000000001,0.3364632184692798
20250813,512100.SH,ETF,351500,351500,2.854,1003181.0,0.3396827959768524
20250814,512100.SH,ETF,513200,351500,2.823,1448763.5999999999,0.49331614700781257
20250815,512100.SH,ETF,418700,418700,2.881,1206274.7,0.40754540206443396
20250818,512100.SH,ETF,485000,418700,2.923,1417655.0,0.4757350544869074
20250819,512100.SH,ETF,485000,485000,2.925,1418625.0,0.4758850409369542
20250820,512100.SH,ETF,659100,485000,2.958,1949617.8,0.64885656558547
20250821,512100.SH,ETF,659100,659100,2.931,1931822.1,0.6467456033292664
20250822,512100.SH,ETF,363300,363300,2.982,1083360.6,0.3606321299601218
20250825,512100.SH,ETF,244500,244500,3.021,738634.5,0.24497435779672616
20250826,512100.SH,ETF,244500,244500,3.021,738634.5,0.24495907264126052
20250827,512100.SH,ETF,403500,244500,2.968,1197588.0,0.39999328770179854
20250828,512100.SH,ETF,322600,322600,3.009,970703.4,0.3229305101887227
20250829,512100.SH,ETF,322600,322600,3.006,969735.6,0.3226943850088405
20250901,512100.SH,ETF,232800,232800,3.038,707246.3999999999,0.23469783912502154
20250902,512100.SH,ETF,391600,232800,2.959,1158744.4000000001,0.3883197183829646
20250903,512100.SH,ETF,339600,339600,2.914,989594.4,0.33331972936740123
20250904,512100.SH,ETF,272500,272500,2.846,775535.0,0.2628704861966094
20250908,512100.SH,ETF,48000,0,2.953,141744.0,0.04802926485546878
20250909,512100.SH,ETF,102700,48000,2.919,299781.3,0.10167801088139063
20250910,512100.SH,ETF,151800,102700,2.921,443407.8,0.15035997128913275
20250911,512100.SH,ETF,151800,151800,2.999,455248.2,0.15374695754766607
20250912,512100.SH,ETF,207600,151800,3.0,622800.0,0.210314186375076
20250915,512100.SH,ETF,314400,207600,2.997,942256.7999999999,0.3183041569004514
20250916,512100.SH,ETF,314400,314400,3.029,952317.6,0.320595149578474
20250917,512100.SH,ETF,314400,314400,3.056,960806.4,0.3225131164182804
20250918,512100.SH,ETF,314400,314400,3.017,948544.7999999999,0.3196951897241618
20250919,512100.SH,ETF,314400,314400,3.006,945086.3999999999,0.31888334420154224
20250922,512100.SH,ETF,204500,204500,3.031,619839.5,0.20877127566190457
20250923,512100.SH,ETF,109900,109900,2.995,329150.5,0.11101506646017828
20250924,512100.SH,ETF,109900,109900,3.047,334865.3,0.11271699972730191
20250925,512100.SH,ETF,211300,109900,3.036,641506.8,0.21609269012464571
20250926,512100.SH,ETF,211300,211300,2.995,632843.5,0.213784468202879
20250929,512100.SH,ETF,117000,117000,3.032,354744.0,0.11967150479630065
20251009,512100.SH,ETF,49400,0,3.089,152596.6,0.051438795067414486
20251010,512100.SH,ETF,159700,49400,3.048,486765.60000000003,0.16438974798537254
20251013,512100.SH,ETF,159700,159700,3.039,485328.30000000005,0.1639726142168014
20251014,512100.SH,ETF,106100,106100,2.985,316708.5,0.10717823237810484
20251022,512100.SH,ETF,145200,0,2.958,429501.60000000003,0.1452977021319572
20251023,512100.SH,ETF,331900,145200,2.96,982424.0,0.33209712484362597
20251024,512100.SH,ETF,331900,331900,3.008,998355.2,0.3356563261273269
20251027,512100.SH,ETF,228100,228100,3.03,691143.0,0.23181330961359622
20251028,512100.SH,ETF,164800,164800,3.025,498520.0,0.16726075220865255
20251029,512100.SH,ETF,235200,164800,3.066,721123.2,0.2411946582650755
20251030,512100.SH,ETF,335000,235200,3.035,1016725.0,0.3411919276303219
20251031,512100.SH,ETF,335000,335000,3.037,1017395.0,0.3413214398037068
20251103,512100.SH,ETF,208100,208100,3.049,634496.9,0.21270441906589488
20251104,512100.SH,ETF,162000,162000,3.008,487296.0,0.16373770407912727
20251105,512100.SH,ETF,218500,162000,3.023,660525.5,0.2215668248800691
20251106,512100.SH,ETF,382500,218500,3.057,1169302.5,0.3905401290468016
20251107,512100.SH,ETF,437600,382500,3.055,1336868.0,0.44654646872748155
20251110,512100.SH,ETF,501300,437600,3.059,1533476.7000000002,0.5120242036510647
20251111,512100.SH,ETF,446800,446800,3.052,1363633.6,0.45570749869348987
20251112,512100.SH,ETF,446800,446800,3.034,1355591.2,0.4542201966254793
20251113,512100.SH,ETF,446800,446800,3.076,1374356.8,0.4576100068461932
20251114,512100.SH,ETF,585500,446800,3.035,1776992.5,0.5958245733365766
20251117,512100.SH,ETF,585500,585500,3.042,1781091.0,0.596359346151321
20251118,512100.SH,ETF,702200,585500,3.018,2119239.5999999996,0.7134371471822415
20251119,512100.SH,ETF,529500,529500,2.992,1584264.0,0.5360366379096437
20251120,512100.SH,ETF,451700,451700,2.973,1342904.0999999999,0.4555008109006431
20251126,512100.SH,ETF,147300,0,2.933,432030.89999999997,0.14720704440729146
20251127,512100.SH,ETF,364100,147300,2.936,1068997.6,0.36412720185200165
20251128,512100.SH,ETF,302200,302200,2.967,896627.4,0.30444042008293265
20251201,512100.SH,ETF,220700,220700,2.987,659230.9,0.22343924351084693
20251202,512100.SH,ETF,220700,220700,2.962,653713.4,0.2219700058829697
20251203,512100.SH,ETF,330700,220700,2.935,970604.5,0.3305982494695278
20251204,512100.SH,ETF,330700,330700,2.938,971596.6000000001,0.33080608236937187
20251205,512100.SH,ETF,203200,203200,2.978,605129.6000000001,0.20549912237021709
20251208,512100.SH,ETF,143100,143100,3.004,429872.4,0.14577174055850597
20251209,512100.SH,ETF,249600,143100,2.987,745555.2000000001,0.2531562063172868
20251210,512100.SH,ETF,412500,249600,2.999,1237087.5,0.4192517312773866
20251211,512100.SH,ETF,480000,412500,2.968,1424640.0,0.48531271296517026
20251212,512100.SH,ETF,292700,292700,2.988,874587.6,0.297332796902538
20251215,512100.SH,ETF,292700,292700,2.967,868440.9,0.2958441504763468
20251216,512100.SH,ETF,221900,221900,2.916,647060.4,0.22129661629731845
20251217,512100.SH,ETF,221900,221900,2.955,655714.5,0.22358021932745273
20251222,512100.SH,ETF,189900,0,3.001,569889.9,0.19441717270085598
20251223,512100.SH,ETF,405000,189900,2.998,1214190.0,0.41435577430867204
20251224,512100.SH,ETF,405000,405000,3.045,1233225.0,0.4181154040842508
20251225,512100.SH,ETF,444400,405000,3.071,1364752.4000000001,0.46088586495501627
20251226,512100.SH,ETF,524300,444400,3.082,1615892.5999999999,0.5446094776367341
20251229,512100.SH,ETF,656600,524300,3.077,2020358.2,0.681711056124464
20251230,512100.SH,ETF,656600,656600,3.08,2022328.0,0.6819045413888947
20251231,512100.SH,ETF,551800,551800,3.079,1698992.2000000002,0.5728555238285334
20260105,512100.SH,ETF,415000,415000,3.15,1307250.0,0.43622573880890525
20260106,512100.SH,ETF,415000,415000,3.195,1325925.0,0.4396969465248119
20260107,512100.SH,ETF,551600,415000,3.203,1766774.7999999998,0.5850555719655253
20260108,512100.SH,ETF,657100,551600,3.231,2123090.1,0.6986410626366755
20260109,512100.SH,ETF,773300,657100,3.305,2555756.5,0.8253567083116412
20260112,512100.SH,ETF,773300,773300,3.406,2633859.8000000003,0.829641632036134
20260113,512100.SH,ETF,848900,773300,3.337,2832779.3000000003,0.9091469798986203
20260114,512100.SH,ETF,775100,775100,3.345,2592709.5,0.8308212508662426
20260115,512100.SH,ETF,695200,695200,3.345,2325444.0,0.7457088285776625
20260116,512100.SH,ETF,383000,383000,3.336,1277688.0,0.4093208841937022
20260122,512100.SH,ETF,90000,0,3.33,299700.0,0.09667506068809797
20260123,512100.SH,ETF,156800,90000,3.402,533433.6,0.17148907600473468
20260126,512100.SH,ETF,307900,156800,3.344,1029617.6,0.33298881356484755
20260127,512100.SH,ETF,307900,307900,3.357,1033620.3,0.3338327738223167
20260128,512100.SH,ETF,307900,307900,3.366,1036391.4,0.3344100618508546
20260129,512100.SH,ETF,245800,245800,3.34,820972.0,0.2654893669090392
20260130,512100.SH,ETF,323500,245800,3.311,1071108.5,0.34726311282129485
20260202,512100.SH,ETF,227400,227400,3.175,721995.0,0.23672105168417568
20260205,512100.SH,ETF,99000,0,3.232,319968.0,0.10468067129531464
20260206,512100.SH,ETF,174500,99000,3.221,562064.5,0.18380449965316184
20260210,512100.SH,ETF,51400,0,3.301,169671.4,0.05535272219516163
20260211,512100.SH,ETF,177300,51400,3.303,585621.9,0.19098126119809627
20260212,512100.SH,ETF,234000,177300,3.336,780624.0,0.2539179911988555
20260213,512100.SH,ETF,234000,234000,3.285,768690.0,0.2509949975058823
20260225,512100.SH,ETF,75200,0,3.371,253499.2,0.08246016886077048
20260226,512100.SH,ETF,126400,75200,3.396,429254.39999999997,0.13949803881869605
20260227,512100.SH,ETF,255400,126400,3.431,876277.4,0.28379466518815866
20260302,512100.SH,ETF,355300,255400,3.393,1205532.9,0.3916997449285871
20260303,512100.SH,ETF,355300,355300,3.268,1161120.4,0.3827736568262808
20260304,512100.SH,ETF,417000,355300,3.238,1350246.0,0.44665715817547696
20260305,512100.SH,ETF,262400,262400,3.266,856998.4,0.2821354104901086
20260311,512100.SH,ETF,54800,0,3.346,183360.80000000002,0.06046518251289548
20260312,512100.SH,ETF,93600,54800,3.338,312436.8,0.10303091727921163
20260313,512100.SH,ETF,161200,93600,3.291,530509.2,0.1753059120272053
20260316,512100.SH,ETF,91400,91400,3.285,300249.0,0.09924718178002147
20260326,512100.SH,ETF,246900,0,3.057,754773.2999999999,0.24996539352700659
20260327,512100.SH,ETF,377000,246900,3.106,1170962.0,0.384770128223833
20260330,512100.SH,ETF,377000,377000,3.109,1172093.0,0.3849791194654431
20260331,512100.SH,ETF,226100,226100,3.051,689831.1000000001,0.22760661001441782
20260401,512100.SH,ETF,186500,186500,3.107,579455.5,0.19039925956053036
20260409,512100.SH,ETF,111200,0,3.171,352615.19999999995,0.11589151198849582
20260410,512100.SH,ETF,231100,111200,3.201,739751.1,0.2427191254365162
20260413,512100.SH,ETF,231100,231100,3.213,742524.3,0.2433923393509509
20260414,512100.SH,ETF,231100,231100,3.263,754079.2999999999,0.24623192817206754
20260415,512100.SH,ETF,276500,231100,3.246,897519.0,0.29359747308729195
20260416,512100.SH,ETF,276500,276500,3.298,911897.0,0.2968871254531024
20260417,512100.SH,ETF,276500,276500,3.33,920745.0,0.2988894125679567
20260420,512100.SH,ETF,323400,276500,3.345,1081773.0,0.3505944428506001
20260421,512100.SH,ETF,512900,323400,3.344,1715137.5999999999,0.5557189981713716
20260422,512100.SH,ETF,512900,512900,3.401,1744372.9,0.5598675880242904
20260423,512100.SH,ETF,388400,388400,3.355,1303082.0,0.42065318720296363
20260424,512100.SH,ETF,213500,213500,3.326,710101.0,0.23003507007881563
20260506,512100.SH,ETF,63000,0,3.433,216279.0,0.06998797261538876
20260507,512100.SH,ETF,205600,63000,3.493,718160.7999999999,0.23163645834260832
20260508,512100.SH,ETF,350200,205600,3.506,1227801.2,0.3950616427320018
20260511,512100.SH,ETF,452800,350200,3.555,1609704.0,0.5146022245652931
20260512,512100.SH,ETF,493800,452800,3.54,1748052.0,0.5601494803395799
20260513,512100.SH,ETF,419000,419000,3.598,1507562.0,0.4796951262630604
20260514,512100.SH,ETF,419000,419000,3.529,1478651.0,0.4748436542002179
20260515,512100.SH,ETF,320800,320800,3.488,1118950.4,0.36089147516032044
20260518,512100.SH,ETF,206700,206700,3.503,724070.1,0.2334275497254151
20260520,512100.SH,ETF,92500,0,3.545,327912.5,0.10564748606626084
20260521,512100.SH,ETF,189100,92500,3.432,648991.2,0.21060672206877948
20260522,512100.SH,ETF,134800,134800,3.495,471126.0,0.15242322980383052
20260525,512100.SH,ETF,134800,134800,3.539,477057.2,0.15403577682815175
20260526,512100.SH,ETF,134800,134800,3.499,471665.2,0.1525496927429479
20260527,512100.SH,ETF,174400,134800,3.437,599412.7999999999,0.19451860977560678
20260617,512100.SH,ETF,134500,0,3.519,473305.5,0.15313925810807033
20260618,512100.SH,ETF,255400,134500,3.544,905137.6,0.29205356642468383
20260622,512100.SH,ETF,255400,255400,3.58,914332.0,0.29413044940989336
20260623,512100.SH,ETF,255400,255400,3.51,896454.0,0.2900303854867408
20260624,512100.SH,ETF,255400,255400,3.551,906925.4,0.29241041392328393
20260625,512100.SH,ETF,215500,215500,3.569,769119.5,0.24766596852359396
20260626,512100.SH,ETF,144700,144700,3.484,504134.8,0.16304939539109453
20260702,512100.SH,ETF,87600,0,3.491,305811.60000000003,0.09913662830469765
20260703,512100.SH,ETF,87600,87600,3.488,305548.8,0.09905249898576021
20260706,512100.SH,ETF,87600,87600,3.435,300906.0,0.09768715593152698
20260724,512100.SH,ETF,95200,0,2.832,269606.39999999997,0.08763945104223697
20260728,512100.SH,ETF,183300,0,2.848,522038.39999999997,0.17013897114952667
20260729,512100.SH,ETF,141100,141100,2.878,406085.8,0.13215749698132456
20260730,512100.SH,ETF,237200,141100,2.798,663685.6,0.21720621265859552
20260803,512100.SH,ETF,83700,0,2.867,239967.9,0.07801944030050874
20260804,512100.SH,ETF,83700,83700,2.943,246329.1,0.07991625148353232
20260805,512100.SH,ETF,329400,83700,3.035,999729.0,0.32087289224833715
20260806,512100.SH,ETF,552700,329400,3.049,1685182.3,0.538226307615272
