trade_date,code,variant,target_weight
20230103,512100.SH,B0,0.5284
20230103,512100.SH,B1,0.5284
20230104,512100.SH,B0,0.7451
20230104,512100.SH,B1,0.6367
20230105,512100.SH,B0,0.5992
20230105,512100.SH,B1,0.6367
20230106,512100.SH,B0,0.3771
20230106,512100.SH,B1,0.5069
20230109,512100.SH,B0,0.0
20230109,512100.SH,B1,0.0
20230110,512100.SH,B0,0.0
20230110,512100.SH,B1,0.0
20230111,512100.SH,B0,0.0
20230111,512100.SH,B1,0.0
20230112,512100.SH,B0,0.0942
20230112,512100.SH,B1,0.0471
20230113,512100.SH,B0,0.1323
20230113,512100.SH,B1,0.0897
20230116,512100.SH,B0,0.1016
20230116,512100.SH,B1,0.0897
20230117,512100.SH,B0,0.2005
20230117,512100.SH,B1,0.1451
20230118,512100.SH,B0,0.2156
20230118,512100.SH,B1,0.1451
20230119,512100.SH,B0,0.3063
20230119,512100.SH,B1,0.2257
20230120,512100.SH,B0,0.0631
20230120,512100.SH,B1,0.1444
20230130,512100.SH,B0,0.0235
20230130,512100.SH,B1,0.084
20230131,512100.SH,B0,0.2913
20230131,512100.SH,B1,0.1876
20230201,512100.SH,B0,0.543
20230201,512100.SH,B1,0.3653
20230202,512100.SH,B0,0.9159
20230202,512100.SH,B1,0.6406
20230203,512100.SH,B0,0.5844
20230203,512100.SH,B1,0.6406
20230206,512100.SH,B0,0.4746
20230206,512100.SH,B1,0.5576
20230207,512100.SH,B0,0.2456
20230207,512100.SH,B1,0.4016
20230208,512100.SH,B0,0.4727
20230208,512100.SH,B1,0.4016
20230209,512100.SH,B0,0.4639
20230209,512100.SH,B1,0.4016
20230210,512100.SH,B0,0.452
20230210,512100.SH,B1,0.4016
20230213,512100.SH,B0,0.1392
20230213,512100.SH,B1,0.2704
20230214,512100.SH,B0,0.3771
20230214,512100.SH,B1,0.3238
20230215,512100.SH,B0,0.1378
20230215,512100.SH,B1,0.2308
20230216,512100.SH,B0,0.3353
20230216,512100.SH,B1,0.283
20230217,512100.SH,B0,0.0
20230217,512100.SH,B1,0.0
20230220,512100.SH,B0,0.0
20230220,512100.SH,B1,0.0
20230221,512100.SH,B0,0.0
20230221,512100.SH,B1,0.0
20230222,512100.SH,B0,0.0
20230222,512100.SH,B1,0.0
20230223,512100.SH,B0,0.0315
20230223,512100.SH,B1,0.0
20230224,512100.SH,B0,0.049
20230224,512100.SH,B1,0.0
20230227,512100.SH,B0,0.1033
20230227,512100.SH,B1,0.0517
20230228,512100.SH,B0,0.0
20230228,512100.SH,B1,0.0
20230301,512100.SH,B0,0.0
20230301,512100.SH,B1,0.0
20230302,512100.SH,B0,0.0
20230302,512100.SH,B1,0.0
20230303,512100.SH,B0,0.1585
20230303,512100.SH,B1,0.0792
20230306,512100.SH,B0,0.0
20230306,512100.SH,B1,0.0
20230307,512100.SH,B0,0.0
20230307,512100.SH,B1,0.0
20230308,512100.SH,B0,0.0
20230308,512100.SH,B1,0.0
20230309,512100.SH,B0,0.1778
20230309,512100.SH,B1,0.0889
20230310,512100.SH,B0,0.3581
20230310,512100.SH,B1,0.2235
20230313,512100.SH,B0,0.2924
20230313,512100.SH,B1,0.2235
20230314,512100.SH,B0,0.2523
20230314,512100.SH,B1,0.2235
20230315,512100.SH,B0,0.1682
20230315,512100.SH,B1,0.2235
20230316,512100.SH,B0,0.4045
20230316,512100.SH,B1,0.314
20230317,512100.SH,B0,0.3989
20230317,512100.SH,B1,0.3564
20230320,512100.SH,B0,0.5452
20230320,512100.SH,B1,0.4508
20230321,512100.SH,B0,0.425
20230321,512100.SH,B1,0.4508
20230322,512100.SH,B0,0.6264
20230322,512100.SH,B1,0.5386
20230323,512100.SH,B0,0.328
20230323,512100.SH,B1,0.4333
20230324,512100.SH,B0,0.2599
20230324,512100.SH,B1,0.3466
20230327,512100.SH,B0,0.0
20230327,512100.SH,B1,0.0
20230328,512100.SH,B0,0.0909
20230328,512100.SH,B1,0.0454
20230329,512100.SH,B0,0.0
20230329,512100.SH,B1,0.0
20230330,512100.SH,B0,0.0
20230330,512100.SH,B1,0.0
20230331,512100.SH,B0,0.0
20230331,512100.SH,B1,0.0
20230403,512100.SH,B0,0.0
20230403,512100.SH,B1,0.0
20230404,512100.SH,B0,0.0652
20230404,512100.SH,B1,0.0
20230406,512100.SH,B0,0.1738
20230406,512100.SH,B1,0.0869
20230407,512100.SH,B0,0.3038
20230407,512100.SH,B1,0.1953
20230410,512100.SH,B0,0.2772
20230410,512100.SH,B1,0.2363
20230411,512100.SH,B0,0.044
20230411,512100.SH,B1,0.1401
20230412,512100.SH,B0,0.0
20230412,512100.SH,B1,0.0
20230413,512100.SH,B0,0.0
20230413,512100.SH,B1,0.0
20230414,512100.SH,B0,0.0
20230414,512100.SH,B1,0.0
20230417,512100.SH,B0,0.0
20230417,512100.SH,B1,0.0
20230418,512100.SH,B0,0.0
20230418,512100.SH,B1,0.0
20230419,512100.SH,B0,0.0
20230419,512100.SH,B1,0.0
20230420,512100.SH,B0,0.0
20230420,512100.SH,B1,0.0
20230421,512100.SH,B0,0.0
20230421,512100.SH,B1,0.0
20230424,512100.SH,B0,0.0
20230424,512100.SH,B1,0.0
20230425,512100.SH,B0,0.0
20230425,512100.SH,B1,0.0
20230426,512100.SH,B0,0.0
20230426,512100.SH,B1,0.0
20230427,512100.SH,B0,0.0
20230427,512100.SH,B1,0.0
20230428,512100.SH,B0,0.0
20230428,512100.SH,B1,0.0
20230504,512100.SH,B0,0.0
20230504,512100.SH,B1,0.0
20230505,512100.SH,B0,0.0039
20230505,512100.SH,B1,0.0
20230508,512100.SH,B0,0.1103
20230508,512100.SH,B1,0.0551
20230509,512100.SH,B0,0.2622
20230509,512100.SH,B1,0.1587
20230510,512100.SH,B0,0.0
20230510,512100.SH,B1,0.0
20230511,512100.SH,B0,0.0
20230511,512100.SH,B1,0.0
20230512,512100.SH,B0,0.0
20230512,512100.SH,B1,0.0
20230515,512100.SH,B0,0.0
20230515,512100.SH,B1,0.0
20230516,512100.SH,B0,0.0
20230516,512100.SH,B1,0.0
20230517,512100.SH,B0,0.0
20230517,512100.SH,B1,0.0
20230518,512100.SH,B0,0.0
20230518,512100.SH,B1,0.0
20230519,512100.SH,B0,0.0
20230519,512100.SH,B1,0.0
20230522,512100.SH,B0,0.0446
20230522,512100.SH,B1,0.0
20230523,512100.SH,B0,0.0
20230523,512100.SH,B1,0.0
20230524,512100.SH,B0,0.0
20230524,512100.SH,B1,0.0
20230525,512100.SH,B0,0.3321
20230525,512100.SH,B1,0.166
20230526,512100.SH,B0,0.5492
20230526,512100.SH,B1,0.3576
20230529,512100.SH,B0,0.5459
20230529,512100.SH,B1,0.4518
20230530,512100.SH,B0,0.3781
20230530,512100.SH,B1,0.4518
20230531,512100.SH,B0,0.3125
20230531,512100.SH,B1,0.3821
20230601,512100.SH,B0,0.3249
20230601,512100.SH,B1,0.3821
20230602,512100.SH,B0,0.3014
20230602,512100.SH,B1,0.3418
20230605,512100.SH,B0,0.1126
20230605,512100.SH,B1,0.2272
20230606,512100.SH,B0,0.042
20230606,512100.SH,B1,0.1346
20230607,512100.SH,B0,0.0
20230607,512100.SH,B1,0.0
20230608,512100.SH,B0,0.138
20230608,512100.SH,B1,0.069
20230609,512100.SH,B0,0.1049
20230609,512100.SH,B1,0.069
20230612,512100.SH,B0,0.2913
20230612,512100.SH,B1,0.1801
20230613,512100.SH,B0,0.3015
20230613,512100.SH,B1,0.2408
20230614,512100.SH,B0,0.4244
20230614,512100.SH,B1,0.3326
20230615,512100.SH,B0,0.2854
20230615,512100.SH,B1,0.3326
20230616,512100.SH,B0,0.0142
20230616,512100.SH,B1,0.1734
20230619,512100.SH,B0,0.0
20230619,512100.SH,B1,0.0
20230620,512100.SH,B0,0.0845
20230620,512100.SH,B1,0.0423
20230621,512100.SH,B0,0.0695
20230621,512100.SH,B1,0.0423
20230626,512100.SH,B0,0.0
20230626,512100.SH,B1,0.0
20230627,512100.SH,B0,0.0
20230627,512100.SH,B1,0.0
20230628,512100.SH,B0,0.0
20230628,512100.SH,B1,0.0
20230629,512100.SH,B0,0.1118
20230629,512100.SH,B1,0.0559
20230630,512100.SH,B0,0.2343
20230630,512100.SH,B1,0.1451
20230703,512100.SH,B0,0.0896
20230703,512100.SH,B1,0.1451
20230704,512100.SH,B0,0.0896
20230704,512100.SH,B1,0.1451
20230705,512100.SH,B0,0.0151
20230705,512100.SH,B1,0.0801
20230706,512100.SH,B0,0.0
20230706,512100.SH,B1,0.0
20230707,512100.SH,B0,0.0417
20230707,512100.SH,B1,0.0
20230710,512100.SH,B0,0.0
20230710,512100.SH,B1,0.0
20230711,512100.SH,B0,0.1199
20230711,512100.SH,B1,0.0599
20230712,512100.SH,B0,0.0458
20230712,512100.SH,B1,0.0599
20230713,512100.SH,B0,0.1445
20230713,512100.SH,B1,0.1022
20230714,512100.SH,B0,0.1374
20230714,512100.SH,B1,0.1022
20230717,512100.SH,B0,0.1463
20230717,512100.SH,B1,0.1022
20230718,512100.SH,B0,0.0018
20230718,512100.SH,B1,0.052
20230719,512100.SH,B0,0.0
20230719,512100.SH,B1,0.0
20230720,512100.SH,B0,0.0
20230720,512100.SH,B1,0.0
20230721,512100.SH,B0,0.0
20230721,512100.SH,B1,0.0
20230724,512100.SH,B0,0.0487
20230724,512100.SH,B1,0.0
20230725,512100.SH,B0,0.0
20230725,512100.SH,B1,0.0
20230726,512100.SH,B0,0.0348
20230726,512100.SH,B1,0.0
20230727,512100.SH,B0,0.1551
20230727,512100.SH,B1,0.0776
20230728,512100.SH,B0,0.233
20230728,512100.SH,B1,0.1553
20230731,512100.SH,B0,0.0
20230731,512100.SH,B1,0.0
20230801,512100.SH,B0,0.0613
20230801,512100.SH,B1,0.0
20230802,512100.SH,B0,0.0226
20230802,512100.SH,B1,0.0
20230803,512100.SH,B0,0.0
20230803,512100.SH,B1,0.0
20230804,512100.SH,B0,0.0
20230804,512100.SH,B1,0.0
20230807,512100.SH,B0,0.0
20230807,512100.SH,B1,0.0
20230808,512100.SH,B0,0.0
20230808,512100.SH,B1,0.0
20230809,512100.SH,B0,0.0
20230809,512100.SH,B1,0.0
20230810,512100.SH,B0,0.0
20230810,512100.SH,B1,0.0
20230811,512100.SH,B0,0.0
20230811,512100.SH,B1,0.0
20230814,512100.SH,B0,0.0
20230814,512100.SH,B1,0.0
20230815,512100.SH,B0,0.0
20230815,512100.SH,B1,0.0
20230816,512100.SH,B0,0.0
20230816,512100.SH,B1,0.0
20230817,512100.SH,B0,0.0
20230817,512100.SH,B1,0.0
20230818,512100.SH,B0,0.074
20230818,512100.SH,B1,0.0
20230821,512100.SH,B0,0.0114
20230821,512100.SH,B1,0.0
20230822,512100.SH,B0,0.2549
20230822,512100.SH,B1,0.1275
20230823,512100.SH,B0,0.0464
20230823,512100.SH,B1,0.0869
20230824,512100.SH,B0,0.075
20230824,512100.SH,B1,0.0869
20230825,512100.SH,B0,0.0
20230825,512100.SH,B1,0.0
20230828,512100.SH,B0,0.0
20230828,512100.SH,B1,0.0
20230829,512100.SH,B0,0.0
20230829,512100.SH,B1,0.0
20230830,512100.SH,B0,0.0447
20230830,512100.SH,B1,0.0
20230831,512100.SH,B0,0.2287
20230831,512100.SH,B1,0.1143
20230901,512100.SH,B0,0.1793
20230901,512100.SH,B1,0.1143
20230904,512100.SH,B0,0.0
20230904,512100.SH,B1,0.0
20230905,512100.SH,B0,0.0894
20230905,512100.SH,B1,0.0447
20230906,512100.SH,B0,0.0
20230906,512100.SH,B1,0.0
20230907,512100.SH,B0,0.3928
20230907,512100.SH,B1,0.1964
20230908,512100.SH,B0,0.0323
20230908,512100.SH,B1,0.1144
20230911,512100.SH,B0,0.1506
20230911,512100.SH,B1,0.1144
20230912,512100.SH,B0,0.0
20230912,512100.SH,B1,0.0
20230913,512100.SH,B0,0.0
20230913,512100.SH,B1,0.0
20230914,512100.SH,B0,0.0
20230914,512100.SH,B1,0.0
20230915,512100.SH,B0,0.0
20230915,512100.SH,B1,0.0
20230918,512100.SH,B0,0.0921
20230918,512100.SH,B1,0.0461
20230919,512100.SH,B0,0.1305
20230919,512100.SH,B1,0.0883
20230920,512100.SH,B0,0.0049
20230920,512100.SH,B1,0.0466
20230921,512100.SH,B0,0.0
20230921,512100.SH,B1,0.0
20230922,512100.SH,B0,0.0
20230922,512100.SH,B1,0.0
20230925,512100.SH,B0,0.0
20230925,512100.SH,B1,0.0
20230926,512100.SH,B0,0.2059
20230926,512100.SH,B1,0.1029
20230927,512100.SH,B0,0.3758
20230927,512100.SH,B1,0.2394
20230928,512100.SH,B0,0.5756
20230928,512100.SH,B1,0.4075
20231009,512100.SH,B0,0.4988
20231009,512100.SH,B1,0.4531
20231010,512100.SH,B0,0.6443
20231010,512100.SH,B1,0.5487
20231011,512100.SH,B0,0.4973
20231011,512100.SH,B1,0.5487
20231012,512100.SH,B0,0.3332
20231012,512100.SH,B1,0.4409
20231013,512100.SH,B0,0.049
20231013,512100.SH,B1,0.245
20231016,512100.SH,B0,0.1821
20231016,512100.SH,B1,0.245
20231017,512100.SH,B0,0.4903
20231017,512100.SH,B1,0.3677
20231018,512100.SH,B0,0.4553
20231018,512100.SH,B1,0.4115
20231019,512100.SH,B0,0.3973
20231019,512100.SH,B1,0.4115
20231020,512100.SH,B0,0.1155
20231020,512100.SH,B1,0.2635
20231023,512100.SH,B0,0.1983
20231023,512100.SH,B1,0.2635
20231024,512100.SH,B0,0.0384
20231024,512100.SH,B1,0.1509
20231025,512100.SH,B0,0.3008
20231025,512100.SH,B1,0.2259
20231026,512100.SH,B0,0.547
20231026,512100.SH,B1,0.3864
20231027,512100.SH,B0,0.731
20231027,512100.SH,B1,0.5587
20231030,512100.SH,B0,0.7725
20231030,512100.SH,B1,0.6656
20231031,512100.SH,B0,0.5677
20231031,512100.SH,B1,0.6166
20231101,512100.SH,B0,0.3482
20231101,512100.SH,B1,0.4824
20231102,512100.SH,B0,0.1849
20231102,512100.SH,B1,0.3336
20231103,512100.SH,B0,0.1683
20231103,512100.SH,B1,0.251
20231106,512100.SH,B0,0.2691
20231106,512100.SH,B1,0.251
20231107,512100.SH,B0,0.4332
20231107,512100.SH,B1,0.3421
20231108,512100.SH,B0,0.6606
20231108,512100.SH,B1,0.5013
20231109,512100.SH,B0,0.8371
20231109,512100.SH,B1,0.6692
20231110,512100.SH,B0,0.4427
20231110,512100.SH,B1,0.5559
20231113,512100.SH,B0,0.2401
20231113,512100.SH,B1,0.398
20231114,512100.SH,B0,0.1266
20231114,512100.SH,B1,0.2623
20231115,512100.SH,B0,0.457
20231115,512100.SH,B1,0.3596
20231116,512100.SH,B0,0.6499
20231116,512100.SH,B1,0.5048
20231117,512100.SH,B0,0.4517
20231117,512100.SH,B1,0.5048
20231120,512100.SH,B0,0.4776
20231120,512100.SH,B1,0.5048
20231121,512100.SH,B0,0.5073
20231121,512100.SH,B1,0.5048
20231122,512100.SH,B0,0.7554
20231122,512100.SH,B1,0.6301
20231123,512100.SH,B0,0.8089
20231123,512100.SH,B1,0.7195
20231124,512100.SH,B0,0.3562
20231124,512100.SH,B1,0.5378
20231127,512100.SH,B0,0.2828
20231127,512100.SH,B1,0.4103
20231128,512100.SH,B0,0.0976
20231128,512100.SH,B1,0.254
20231129,512100.SH,B0,0.2034
20231129,512100.SH,B1,0.254
20231130,512100.SH,B0,0.0
20231130,512100.SH,B1,0.0
20231201,512100.SH,B0,0.0
20231201,512100.SH,B1,0.0
20231204,512100.SH,B0,0.0
20231204,512100.SH,B1,0.0
20231205,512100.SH,B0,0.3222
20231205,512100.SH,B1,0.1611
20231206,512100.SH,B0,0.525
20231206,512100.SH,B1,0.343
20231207,512100.SH,B0,0.3889
20231207,512100.SH,B1,0.343
20231208,512100.SH,B0,0.2183
20231208,512100.SH,B1,0.2806
20231211,512100.SH,B0,0.0
20231211,512100.SH,B1,0.0
20231212,512100.SH,B0,0.0
20231212,512100.SH,B1,0.0
20231213,512100.SH,B0,0.0
20231213,512100.SH,B1,0.0
20231214,512100.SH,B0,0.2533
20231214,512100.SH,B1,0.1267
20231215,512100.SH,B0,0.4429
20231215,512100.SH,B1,0.2848
20231218,512100.SH,B0,0.411
20231218,512100.SH,B1,0.3479
20231219,512100.SH,B0,0.1304
20231219,512100.SH,B1,0.2391
20231220,512100.SH,B0,0.0
20231220,512100.SH,B1,0.0
20231221,512100.SH,B0,0.0
20231221,512100.SH,B1,0.0
20231222,512100.SH,B0,0.0
20231222,512100.SH,B1,0.0
20231225,512100.SH,B0,0.0
20231225,512100.SH,B1,0.0
20231226,512100.SH,B0,0.0
20231226,512100.SH,B1,0.0
20231227,512100.SH,B0,0.0515
20231227,512100.SH,B1,0.0
20231228,512100.SH,B0,0.1466
20231228,512100.SH,B1,0.0733
20231229,512100.SH,B0,0.361
20231229,512100.SH,B1,0.2172
20240102,512100.SH,B0,0.5533
20240102,512100.SH,B1,0.3852
20240103,512100.SH,B0,0.7948
20240103,512100.SH,B1,0.59
20240104,512100.SH,B0,0.5489
20240104,512100.SH,B1,0.59
20240105,512100.SH,B0,0.2129
20240105,512100.SH,B1,0.4015
20240108,512100.SH,B0,0.0
20240108,512100.SH,B1,0.0
20240109,512100.SH,B0,0.0
20240109,512100.SH,B1,0.0
20240110,512100.SH,B0,0.0
20240110,512100.SH,B1,0.0
20240111,512100.SH,B0,0.0
20240111,512100.SH,B1,0.0
20240112,512100.SH,B0,0.1242
20240112,512100.SH,B1,0.0621
20240115,512100.SH,B0,0.0511
20240115,512100.SH,B1,0.0621
20240116,512100.SH,B0,0.0964
20240116,512100.SH,B1,0.0621
20240117,512100.SH,B0,0.0657
20240117,512100.SH,B1,0.0621
20240118,512100.SH,B0,0.2273
20240118,512100.SH,B1,0.1447
20240119,512100.SH,B0,0.3241
20240119,512100.SH,B1,0.2344
20240122,512100.SH,B0,0.1832
20240122,512100.SH,B1,0.2344
20240123,512100.SH,B0,0.0444
20240123,512100.SH,B1,0.1394
20240124,512100.SH,B0,0.1284
20240124,512100.SH,B1,0.1394
20240125,512100.SH,B0,0.4938
20240125,512100.SH,B1,0.3166
20240126,512100.SH,B0,0.9535
20240126,512100.SH,B1,0.635
20240129,512100.SH,B0,0.7428
20240129,512100.SH,B1,0.6889
20240130,512100.SH,B0,0.2162
20240130,512100.SH,B1,0.4526
20240131,512100.SH,B0,0.0
20240131,512100.SH,B1,0.0
20240201,512100.SH,B0,0.0
20240201,512100.SH,B1,0.0
20240202,512100.SH,B0,0.0
20240202,512100.SH,B1,0.0
20240205,512100.SH,B0,0.0
20240205,512100.SH,B1,0.0
20240206,512100.SH,B0,0.0
20240206,512100.SH,B1,0.0
20240207,512100.SH,B0,0.0
20240207,512100.SH,B1,0.0
20240208,512100.SH,B0,0.2192
20240208,512100.SH,B1,0.1096
20240219,512100.SH,B0,0.5589
20240219,512100.SH,B1,0.3343
20240220,512100.SH,B0,0.6233
20240220,512100.SH,B1,0.4788
20240221,512100.SH,B0,0.7936
20240221,512100.SH,B1,0.6362
20240222,512100.SH,B0,0.8656
20240222,512100.SH,B1,0.7509
20240223,512100.SH,B0,0.8593
20240223,512100.SH,B1,0.8051
20240226,512100.SH,B0,0.9505
20240226,512100.SH,B1,0.8778
20240227,512100.SH,B0,1.0
20240227,512100.SH,B1,0.9389
20240228,512100.SH,B0,1.0
20240228,512100.SH,B1,0.9389
20240229,512100.SH,B0,0.6204
20240229,512100.SH,B1,0.7797
20240301,512100.SH,B0,0.652
20240301,512100.SH,B1,0.7158
20240304,512100.SH,B0,0.4647
20240304,512100.SH,B1,0.5903
20240305,512100.SH,B0,0.6954
20240305,512100.SH,B1,0.6428
20240306,512100.SH,B0,0.3487
20240306,512100.SH,B1,0.4958
20240307,512100.SH,B0,0.4493
20240307,512100.SH,B1,0.4958
20240308,512100.SH,B0,0.3302
20240308,512100.SH,B1,0.413
20240311,512100.SH,B0,0.3414
20240311,512100.SH,B1,0.413
20240312,512100.SH,B0,0.3356
20240312,512100.SH,B1,0.413
20240313,512100.SH,B0,0.5426
20240313,512100.SH,B1,0.4778
20240314,512100.SH,B0,0.6654
20240314,512100.SH,B1,0.5716
20240315,512100.SH,B0,0.304
20240315,512100.SH,B1,0.4378
20240318,512100.SH,B0,0.4935
20240318,512100.SH,B1,0.4378
20240319,512100.SH,B0,0.6992
20240319,512100.SH,B1,0.5685
20240320,512100.SH,B0,0.8501
20240320,512100.SH,B1,0.7093
20240321,512100.SH,B0,0.8808
20240321,512100.SH,B1,0.7951
20240322,512100.SH,B0,0.7683
20240322,512100.SH,B1,0.7951
20240325,512100.SH,B0,0.7056
20240325,512100.SH,B1,0.7503
20240326,512100.SH,B0,0.2142
20240326,512100.SH,B1,0.4822
20240327,512100.SH,B0,0.1133
20240327,512100.SH,B1,0.2978
20240328,512100.SH,B0,0.0
20240328,512100.SH,B1,0.0
20240329,512100.SH,B0,0.3138
20240329,512100.SH,B1,0.1569
20240401,512100.SH,B0,0.2812
20240401,512100.SH,B1,0.219
20240402,512100.SH,B0,0.7271
20240402,512100.SH,B1,0.4731
20240403,512100.SH,B0,0.6574
20240403,512100.SH,B1,0.5652
20240408,512100.SH,B0,0.5272
20240408,512100.SH,B1,0.5652
20240409,512100.SH,B0,0.1139
20240409,512100.SH,B1,0.3396
20240410,512100.SH,B0,0.0
20240410,512100.SH,B1,0.0
20240411,512100.SH,B0,0.0
20240411,512100.SH,B1,0.0
20240412,512100.SH,B0,0.0
20240412,512100.SH,B1,0.0
20240415,512100.SH,B0,0.0438
20240415,512100.SH,B1,0.0
20240416,512100.SH,B0,0.0153
20240416,512100.SH,B1,0.0
20240417,512100.SH,B0,0.0
20240417,512100.SH,B1,0.0
20240418,512100.SH,B0,0.0111
20240418,512100.SH,B1,0.0
20240419,512100.SH,B0,0.1908
20240419,512100.SH,B1,0.0954
20240422,512100.SH,B0,0.3294
20240422,512100.SH,B1,0.2124
20240423,512100.SH,B0,0.0
20240423,512100.SH,B1,0.0
20240424,512100.SH,B0,0.0
20240424,512100.SH,B1,0.0
20240425,512100.SH,B0,0.0
20240425,512100.SH,B1,0.0
20240426,512100.SH,B0,0.1818
20240426,512100.SH,B1,0.0909
20240429,512100.SH,B0,0.2039
20240429,512100.SH,B1,0.1474
20240430,512100.SH,B0,0.4168
20240430,512100.SH,B1,0.2821
20240506,512100.SH,B0,0.2258
20240506,512100.SH,B1,0.2821
20240507,512100.SH,B0,0.4808
20240507,512100.SH,B1,0.3815
20240508,512100.SH,B0,0.3326
20240508,512100.SH,B1,0.3815
20240509,512100.SH,B0,0.4654
20240509,512100.SH,B1,0.4234
20240510,512100.SH,B0,0.3657
20240510,512100.SH,B1,0.4234
20240513,512100.SH,B0,0.0532
20240513,512100.SH,B1,0.2383
20240514,512100.SH,B0,0.0
20240514,512100.SH,B1,0.0
20240515,512100.SH,B0,0.0
20240515,512100.SH,B1,0.0
20240516,512100.SH,B0,0.0
20240516,512100.SH,B1,0.0
20240517,512100.SH,B0,0.0701
20240517,512100.SH,B1,0.0
20240520,512100.SH,B0,0.3479
20240520,512100.SH,B1,0.174
20240521,512100.SH,B0,0.3919
20240521,512100.SH,B1,0.2829
20240522,512100.SH,B0,0.1609
20240522,512100.SH,B1,0.2219
20240523,512100.SH,B0,0.0
20240523,512100.SH,B1,0.0
20240524,512100.SH,B0,0.0459
20240524,512100.SH,B1,0.0
20240527,512100.SH,B0,0.1255
20240527,512100.SH,B1,0.0627
20240528,512100.SH,B0,0.0
20240528,512100.SH,B1,0.0
20240529,512100.SH,B0,0.0
20240529,512100.SH,B1,0.0
20240530,512100.SH,B0,0.0
20240530,512100.SH,B1,0.0
20240531,512100.SH,B0,0.0
20240531,512100.SH,B1,0.0
20240603,512100.SH,B0,0.0
20240603,512100.SH,B1,0.0
20240604,512100.SH,B0,0.0
20240604,512100.SH,B1,0.0
20240605,512100.SH,B0,0.0
20240605,512100.SH,B1,0.0
20240606,512100.SH,B0,0.0
20240606,512100.SH,B1,0.0
20240607,512100.SH,B0,0.0
20240607,512100.SH,B1,0.0
20240611,512100.SH,B0,0.0
20240611,512100.SH,B1,0.0
20240612,512100.SH,B0,0.0
20240612,512100.SH,B1,0.0
20240613,512100.SH,B0,0.3293
20240613,512100.SH,B1,0.1647
20240614,512100.SH,B0,0.214
20240614,512100.SH,B1,0.1647
20240617,512100.SH,B0,0.1853
20240617,512100.SH,B1,0.1647
20240618,512100.SH,B0,0.0
20240618,512100.SH,B1,0.0
20240619,512100.SH,B0,0.177
20240619,512100.SH,B1,0.0885
20240620,512100.SH,B0,0.3292
20240620,512100.SH,B1,0.2089
20240621,512100.SH,B0,0.2386
20240621,512100.SH,B1,0.2089
20240624,512100.SH,B0,0.0136
20240624,512100.SH,B1,0.1112
20240625,512100.SH,B0,0.0
20240625,512100.SH,B1,0.0
20240626,512100.SH,B0,0.0
20240626,512100.SH,B1,0.0
20240627,512100.SH,B0,0.0
20240627,512100.SH,B1,0.0
20240628,512100.SH,B0,0.0181
20240628,512100.SH,B1,0.0
20240701,512100.SH,B0,0.0
20240701,512100.SH,B1,0.0
20240702,512100.SH,B0,0.0
20240702,512100.SH,B1,0.0
20240703,512100.SH,B0,0.0053
20240703,512100.SH,B1,0.0
20240704,512100.SH,B0,0.1697
20240704,512100.SH,B1,0.0849
20240705,512100.SH,B0,0.0352
20240705,512100.SH,B1,0.0849
20240708,512100.SH,B0,0.0
20240708,512100.SH,B1,0.0
20240709,512100.SH,B0,0.0
20240709,512100.SH,B1,0.0
20240710,512100.SH,B0,0.0629
20240710,512100.SH,B1,0.0
20240711,512100.SH,B0,0.0
20240711,512100.SH,B1,0.0
20240712,512100.SH,B0,0.3306
20240712,512100.SH,B1,0.1653
20240715,512100.SH,B0,0.1321
20240715,512100.SH,B1,0.1653
20240716,512100.SH,B0,0.0702
20240716,512100.SH,B1,0.1177
20240717,512100.SH,B0,0.0
20240717,512100.SH,B1,0.0
20240718,512100.SH,B0,0.0
20240718,512100.SH,B1,0.0
20240719,512100.SH,B0,0.0
20240719,512100.SH,B1,0.0
20240722,512100.SH,B0,0.0
20240722,512100.SH,B1,0.0
20240723,512100.SH,B0,0.0
20240723,512100.SH,B1,0.0
20240724,512100.SH,B0,0.0
20240724,512100.SH,B1,0.0
20240725,512100.SH,B0,0.0
20240725,512100.SH,B1,0.0
20240726,512100.SH,B0,0.0
20240726,512100.SH,B1,0.0
20240729,512100.SH,B0,0.1577
20240729,512100.SH,B1,0.0789
20240730,512100.SH,B0,0.5763
20240730,512100.SH,B1,0.3276
20240731,512100.SH,B0,0.6983
20240731,512100.SH,B1,0.5129
20240801,512100.SH,B0,0.7848
20240801,512100.SH,B1,0.6489
20240802,512100.SH,B0,0.6856
20240802,512100.SH,B1,0.6489
20240805,512100.SH,B0,0.5095
20240805,512100.SH,B1,0.5792
20240806,512100.SH,B0,0.3017
20240806,512100.SH,B1,0.4404
20240807,512100.SH,B0,0.3052
20240807,512100.SH,B1,0.3728
20240808,512100.SH,B0,0.3056
20240808,512100.SH,B1,0.3728
20240809,512100.SH,B0,0.1451
20240809,512100.SH,B1,0.2589
20240812,512100.SH,B0,0.0
20240812,512100.SH,B1,0.0
20240813,512100.SH,B0,0.0
20240813,512100.SH,B1,0.0
20240814,512100.SH,B0,0.0
20240814,512100.SH,B1,0.0
20240815,512100.SH,B0,0.0
20240815,512100.SH,B1,0.0
20240816,512100.SH,B0,0.3058
20240816,512100.SH,B1,0.1529
20240819,512100.SH,B0,0.3075
20240819,512100.SH,B1,0.2302
20240820,512100.SH,B0,0.1064
20240820,512100.SH,B1,0.1683
20240821,512100.SH,B0,0.0
20240821,512100.SH,B1,0.0
20240822,512100.SH,B0,0.0
20240822,512100.SH,B1,0.0
20240823,512100.SH,B0,0.0
20240823,512100.SH,B1,0.0
20240826,512100.SH,B0,0.0
20240826,512100.SH,B1,0.0
20240827,512100.SH,B0,0.0
20240827,512100.SH,B1,0.0
20240828,512100.SH,B0,0.0461
20240828,512100.SH,B1,0.0
20240829,512100.SH,B0,0.1062
20240829,512100.SH,B1,0.0531
20240830,512100.SH,B0,0.1021
20240830,512100.SH,B1,0.0531
20240902,512100.SH,B0,0.3455
20240902,512100.SH,B1,0.1993
20240903,512100.SH,B0,0.2026
20240903,512100.SH,B1,0.1993
20240904,512100.SH,B0,0.2182
20240904,512100.SH,B1,0.1993
20240905,512100.SH,B0,0.2035
20240905,512100.SH,B1,0.1993
20240906,512100.SH,B0,0.6071
20240906,512100.SH,B1,0.4032
20240909,512100.SH,B0,0.4865
20240909,512100.SH,B1,0.4448
20240910,512100.SH,B0,0.4409
20240910,512100.SH,B1,0.4448
20240911,512100.SH,B0,0.1649
20240911,512100.SH,B1,0.3049
20240912,512100.SH,B0,0.0357
20240912,512100.SH,B1,0.1703
20240913,512100.SH,B0,0.0
20240913,512100.SH,B1,0.0
20240918,512100.SH,B0,0.0934
20240918,512100.SH,B1,0.0467
20240919,512100.SH,B0,0.0222
20240919,512100.SH,B1,0.0467
20240920,512100.SH,B0,0.1682
20240920,512100.SH,B1,0.1074
20240923,512100.SH,B0,0.2955
20240923,512100.SH,B1,0.2015
20240924,512100.SH,B0,0.6859
20240924,512100.SH,B1,0.4437
20240925,512100.SH,B0,0.7709
20240925,512100.SH,B1,0.6073
20240926,512100.SH,B0,0.8301
20240926,512100.SH,B1,0.7187
20240927,512100.SH,B0,1.0
20240927,512100.SH,B1,0.8594
20240930,512100.SH,B0,1.0
20240930,512100.SH,B1,0.9297
20241008,512100.SH,B0,1.0
20241008,512100.SH,B1,0.9297
20241009,512100.SH,B0,1.0
20241009,512100.SH,B1,0.9297
20241010,512100.SH,B0,0.6238
20241010,512100.SH,B1,0.7767
20241011,512100.SH,B0,0.1634
20241011,512100.SH,B1,0.47
20241014,512100.SH,B0,0.0
20241014,512100.SH,B1,0.0
20241015,512100.SH,B0,0.0551
20241015,512100.SH,B1,0.0
20241016,512100.SH,B0,0.0608
20241016,512100.SH,B1,0.0
20241017,512100.SH,B0,0.4889
20241017,512100.SH,B1,0.2445
20241018,512100.SH,B0,0.2152
20241018,512100.SH,B1,0.2445
20241021,512100.SH,B0,0.5956
20241021,512100.SH,B1,0.42
20241022,512100.SH,B0,0.6461
20241022,512100.SH,B1,0.5331
20241023,512100.SH,B0,0.8271
20241023,512100.SH,B1,0.6801
20241024,512100.SH,B0,0.7165
20241024,512100.SH,B1,0.6801
20241025,512100.SH,B0,0.6067
20241025,512100.SH,B1,0.6801
20241028,512100.SH,B0,0.7505
20241028,512100.SH,B1,0.6801
20241029,512100.SH,B0,0.8971
20241029,512100.SH,B1,0.7886
20241030,512100.SH,B0,0.8873
20241030,512100.SH,B1,0.8379
20241031,512100.SH,B0,0.8873
20241031,512100.SH,B1,0.8379
20241101,512100.SH,B0,0.7923
20241101,512100.SH,B1,0.8379
20241104,512100.SH,B0,0.6501
20241104,512100.SH,B1,0.744
20241105,512100.SH,B0,0.5505
20241105,512100.SH,B1,0.6472
20241106,512100.SH,B0,0.6326
20241106,512100.SH,B1,0.6472
20241107,512100.SH,B0,0.8638
20241107,512100.SH,B1,0.7555
20241108,512100.SH,B0,0.9452
20241108,512100.SH,B1,0.8504
20241111,512100.SH,B0,0.677
20241111,512100.SH,B1,0.7637
20241112,512100.SH,B0,0.6621
20241112,512100.SH,B1,0.7129
20241113,512100.SH,B0,0.3713
20241113,512100.SH,B1,0.5421
20241114,512100.SH,B0,0.2538
20241114,512100.SH,B1,0.3979
20241115,512100.SH,B0,0.0
20241115,512100.SH,B1,0.0
20241118,512100.SH,B0,0.1569
20241118,512100.SH,B1,0.0785
20241119,512100.SH,B0,0.3848
20241119,512100.SH,B1,0.2316
20241120,512100.SH,B0,0.6076
20241120,512100.SH,B1,0.4196
20241121,512100.SH,B0,0.794
20241121,512100.SH,B1,0.6068
20241122,512100.SH,B0,0.8375
20241122,512100.SH,B1,0.7222
20241125,512100.SH,B0,0.8939
20241125,512100.SH,B1,0.808
20241126,512100.SH,B0,0.8139
20241126,512100.SH,B1,0.808
20241127,512100.SH,B0,0.574
20241127,512100.SH,B1,0.691
20241128,512100.SH,B0,0.6164
20241128,512100.SH,B1,0.691
20241129,512100.SH,B0,0.5287
20241129,512100.SH,B1,0.6099
20241202,512100.SH,B0,0.8507
20241202,512100.SH,B1,0.7303
20241203,512100.SH,B0,0.9965
20241203,512100.SH,B1,0.8634
20241204,512100.SH,B0,0.9377
20241204,512100.SH,B1,0.8634
20241205,512100.SH,B0,0.6829
20241205,512100.SH,B1,0.7732
20241206,512100.SH,B0,0.677
20241206,512100.SH,B1,0.7251
20241209,512100.SH,B0,0.7413
20241209,512100.SH,B1,0.7251
20241210,512100.SH,B0,0.8073
20241210,512100.SH,B1,0.7662
20241211,512100.SH,B0,0.65
20241211,512100.SH,B1,0.7081
20241212,512100.SH,B0,0.7041
20241212,512100.SH,B1,0.7081
20241213,512100.SH,B0,0.8482
20241213,512100.SH,B1,0.7781
20241216,512100.SH,B0,0.7178
20241216,512100.SH,B1,0.7781
20241217,512100.SH,B0,0.559
20241217,512100.SH,B1,0.6686
20241218,512100.SH,B0,0.0873
20241218,512100.SH,B1,0.378
20241219,512100.SH,B0,0.281
20241219,512100.SH,B1,0.3295
20241220,512100.SH,B0,0.1354
20241220,512100.SH,B1,0.2324
20241223,512100.SH,B0,0.488
20241223,512100.SH,B1,0.3602
20241224,512100.SH,B0,0.0337
20241224,512100.SH,B1,0.197
20241225,512100.SH,B0,0.2743
20241225,512100.SH,B1,0.197
20241226,512100.SH,B0,0.0
20241226,512100.SH,B1,0.0
20241227,512100.SH,B0,0.4442
20241227,512100.SH,B1,0.2221
20241230,512100.SH,B0,0.1395
20241230,512100.SH,B1,0.1808
20241231,512100.SH,B0,0.1938
20241231,512100.SH,B1,0.1808
20250102,512100.SH,B0,0.0
20250102,512100.SH,B1,0.0
20250103,512100.SH,B0,0.0
20250103,512100.SH,B1,0.0
20250106,512100.SH,B0,0.0742
20250106,512100.SH,B1,0.0
20250107,512100.SH,B0,0.0823
20250107,512100.SH,B1,0.0412
20250108,512100.SH,B0,0.2672
20250108,512100.SH,B1,0.1542
20250109,512100.SH,B0,0.5216
20250109,512100.SH,B1,0.3379
20250110,512100.SH,B0,0.8542
20250110,512100.SH,B1,0.596
20250113,512100.SH,B0,0.4661
20250113,512100.SH,B1,0.5311
20250114,512100.SH,B0,0.1886
20250114,512100.SH,B1,0.3599
20250115,512100.SH,B0,0.2694
20250115,512100.SH,B1,0.3146
20250116,512100.SH,B0,0.5497
20250116,512100.SH,B1,0.4322
20250117,512100.SH,B0,0.8371
20250117,512100.SH,B1,0.6347
20250120,512100.SH,B0,0.4156
20250120,512100.SH,B1,0.5251
20250121,512100.SH,B0,0.3979
20250121,512100.SH,B1,0.4615
20250122,512100.SH,B0,0.2053
20250122,512100.SH,B1,0.3334
20250123,512100.SH,B0,0.2323
20250123,512100.SH,B1,0.2829
20250124,512100.SH,B0,0.0397
20250124,512100.SH,B1,0.1613
20250127,512100.SH,B0,0.1411
20250127,512100.SH,B1,0.1613
20250205,512100.SH,B0,0.0
20250205,512100.SH,B1,0.0
20250206,512100.SH,B0,0.1424
20250206,512100.SH,B1,0.0712
20250207,512100.SH,B0,0.3309
20250207,512100.SH,B1,0.201
20250210,512100.SH,B0,0.8131
20250210,512100.SH,B1,0.5071
20250211,512100.SH,B0,1.0
20250211,512100.SH,B1,0.7535
20250212,512100.SH,B0,0.8847
20250212,512100.SH,B1,0.8191
20250213,512100.SH,B0,0.8502
20250213,512100.SH,B1,0.8191
20250214,512100.SH,B0,0.4932
20250214,512100.SH,B1,0.6561
20250217,512100.SH,B0,0.5873
20250217,512100.SH,B1,0.6561
20250218,512100.SH,B0,0.5861
20250218,512100.SH,B1,0.6561
20250219,512100.SH,B0,0.4284
20250219,512100.SH,B1,0.5423
20250220,512100.SH,B0,0.5269
20250220,512100.SH,B1,0.5423
20250221,512100.SH,B0,0.5045
20250221,512100.SH,B1,0.5423
20250224,512100.SH,B0,0.8314
20250224,512100.SH,B1,0.6868
20250225,512100.SH,B0,0.5868
20250225,512100.SH,B1,0.6368
20250226,512100.SH,B0,0.3568
20250226,512100.SH,B1,0.4968
20250227,512100.SH,B0,0.3248
20250227,512100.SH,B1,0.4108
20250228,512100.SH,B0,0.3092
20250228,512100.SH,B1,0.36
20250303,512100.SH,B0,0.1399
20250303,512100.SH,B1,0.2499
20250304,512100.SH,B0,0.0
20250304,512100.SH,B1,0.0
20250305,512100.SH,B0,0.0
20250305,512100.SH,B1,0.0
20250306,512100.SH,B0,0.0901
20250306,512100.SH,B1,0.0451
20250307,512100.SH,B0,0.3687
20250307,512100.SH,B1,0.2069
20250310,512100.SH,B0,0.2443
20250310,512100.SH,B1,0.2069
20250311,512100.SH,B0,0.2267
20250311,512100.SH,B1,0.2069
20250312,512100.SH,B0,0.0985
20250312,512100.SH,B1,0.1527
20250313,512100.SH,B0,0.4025
20250313,512100.SH,B1,0.2776
20250314,512100.SH,B0,0.2656
20250314,512100.SH,B1,0.2776
20250317,512100.SH,B0,0.4706
20250317,512100.SH,B1,0.3741
20250318,512100.SH,B0,0.327
20250318,512100.SH,B1,0.3741
20250319,512100.SH,B0,0.5715
20250319,512100.SH,B1,0.4728
20250320,512100.SH,B0,0.2549
20250320,512100.SH,B1,0.3638
20250321,512100.SH,B0,0.3661
20250321,512100.SH,B1,0.3638
20250324,512100.SH,B0,0.2424
20250324,512100.SH,B1,0.3031
20250325,512100.SH,B0,0.1866
20250325,512100.SH,B1,0.2449
20250326,512100.SH,B0,0.0
20250326,512100.SH,B1,0.0
20250327,512100.SH,B0,0.0
20250327,512100.SH,B1,0.0
20250328,512100.SH,B0,0.0
20250328,512100.SH,B1,0.0
20250331,512100.SH,B0,0.0
20250331,512100.SH,B1,0.0
20250401,512100.SH,B0,0.0
20250401,512100.SH,B1,0.0
20250402,512100.SH,B0,0.0
20250402,512100.SH,B1,0.0
20250403,512100.SH,B0,0.0134
20250403,512100.SH,B1,0.0
20250407,512100.SH,B0,0.0521
20250407,512100.SH,B1,0.0
20250408,512100.SH,B0,0.0
20250408,512100.SH,B1,0.0
20250409,512100.SH,B0,0.0619
20250409,512100.SH,B1,0.0
20250410,512100.SH,B0,0.322
20250410,512100.SH,B1,0.161
20250411,512100.SH,B0,0.7147
20250411,512100.SH,B1,0.4378
20250414,512100.SH,B0,0.4732
20250414,512100.SH,B1,0.4378
20250415,512100.SH,B0,0.4497
20250415,512100.SH,B1,0.4378
20250416,512100.SH,B0,0.1134
20250416,512100.SH,B1,0.2756
20250417,512100.SH,B0,0.1235
20250417,512100.SH,B1,0.1995
20250418,512100.SH,B0,0.2302
20250418,512100.SH,B1,0.1995
20250421,512100.SH,B0,0.2662
20250421,512100.SH,B1,0.1995
20250422,512100.SH,B0,0.5468
20250422,512100.SH,B1,0.3732
20250423,512100.SH,B0,0.3841
20250423,512100.SH,B1,0.3732
20250424,512100.SH,B0,0.3309
20250424,512100.SH,B1,0.3732
20250425,512100.SH,B0,0.0459
20250425,512100.SH,B1,0.2095
20250428,512100.SH,B0,0.0
20250428,512100.SH,B1,0.0
20250429,512100.SH,B0,0.0
20250429,512100.SH,B1,0.0
20250430,512100.SH,B0,0.0
20250430,512100.SH,B1,0.0
20250506,512100.SH,B0,0.0
20250506,512100.SH,B1,0.0
20250507,512100.SH,B0,0.3755
20250507,512100.SH,B1,0.1877
20250508,512100.SH,B0,0.5559
20250508,512100.SH,B1,0.3718
20250509,512100.SH,B0,0.5891
20250509,512100.SH,B1,0.4805
20250512,512100.SH,B0,0.1684
20250512,512100.SH,B1,0.3244
20250513,512100.SH,B0,0.1212
20250513,512100.SH,B1,0.2228
20250514,512100.SH,B0,0.0511
20250514,512100.SH,B1,0.137
20250515,512100.SH,B0,0.4535
20250515,512100.SH,B1,0.2952
20250516,512100.SH,B0,0.4785
20250516,512100.SH,B1,0.3869
20250519,512100.SH,B0,0.6694
20250519,512100.SH,B1,0.5281
20250520,512100.SH,B0,0.7594
20250520,512100.SH,B1,0.6438
20250521,512100.SH,B0,0.7977
20250521,512100.SH,B1,0.7207
20250522,512100.SH,B0,0.5836
20250522,512100.SH,B1,0.6522
20250523,512100.SH,B0,0.1289
20250523,512100.SH,B1,0.3905
20250526,512100.SH,B0,0.0
20250526,512100.SH,B1,0.0
20250527,512100.SH,B0,0.0808
20250527,512100.SH,B1,0.0404
20250528,512100.SH,B0,0.4158
20250528,512100.SH,B1,0.2281
20250529,512100.SH,B0,0.4925
20250529,512100.SH,B1,0.3603
20250530,512100.SH,B0,0.712
20250530,512100.SH,B1,0.5361
20250603,512100.SH,B0,0.2801
20250603,512100.SH,B1,0.4081
20250604,512100.SH,B0,0.4843
20250604,512100.SH,B1,0.4081
20250605,512100.SH,B0,0.2982
20250605,512100.SH,B1,0.3531
20250606,512100.SH,B0,0.461
20250606,512100.SH,B1,0.4071
20250609,512100.SH,B0,0.2116
20250609,512100.SH,B1,0.3094
20250610,512100.SH,B0,0.2857
20250610,512100.SH,B1,0.3094
20250611,512100.SH,B0,0.4181
20250611,512100.SH,B1,0.3637
20250612,512100.SH,B0,0.4793
20250612,512100.SH,B1,0.4215
20250613,512100.SH,B0,0.5319
20250613,512100.SH,B1,0.4767
20250616,512100.SH,B0,0.2586
20250616,512100.SH,B1,0.3676
20250617,512100.SH,B0,0.3689
20250617,512100.SH,B1,0.3676
20250618,512100.SH,B0,0.0
20250618,512100.SH,B1,0.0
20250619,512100.SH,B0,0.0829
20250619,512100.SH,B1,0.0415
20250620,512100.SH,B0,0.0
20250620,512100.SH,B1,0.0
20250623,512100.SH,B0,0.0
20250623,512100.SH,B1,0.0
20250624,512100.SH,B0,0.2662
20250624,512100.SH,B1,0.1331
20250625,512100.SH,B0,0.4489
20250625,512100.SH,B1,0.291
20250626,512100.SH,B0,0.7308
20250626,512100.SH,B1,0.5109
20250627,512100.SH,B0,0.5684
20250627,512100.SH,B1,0.5109
20250630,512100.SH,B0,0.3613
20250630,512100.SH,B1,0.4361
20250701,512100.SH,B0,0.364
20250701,512100.SH,B1,0.4361
20250702,512100.SH,B0,0.2636
20250702,512100.SH,B1,0.3499
20250703,512100.SH,B0,0.3018
20250703,512100.SH,B1,0.3499
20250704,512100.SH,B0,0.1709
20250704,512100.SH,B1,0.2604
20250707,512100.SH,B0,0.015
20250707,512100.SH,B1,0.1377
20250708,512100.SH,B0,0.2824
20250708,512100.SH,B1,0.21
20250709,512100.SH,B0,0.3005
20250709,512100.SH,B1,0.2552
20250710,512100.SH,B0,0.5506
20250710,512100.SH,B1,0.4029
20250711,512100.SH,B0,0.5514
20250711,512100.SH,B1,0.4771
20250714,512100.SH,B0,0.5646
20250714,512100.SH,B1,0.5209
20250715,512100.SH,B0,0.5359
20250715,512100.SH,B1,0.5209
20250716,512100.SH,B0,0.3265
20250716,512100.SH,B1,0.4237
20250717,512100.SH,B0,0.3915
20250717,512100.SH,B1,0.4237
20250718,512100.SH,B0,0.5072
20250718,512100.SH,B1,0.4654
20250721,512100.SH,B0,0.6393
20250721,512100.SH,B1,0.5524
20250722,512100.SH,B0,0.7369
20250722,512100.SH,B1,0.6446
20250723,512100.SH,B0,0.8537
20250723,512100.SH,B1,0.7492
20250724,512100.SH,B0,0.6546
20250724,512100.SH,B1,0.7019
20250725,512100.SH,B0,0.5309
20250725,512100.SH,B1,0.6164
20250728,512100.SH,B0,0.0449
20250728,512100.SH,B1,0.3306
20250729,512100.SH,B0,0.13
20250729,512100.SH,B1,0.2303
20250730,512100.SH,B0,0.0044
20250730,512100.SH,B1,0.1174
20250731,512100.SH,B0,0.3284
20250731,512100.SH,B1,0.2229
20250801,512100.SH,B0,0.392
20250801,512100.SH,B1,0.3074
20250804,512100.SH,B0,0.2969
20250804,512100.SH,B1,0.3074
20250805,512100.SH,B0,0.2295
20250805,512100.SH,B1,0.3074
20250806,512100.SH,B0,0.2162
20250806,512100.SH,B1,0.2618
20250807,512100.SH,B0,0.4051
20250807,512100.SH,B1,0.3335
20250808,512100.SH,B0,0.3625
20250808,512100.SH,B1,0.3335
20250811,512100.SH,B0,0.2867
20250811,512100.SH,B1,0.3335
20250812,512100.SH,B0,0.3254
20250812,512100.SH,B1,0.3335
20250813,512100.SH,B0,0.3063
20250813,512100.SH,B1,0.3335
20250814,512100.SH,B0,0.6592
20250814,512100.SH,B1,0.4963
20250815,512100.SH,B0,0.3069
20250815,512100.SH,B1,0.4016
20250818,512100.SH,B0,0.5436
20250818,512100.SH,B1,0.4726
20250819,512100.SH,B0,0.5289
20250819,512100.SH,B1,0.4726
20250820,512100.SH,B0,0.8182
20250820,512100.SH,B1,0.6454
20250821,512100.SH,B0,0.5773
20250821,512100.SH,B1,0.6454
20250822,512100.SH,B0,0.0674
20250822,512100.SH,B1,0.3564
20250825,512100.SH,B0,0.1304
20250825,512100.SH,B1,0.2434
20250826,512100.SH,B0,0.2383
20250826,512100.SH,B1,0.2434
20250827,512100.SH,B0,0.565
20250827,512100.SH,B1,0.4042
20250828,512100.SH,B0,0.2333
20250828,512100.SH,B1,0.3187
20250829,512100.SH,B0,0.2438
20250829,512100.SH,B1,0.3187
20250901,512100.SH,B0,0.148
20250901,512100.SH,B1,0.2334
20250902,512100.SH,B0,0.5544
20250902,512100.SH,B1,0.3939
20250903,512100.SH,B0,0.28
20250903,512100.SH,B1,0.337
20250904,512100.SH,B0,0.1977
20250904,512100.SH,B1,0.2673
20250905,512100.SH,B0,0.0
20250905,512100.SH,B1,0.0
20250908,512100.SH,B0,0.0955
20250908,512100.SH,B1,0.0477
20250909,512100.SH,B0,0.1573
20250909,512100.SH,B1,0.1025
20250910,512100.SH,B0,0.1979
20250910,512100.SH,B1,0.1502
20250911,512100.SH,B0,0.1186
20250911,512100.SH,B1,0.1502
20250912,512100.SH,B0,0.2705
20250912,512100.SH,B1,0.2103
20250915,512100.SH,B0,0.4269
20250915,512100.SH,B1,0.3186
20250916,512100.SH,B0,0.3199
20250916,512100.SH,B1,0.3186
20250917,512100.SH,B0,0.2788
20250917,512100.SH,B1,0.3186
20250918,512100.SH,B0,0.3017
20250918,512100.SH,B1,0.3186
20250919,512100.SH,B0,0.3668
20250919,512100.SH,B1,0.3186
20250922,512100.SH,B0,0.0965
20250922,512100.SH,B1,0.2075
20250923,512100.SH,B0,0.0167
20250923,512100.SH,B1,0.1121
20250924,512100.SH,B0,0.0452
20250924,512100.SH,B1,0.1121
20250925,512100.SH,B0,0.3213
20250925,512100.SH,B1,0.2167
20250926,512100.SH,B0,0.2081
20250926,512100.SH,B1,0.2167
20250929,512100.SH,B0,0.02
20250929,512100.SH,B1,0.1184
20250930,512100.SH,B0,0.0
20250930,512100.SH,B1,0.0
20251009,512100.SH,B0,0.1026
20251009,512100.SH,B1,0.0513
20251010,512100.SH,B0,0.2804
20251010,512100.SH,B1,0.1658
20251013,512100.SH,B0,0.1044
20251013,512100.SH,B1,0.1658
20251014,512100.SH,B0,0.0531
20251014,512100.SH,B1,0.1095
20251015,512100.SH,B0,0.0
20251015,512100.SH,B1,0.0
20251016,512100.SH,B0,0.0478
20251016,512100.SH,B1,0.0
20251017,512100.SH,B0,0.0
20251017,512100.SH,B1,0.0
20251020,512100.SH,B0,0.0
20251020,512100.SH,B1,0.0
20251021,512100.SH,B0,0.0795
20251021,512100.SH,B1,0.0
20251022,512100.SH,B0,0.2902
20251022,512100.SH,B1,0.1451
20251023,512100.SH,B0,0.5175
20251023,512100.SH,B1,0.3313
20251024,512100.SH,B0,0.3429
20251024,512100.SH,B1,0.3313
20251027,512100.SH,B0,0.1322
20251027,512100.SH,B1,0.2317
20251028,512100.SH,B0,0.1029
20251028,512100.SH,B1,0.1673
20251029,512100.SH,B0,0.3111
20251029,512100.SH,B1,0.2392
20251030,512100.SH,B0,0.4471
20251030,512100.SH,B1,0.3431
20251031,512100.SH,B0,0.2633
20251031,512100.SH,B1,0.3431
20251103,512100.SH,B0,0.0809
20251103,512100.SH,B1,0.212
20251104,512100.SH,B0,0.1184
20251104,512100.SH,B1,0.1652
20251105,512100.SH,B0,0.2728
20251105,512100.SH,B1,0.219
20251106,512100.SH,B0,0.5568
20251106,512100.SH,B1,0.3879
20251107,512100.SH,B0,0.5041
20251107,512100.SH,B1,0.446
20251110,512100.SH,B0,0.5798
20251110,512100.SH,B1,0.5129
20251111,512100.SH,B0,0.4013
20251111,512100.SH,B1,0.4571
20251112,512100.SH,B0,0.5121
20251112,512100.SH,B1,0.4571
20251113,512100.SH,B0,0.4858
20251113,512100.SH,B1,0.4571
20251114,512100.SH,B0,0.7375
20251114,512100.SH,B1,0.5973
20251117,512100.SH,B0,0.6697
20251117,512100.SH,B1,0.5973
20251118,512100.SH,B0,0.8319
20251118,512100.SH,B1,0.7146
20251119,512100.SH,B0,0.3609
20251119,512100.SH,B1,0.5378
20251120,512100.SH,B0,0.3792
20251120,512100.SH,B1,0.4585
20251121,512100.SH,B0,0.0
20251121,512100.SH,B1,0.0
20251124,512100.SH,B0,0.0
20251124,512100.SH,B1,0.0
20251125,512100.SH,B0,0.0403
20251125,512100.SH,B1,0.0
20251126,512100.SH,B0,0.2948
20251126,512100.SH,B1,0.1474
20251127,512100.SH,B0,0.5804
20251127,512100.SH,B1,0.3639
20251128,512100.SH,B0,0.2406
20251128,512100.SH,B1,0.3022
20251201,512100.SH,B0,0.1435
20251201,512100.SH,B1,0.2229
20251202,512100.SH,B0,0.1915
20251202,512100.SH,B1,0.2229
20251203,512100.SH,B0,0.4428
20251203,512100.SH,B1,0.3328
20251204,512100.SH,B0,0.3801
20251204,512100.SH,B1,0.3328
20251205,512100.SH,B0,0.0734
20251205,512100.SH,B1,0.2031
20251208,512100.SH,B0,0.0869
20251208,512100.SH,B1,0.145
20251209,512100.SH,B0,0.3631
20251209,512100.SH,B1,0.2541
20251210,512100.SH,B0,0.5818
20251210,512100.SH,B1,0.4179
20251211,512100.SH,B0,0.5589
20251211,512100.SH,B1,0.4884
20251212,512100.SH,B0,0.1037
20251212,512100.SH,B1,0.2961
20251215,512100.SH,B0,0.2455
20251215,512100.SH,B1,0.2961
20251216,512100.SH,B0,0.1521
20251216,512100.SH,B1,0.2241
20251217,512100.SH,B0,0.1905
20251217,512100.SH,B1,0.2241
20251218,512100.SH,B0,0.0
20251218,512100.SH,B1,0.0
20251219,512100.SH,B0,0.0638
20251219,512100.SH,B1,0.0
20251222,512100.SH,B0,0.3874
20251222,512100.SH,B1,0.1937
20251223,512100.SH,B0,0.6352
20251223,512100.SH,B1,0.4144
20251224,512100.SH,B0,0.4876
20251224,512100.SH,B1,0.4144
20251225,512100.SH,B0,0.5032
20251225,512100.SH,B1,0.4588
20251226,512100.SH,B0,0.6283
20251226,512100.SH,B1,0.5436
20251229,512100.SH,B0,0.8206
20251229,512100.SH,B1,0.6821
20251230,512100.SH,B0,0.7021
20251230,512100.SH,B1,0.6821
20251231,512100.SH,B0,0.465
20251231,512100.SH,B1,0.5735
20260105,512100.SH,B0,0.2895
20260105,512100.SH,B1,0.4315
20260106,512100.SH,B0,0.4355
20260106,512100.SH,B1,0.4315
20260107,512100.SH,B0,0.7374
20260107,512100.SH,B1,0.5845
20260108,512100.SH,B0,0.8082
20260108,512100.SH,B1,0.6963
20260109,512100.SH,B0,0.9473
20260109,512100.SH,B1,0.8218
20260112,512100.SH,B0,0.8492
20260112,512100.SH,B1,0.8218
20260113,512100.SH,B0,1.0
20260113,512100.SH,B1,0.9109
20260114,512100.SH,B0,0.7486
20260114,512100.SH,B1,0.8298
20260115,512100.SH,B0,0.6586
20260115,512100.SH,B1,0.7442
20260116,512100.SH,B0,0.0789
20260116,512100.SH,B1,0.4115
20260119,512100.SH,B0,0.0
20260119,512100.SH,B1,0.0
20260120,512100.SH,B0,0.0
20260120,512100.SH,B1,0.0
20260121,512100.SH,B0,0.0
20260121,512100.SH,B1,0.0
20260122,512100.SH,B0,0.1926
20260122,512100.SH,B1,0.0963
20260123,512100.SH,B0,0.2419
20260123,512100.SH,B1,0.1691
20260126,512100.SH,B0,0.5052
20260126,512100.SH,B1,0.3372
20260127,512100.SH,B0,0.2899
20260127,512100.SH,B1,0.3372
20260128,512100.SH,B0,0.2701
20260128,512100.SH,B1,0.3372
20260129,512100.SH,B0,0.1958
20260129,512100.SH,B1,0.2665
20260130,512100.SH,B0,0.4295
20260130,512100.SH,B1,0.348
20260202,512100.SH,B0,0.1368
20260202,512100.SH,B1,0.2424
20260203,512100.SH,B0,0.0
20260203,512100.SH,B1,0.0
20260204,512100.SH,B0,0.0
20260204,512100.SH,B1,0.0
20260205,512100.SH,B0,0.2109
20260205,512100.SH,B1,0.1055
20260206,512100.SH,B0,0.2594
20260206,512100.SH,B1,0.1824
20260209,512100.SH,B0,0.0
20260209,512100.SH,B1,0.0
20260210,512100.SH,B0,0.1107
20260210,512100.SH,B1,0.0553
20260211,512100.SH,B0,0.326
20260211,512100.SH,B1,0.1907
20260212,512100.SH,B0,0.3134
20260212,512100.SH,B1,0.252
20260213,512100.SH,B0,0.2388
20260213,512100.SH,B1,0.252
20260224,512100.SH,B0,0.0
20260224,512100.SH,B1,0.0
20260225,512100.SH,B0,0.163
20260225,512100.SH,B1,0.0815
20260226,512100.SH,B0,0.1963
20260226,512100.SH,B1,0.1389
20260227,512100.SH,B0,0.4232
20260227,512100.SH,B1,0.281
20260302,512100.SH,B0,0.5029
20260302,512100.SH,B1,0.392
20260303,512100.SH,B0,0.4303
20260303,512100.SH,B1,0.392
20260304,512100.SH,B0,0.501
20260304,512100.SH,B1,0.4465
20260305,512100.SH,B0,0.1202
20260305,512100.SH,B1,0.2833
20260306,512100.SH,B0,0.0
20260306,512100.SH,B1,0.0
20260309,512100.SH,B0,0.0
20260309,512100.SH,B1,0.0
20260310,512100.SH,B0,0.0
20260310,512100.SH,B1,0.0
20260311,512100.SH,B0,0.1211
20260311,512100.SH,B1,0.0606
20260312,512100.SH,B0,0.1453
20260312,512100.SH,B1,0.1029
20260313,512100.SH,B0,0.2504
20260313,512100.SH,B1,0.1767
20260316,512100.SH,B0,0.0219
20260316,512100.SH,B1,0.0993
20260317,512100.SH,B0,0.0
20260317,512100.SH,B1,0.0
20260318,512100.SH,B0,0.0
20260318,512100.SH,B1,0.0
20260319,512100.SH,B0,0.0
20260319,512100.SH,B1,0.0
20260320,512100.SH,B0,0.0
20260320,512100.SH,B1,0.0
20260323,512100.SH,B0,0.0
20260323,512100.SH,B1,0.0
20260324,512100.SH,B0,0.0
20260324,512100.SH,B1,0.0
20260325,512100.SH,B0,0.0398
20260325,512100.SH,B1,0.0
20260326,512100.SH,B0,0.5035
20260326,512100.SH,B1,0.2517
20260327,512100.SH,B0,0.5041
20260327,512100.SH,B1,0.3779
20260330,512100.SH,B0,0.3934
20260330,512100.SH,B1,0.3779
20260331,512100.SH,B0,0.0836
20260331,512100.SH,B1,0.2307
20260401,512100.SH,B0,0.1496
20260401,512100.SH,B1,0.1901
20260402,512100.SH,B0,0.0
20260402,512100.SH,B1,0.0
20260403,512100.SH,B0,0.0
20260403,512100.SH,B1,0.0
20260407,512100.SH,B0,0.0
20260407,512100.SH,B1,0.0
20260408,512100.SH,B0,0.0
20260408,512100.SH,B1,0.0
20260409,512100.SH,B0,0.2309
20260409,512100.SH,B1,0.1154
20260410,512100.SH,B0,0.3684
20260410,512100.SH,B1,0.2419
20260413,512100.SH,B0,0.2173
20260413,512100.SH,B1,0.2419
20260414,512100.SH,B0,0.2336
20260414,512100.SH,B1,0.2419
20260415,512100.SH,B0,0.3502
20260415,512100.SH,B1,0.2961
20260416,512100.SH,B0,0.3034
20260416,512100.SH,B1,0.2961
20260417,512100.SH,B0,0.3604
20260417,512100.SH,B1,0.2961
20260420,512100.SH,B0,0.403
20260420,512100.SH,B1,0.3495
20260421,512100.SH,B0,0.761
20260421,512100.SH,B1,0.5552
20260422,512100.SH,B0,0.5538
20260422,512100.SH,B1,0.5552
20260423,512100.SH,B0,0.2928
20260423,512100.SH,B1,0.424
20260424,512100.SH,B0,0.0366
20260424,512100.SH,B1,0.2303
20260427,512100.SH,B0,0.0
20260427,512100.SH,B1,0.0
20260428,512100.SH,B0,0.0
20260428,512100.SH,B1,0.0
20260429,512100.SH,B0,0.0
20260429,512100.SH,B1,0.0
20260430,512100.SH,B0,0.0332
20260430,512100.SH,B1,0.0
20260506,512100.SH,B0,0.1382
20260506,512100.SH,B1,0.0691
20260507,512100.SH,B0,0.3897
20260507,512100.SH,B1,0.2294
20260508,512100.SH,B0,0.5561
20260508,512100.SH,B1,0.3928
20260511,512100.SH,B0,0.6324
20260511,512100.SH,B1,0.5126
20260512,512100.SH,B0,0.61
20260512,512100.SH,B1,0.5613
20260513,512100.SH,B0,0.3859
20260513,512100.SH,B1,0.4736
20260514,512100.SH,B0,0.5511
20260514,512100.SH,B1,0.4736
20260515,512100.SH,B0,0.2533
20260515,512100.SH,B1,0.3635
20260518,512100.SH,B0,0.1005
20260518,512100.SH,B1,0.232
20260519,512100.SH,B0,0.0
20260519,512100.SH,B1,0.0
20260520,512100.SH,B0,0.2098
20260520,512100.SH,B1,0.1049
20260521,512100.SH,B0,0.3282
20260521,512100.SH,B1,0.2166
20260522,512100.SH,B0,0.0848
20260522,512100.SH,B1,0.1507
20260525,512100.SH,B0,0.0998
20260525,512100.SH,B1,0.1507
20260526,512100.SH,B0,0.205
20260526,512100.SH,B1,0.1507
20260527,512100.SH,B0,0.2435
20260527,512100.SH,B1,0.1971
20260528,512100.SH,B0,0.0
20260528,512100.SH,B1,0.0
20260529,512100.SH,B0,0.0
20260529,512100.SH,B1,0.0
20260601,512100.SH,B0,0.0
20260601,512100.SH,B1,0.0
20260602,512100.SH,B0,0.0
20260602,512100.SH,B1,0.0
20260603,512100.SH,B0,0.0
20260603,512100.SH,B1,0.0
20260604,512100.SH,B0,0.0252
20260604,512100.SH,B1,0.0
20260605,512100.SH,B0,0.0
20260605,512100.SH,B1,0.0
20260608,512100.SH,B0,0.0
20260608,512100.SH,B1,0.0
20260609,512100.SH,B0,0.0
20260609,512100.SH,B1,0.0
20260610,512100.SH,B0,0.0
20260610,512100.SH,B1,0.0
20260611,512100.SH,B0,0.0
20260611,512100.SH,B1,0.0
20260612,512100.SH,B0,0.0
20260612,512100.SH,B1,0.0
20260615,512100.SH,B0,0.0
20260615,512100.SH,B1,0.0
20260616,512100.SH,B0,0.0
20260616,512100.SH,B1,0.0
20260617,512100.SH,B0,0.3031
20260617,512100.SH,B1,0.1515
20260618,512100.SH,B0,0.4276
20260618,512100.SH,B1,0.2896
20260622,512100.SH,B0,0.3329
20260622,512100.SH,B1,0.2896
20260623,512100.SH,B0,0.2844
20260623,512100.SH,B1,0.2896
20260624,512100.SH,B0,0.2342
20260624,512100.SH,B1,0.2896
20260625,512100.SH,B0,0.2038
20260625,512100.SH,B1,0.2467
20260626,512100.SH,B0,0.0847
20260626,512100.SH,B1,0.1657
20260629,512100.SH,B0,0.0
20260629,512100.SH,B1,0.0
20260630,512100.SH,B0,0.0
20260630,512100.SH,B1,0.0
20260701,512100.SH,B0,0.0419
20260701,512100.SH,B1,0.0
20260702,512100.SH,B0,0.2021
20260702,512100.SH,B1,0.1011
20260703,512100.SH,B0,0.1765
20260703,512100.SH,B1,0.1011
20260706,512100.SH,B0,0.0413
20260706,512100.SH,B1,0.1011
20260707,512100.SH,B0,0.0
20260707,512100.SH,B1,0.0
20260708,512100.SH,B0,0.0
20260708,512100.SH,B1,0.0
20260709,512100.SH,B0,0.0
20260709,512100.SH,B1,0.0
20260710,512100.SH,B0,0.0
20260710,512100.SH,B1,0.0
20260713,512100.SH,B0,0.0256
20260713,512100.SH,B1,0.0
20260714,512100.SH,B0,0.0
20260714,512100.SH,B1,0.0
20260715,512100.SH,B0,0.0
20260715,512100.SH,B1,0.0
20260716,512100.SH,B0,0.0
20260716,512100.SH,B1,0.0
20260717,512100.SH,B0,0.0
20260717,512100.SH,B1,0.0
20260720,512100.SH,B0,0.0
20260720,512100.SH,B1,0.0
20260721,512100.SH,B0,0.0
20260721,512100.SH,B1,0.0
20260722,512100.SH,B0,0.0
20260722,512100.SH,B1,0.0
20260723,512100.SH,B0,0.0
20260723,512100.SH,B1,0.0
20260724,512100.SH,B0,0.1785
20260724,512100.SH,B1,0.0892
20260727,512100.SH,B0,0.0
20260727,512100.SH,B1,0.0
20260728,512100.SH,B0,0.3446
20260728,512100.SH,B1,0.1723
20260729,512100.SH,B0,0.0898
20260729,512100.SH,B1,0.1311
20260730,512100.SH,B0,0.3109
20260730,512100.SH,B1,0.221
20260731,512100.SH,B0,0.0
20260731,512100.SH,B1,0.0
20260803,512100.SH,B0,0.1553
20260803,512100.SH,B1,0.0776
20260804,512100.SH,B0,0.1342
20260804,512100.SH,B1,0.0776
20260805,512100.SH,B0,0.549
20260805,512100.SH,B1,0.3133
20260806,512100.SH,B0,0.755
20260806,512100.SH,B1,0.5342
