trade_date,nav,total_equity,stock_val,etf_val,cash,futures_margin,im_lots
20221230,1.0,2200000.0,0.0,0.0,2200000.0,0.0,0
20230103,1.012218400410441,2226880.4809029703,0.0,1189696.0,1037184.4809029704,0.0,0
20230104,1.012196917423924,2226833.218332633,0.0,1417892.0,808941.2183326328,0.0,0
20230105,1.0190141240812618,2241831.072978776,0.0,1432823.0,809008.072978776,0.0,0
20230106,1.0197337627083711,2243414.2779584164,0.0,1138167.0,1105247.2779584166,0.0,0
20230109,1.0205557757462278,2245222.706641701,0.0,0.0,2245222.706641701,0.0,0
20230110,1.0206401191987688,2245408.2622372913,0.0,0.0,2245408.2622372913,0.0,0
20230111,1.0207244696218432,2245593.833168055,0.0,0.0,2245593.833168055,0.0,0
20230112,1.0208179270475741,2245799.439504663,0.0,105753.6,2140045.839504663,0.0,0
20230113,1.0214206798997874,2247125.495779532,0.0,202380.80000000002,2044744.695779532,0.0,0
20230116,1.0224851286111238,2249467.2829444725,0.0,204553.6,2044913.6829444724,0.0,0
20230117,1.022360870640028,2249193.915408062,0.0,325965.4,1923228.515408062,0.0,0
20230118,1.022883299960667,2250343.2599134673,0.0,326955.8,1923387.4599134675,0.0,0
20230119,1.025681054503479,2256498.3199076536,0.0,514092.80000000005,1742405.5199076536,0.0,0
20230120,1.027126892350607,2259679.163171335,0.0,328494.60000000003,1931184.5631713353,0.0,0
20230130,1.0282077696022693,2262057.0931249927,0.0,188747.6,2073309.4931249926,0.0,0
20230131,1.028864294727675,2263501.448400885,0.0,425753.9,1837747.5484008847,0.0,0
20230201,1.034706339863667,2276353.947700067,0.0,839344.0,1437009.947700067,0.0,0
20230202,1.0352509513935866,2277552.0930658905,0.0,1459090.5,818461.5930658905,0.0,0
20230203,1.0345621065999377,2276036.634519863,0.0,1457507.4,818529.2345198629,0.0,0
20230206,1.032934369745952,2272455.6134410948,0.0,1268311.2,1004144.413441095,0.0,0
20230207,1.03440131694763,2275682.897284786,0.0,914331.2,1361351.6972847865,0.0,0
20230208,1.031595548040691,2269510.2056895206,0.0,908046.0,1361464.2056895208,0.0,0
20230209,1.039916692451123,2287816.7233924703,0.0,926239.9999999999,1361576.7233924703,0.0,0
20230210,1.0378627501792745,2283298.0503944037,0.0,921608.8,1361689.2503944035,0.0,0
20230213,1.0398886116264991,2287754.945578298,0.0,624545.2,1663209.745578298,0.0,0
20230214,1.0406009105511844,2289322.0032126056,0.0,741697.6,1547624.4032126055,0.0,0
20230215,1.0405677861220994,2289249.129468619,0.0,527905.8,1761343.3294686186,0.0,0
20230216,1.0353579102107693,2277787.4024636922,0.0,636133.2999999999,1641654.1024636924,0.0,0
20230217,1.0351944502440067,2277427.790536815,0.0,0.0,2277427.790536815,0.0,0
20230220,1.0352800035043574,2277616.0077095865,0.0,0.0,2277616.0077095865,0.0,0
20230221,1.0353655638352257,2277804.2404374965,0.0,0.0,2277804.2404374965,0.0,0
20230222,1.0354511312371957,2277992.4887218303,0.0,0.0,2277992.4887218303,0.0,0
20230223,1.0355367057108515,2278180.7525638733,0.0,0.0,2278180.7525638733,0.0,0
20230224,1.035622287256778,2278369.0319649116,0.0,0.0,2278369.0319649116,0.0,0
20230227,1.0355605499944462,2278233.209987782,0.0,117320.4,2160912.809987782,0.0,0
20230228,1.03561947078,2278362.835716,0.0,0.0,2278362.835716,0.0,0
20230301,1.0357050591660146,2278551.1301652323,0.0,0.0,2278551.1301652323,0.0,0
20230302,1.0357906546254498,2278739.4401759896,0.0,0.0,2278739.4401759896,0.0,0
20230303,1.0357106701256182,2278563.47427636,0.0,180079.19999999998,2098484.27427636,0.0,0
20230306,1.0356670137281363,2278467.4302018997,0.0,0.0,2278467.4302018997,0.0,0
20230307,1.0357526060433204,2278655.7332953047,0.0,0.0,2278655.7332953047,0.0,0
20230308,1.0358382054322495,2278844.051950949,0.0,0.0,2278844.051950949,0.0,0
20230309,1.0361047045123277,2279430.349927121,0.0,202896.1,2076534.249927121,0.0,0
20230310,1.033486337578439,2273669.942672566,0.0,504346.7,1769323.2426725659,0.0,0
20230313,1.034651303515429,2276232.8677339437,0.0,506763.4,1769469.4677339438,0.0,0
20230314,1.0326052749454717,2271731.6048800377,0.0,502115.9,1769615.7048800376,0.0,0
20230315,1.0337702518690208,2274294.554111846,0.0,504532.6,1769761.954111846,0.0,0
20230316,1.0290820257859585,2263980.456729109,0.0,704335.5,1559644.956729109,0.0,0
20230317,1.0316454701092874,2269620.034240432,0.0,810323.7000000001,1459296.3342404321,0.0,0
20230320,1.0296739008253197,2265282.5818157033,0.0,1018355.4,1246927.1818157034,0.0,0
20230321,1.0355888334767778,2278295.4336489113,0.0,1031265.2000000001,1247030.2336489114,0.0,0
20230322,1.0377106566143632,2282963.444551599,0.0,1230967.8,1051995.6445515992,0.0,0
20230323,1.03935292677139,2286576.438897058,0.0,992709.9,1293866.538897058,0.0,0
20230324,1.039659966694989,2287251.926728976,0.0,792940.5,1494311.4267289757,0.0,0
20230327,1.0395656819900247,2287044.5003780546,0.0,0.0,2287044.5003780546,0.0,0
20230328,1.039178549206919,2286192.8082552217,0.0,102845.6,2183347.2082552216,0.0,0
20230329,1.0393609630890446,2286594.1187958983,0.0,0.0,2286594.1187958983,0.0,0
20230330,1.0394468606893001,2286783.09351646,0.0,0.0,2286783.09351646,0.0,0
20230331,1.0395327653885307,2286972.0838547675,0.0,0.0,2286972.0838547675,0.0,0
20230403,1.039618677187323,2287161.0898121106,0.0,0.0,2287161.0898121106,0.0,0
20230404,1.039704596086264,2287350.111389781,0.0,0.0,2287350.111389781,0.0,0
20230406,1.0402267962638654,2288498.9517805036,0.0,199612.8,2088886.1517805038,0.0,0
20230407,1.0419906913685313,2292379.5210107686,0.0,450684.0,1841695.5210107688,0.0,0
20230410,1.0397612509747205,2287474.752144385,0.0,535727.5,1751747.2521443854,0.0,0
20230411,1.0396633281592935,2287259.321950446,0.0,320995.19999999995,1966264.121950446,0.0,0
20230412,1.0398858488944696,2287748.867567833,0.0,0.0,2287748.867567833,0.0,0
20230413,1.039971789873717,2287937.9377221777,0.0,0.0,2287937.9377221777,0.0,0
20230414,1.040057737955525,2288127.0235021547,0.0,0.0,2288127.0235021547,0.0,0
20230417,1.04014369314048,2288316.124909056,0.0,0.0,2288316.124909056,0.0,0
20230418,1.0402296554291692,2288505.2419441724,0.0,0.0,2288505.2419441724,0.0,0
20230419,1.04031562482218,2288694.374608796,0.0,0.0,2288694.374608796,0.0,0
20230420,1.0404016013200992,2288883.522904218,0.0,0.0,2288883.522904218,0.0,0
20230421,1.040487584923514,2289072.686831731,0.0,0.0,2289072.686831731,0.0,0
20230424,1.040573575633012,2289261.866392626,0.0,0.0,2289261.866392626,0.0,0
20230425,1.04065957344918,2289451.0615881956,0.0,0.0,2289451.0615881956,0.0,0
20230426,1.0407455783726054,2289640.272419732,0.0,0.0,2289640.272419732,0.0,0
20230427,1.0408315904038759,2289829.498888527,0.0,0.0,2289829.498888527,0.0,0
20230428,1.0409176095435788,2290018.740995873,0.0,0.0,2290018.740995873,0.0,0
20230504,1.0410036357923014,2290207.998743063,0.0,0.0,2290207.998743063,0.0,0
20230505,1.041089669150631,2290397.2721313885,0.0,0.0,2290397.2721313885,0.0,0
20230508,1.0415966481130114,2291512.6258486253,0.0,127187.20000000001,2164325.425848625,0.0,0
20230509,1.0393612982165534,2286594.8560764175,0.0,358248.0,1928346.8560764177,0.0,0
20230510,1.039057498506307,2285926.4967138753,0.0,0.0,2285926.4967138753,0.0,0
20230511,1.0391433710268447,2286115.4162590583,0.0,0.0,2286115.4162590583,0.0,0
20230512,1.039229250644285,2286304.351417427,0.0,0.0,2286304.351417427,0.0,0
20230515,1.0393151373592142,2286493.302190271,0.0,0.0,2286493.302190271,0.0,0
20230516,1.039401031172219,2286682.268578882,0.0,0.0,2286682.268578882,0.0,0
20230517,1.0394869320838862,2286871.2505845497,0.0,0.0,2286871.2505845497,0.0,0
20230518,1.0395728400948023,2287060.248208565,0.0,0.0,2287060.248208565,0.0,0
20230519,1.039658755205554,2287249.261452219,0.0,0.0,2287249.261452219,0.0,0
20230522,1.0397446774167283,2287438.290316802,0.0,0.0,2287438.290316802,0.0,0
20230523,1.0398306067289114,2287627.334803605,0.0,0.0,2287627.334803605,0.0,0
20230524,1.0399165431426907,2287816.3949139193,0.0,0.0,2287816.3949139193,0.0,0
20230525,1.0397691705470309,2287492.1752034677,0.0,379454.0,1908038.1752034675,0.0,0
20230526,1.0436392896114903,2296006.437145279,0.0,827241.0,1468765.4371452786,0.0,0
20230529,1.0424890358239693,2293475.8788127326,0.0,1033453.3,1260022.5788127326,0.0,0
20230530,1.044510869504616,2297923.912910155,0.0,1037797.2000000001,1260126.712910155,0.0,0
20230531,1.0446797602526747,2298295.472555884,0.0,878348.9,1419946.572555884,0.0,0
20230601,1.0456442834146789,2300417.4235122935,0.0,880353.4999999999,1420063.9235122935,0.0,0
20230602,1.0481997774142255,2306039.510311296,0.0,790594.0,1515445.5103112964,0.0,0
20230605,1.048295804546227,2306250.770001699,0.0,523899.6,1782351.1700016991,0.0,0
20230606,1.0453075696975744,2299676.6533346637,0.0,303966.0,1995710.6533346637,0.0,0
20230607,1.0456438358931637,2300416.43896496,0.0,0.0,2300416.43896496,0.0,0
20230608,1.0453827217367704,2299841.987820895,0.0,158004.59999999998,2141837.387820895,0.0,0
20230609,1.0459630905342092,2301118.79917526,0.0,159104.4,2142014.39917526,0.0,0
20230612,1.0468888720332508,2303155.5184731516,0.0,416467.2,1886688.3184731514,0.0,0
20230613,1.0479344522940197,2305455.7950468436,0.0,556398.6,1749057.1950468435,0.0,0
20230614,1.0491382160628506,2308104.0753382714,0.0,769184.8,1538919.2753382714,0.0,0
20230615,1.0511855721588437,2312608.258749456,0.0,773561.7999999999,1539046.4587494563,0.0,0
20230616,1.0525629932092953,2315638.5850604493,0.0,404576.2,1911062.3850604494,0.0,0
20230619,1.0524892921598719,2315476.442751718,0.0,0.0,2315476.442751718,0.0,0
20230620,1.052550376880021,2315610.8291360466,0.0,97770.4,2217840.4291360467,0.0,0
20230621,1.0517567826061347,2313864.9217334962,0.0,95841.2,2218023.721733496,0.0,0
20230626,1.0516399993325463,2313607.998531602,0.0,0.0,2313607.998531602,0.0,0
20230627,1.0517269117291854,2313799.205804208,0.0,0.0,2313799.205804208,0.0,0
20230628,1.0518138313086671,2313990.428879068,0.0,0.0,2313990.428879068,0.0,0
20230629,1.0522047409665838,2314850.4301264845,0.0,129852.79999999999,2184997.6301264847,0.0,0
20230630,1.0548801845534344,2320736.4060175554,0.0,341947.39999999997,1978789.0060175555,0.0,0
20230703,1.0546037919541111,2320128.3422990446,0.0,341175.8,1978952.5422990446,0.0,0
20230704,1.0553795873163312,2321835.0920959287,0.0,342719.0,1979116.0920959287,0.0,0
20230705,1.0546287800552978,2320183.316121655,0.0,184885.5,2135297.816121655,0.0,0
20230706,1.0544516053254227,2319793.53171593,0.0,0.0,2319793.53171593,0.0,0
20230707,1.0545387500861936,2319985.2501896257,0.0,0.0,2319985.2501896257,0.0,0
20230710,1.0546259020490105,2320176.9845078234,0.0,0.0,2320176.9845078234,0.0,0
20230711,1.0551571597532192,2321345.751457082,0.0,140026.3,2181319.4514570823,0.0,0
20230712,1.0543253753599606,2319515.8257919136,0.0,138016.1,2181499.7257919135,0.0,0
20230713,1.0552907921611565,2321639.742754544,0.0,238640.4,2082999.342754544,0.0,0
20230714,1.0552454961184348,2321540.0914605567,0.0,238368.59999999998,2083171.4914605569,0.0,0
20230717,1.0549531156335161,2320896.8543937355,0.0,237553.19999999998,2083343.6543937353,0.0,0
20230718,1.0549471119614666,2320883.6463152263,0.0,120520.0,2200363.6463152263,0.0,0
20230719,1.0549442066932424,2320877.254725133,0.0,0.0,2320877.254725133,0.0,0
20230720,1.0550313921648697,2321069.0627627135,0.0,0.0,2321069.0627627135,0.0,0
20230721,1.0551185848419082,2321260.886652198,0.0,0.0,2321260.886652198,0.0,0
20230724,1.0552057847249532,2321452.726394897,0.0,0.0,2321452.726394897,0.0,0
20230725,1.0552929918146,2321644.5819921196,0.0,0.0,2321644.5819921196,0.0,0
20230726,1.055380206111444,2321836.4534451766,0.0,0.0,2321836.4534451766,0.0,0
20230727,1.0546973561572976,2320334.1835460546,0.0,178347.1,2141987.0835460545,0.0,0
20230728,1.0564854880079504,2324268.073617491,0.0,364680.30000000005,1959587.773617491,0.0,0
20230731,1.0564899220687411,2324277.8285512305,0.0,0.0,2324277.8285512305,0.0,0
20230801,1.056577235285441,2324469.91762797,0.0,0.0,2324469.91762797,0.0,0
20230802,1.0566645557181094,2324662.0225798404,0.0,0.0,2324662.0225798404,0.0,0
20230803,1.0567518833673422,2324854.1434081527,0.0,0.0,2324854.1434081527,0.0,0
20230804,1.056839218233736,2325046.2801142195,0.0,0.0,2325046.2801142195,0.0,0
20230807,1.0569265603178877,2325238.432699353,0.0,0.0,2325238.432699353,0.0,0
20230808,1.0570139096203934,2325430.6011648653,0.0,0.0,2325430.6011648653,0.0,0
20230809,1.0571012661418497,2325622.7855120692,0.0,0.0,2325622.7855120692,0.0,0
20230810,1.0571886298828532,2325814.985742277,0.0,0.0,2325814.985742277,0.0,0
20230811,1.0572760008440005,2326007.2018568013,0.0,0.0,2326007.2018568013,0.0,0
20230814,1.0573633790258885,2326199.433856955,0.0,0.0,2326199.433856955,0.0,0
20230815,1.0574507644291138,2326391.6817440502,0.0,0.0,2326391.6817440502,0.0,0
20230816,1.057538157054273,2326583.9455194008,0.0,0.0,2326583.9455194008,0.0,0
20230817,1.0576255569019635,2326776.2251843195,0.0,0.0,2326776.2251843195,0.0,0
20230818,1.0577129639727818,2326968.5207401197,0.0,0.0,2326968.5207401197,0.0,0
20230821,1.057800378267325,2327160.832188115,0.0,0.0,2327160.832188115,0.0,0
20230822,1.0581400589128602,2327908.1296082926,0.0,297306.3,2030601.8296082928,0.0,0
20230823,1.0562922396660306,2323842.9272652674,0.0,199133.99999999997,2124708.9272652674,0.0,0
20230824,1.0564473286565366,2324184.1230443805,0.0,199299.6,2124884.5230443804,0.0,0
20230825,1.0561507587725492,2323531.669299608,0.0,0.0,2323531.669299608,0.0,0
20230828,1.0562380439592245,2323723.696710294,0.0,0.0,2323723.696710294,0.0,0
20230829,1.0563253363595517,2323915.739991014,0.0,0.0,2323915.739991014,0.0,0
20230830,1.0564126359741268,2324107.799143079,0.0,0.0,2324107.799143079,0.0,0
20230831,1.0561845558333265,2323606.0228333184,0.0,265188.0,2058418.0228333187,0.0,0
20230901,1.0561638818296766,2323560.5400252882,0.0,264972.4,2058588.1400252883,0.0,0
20230904,1.056386867553086,2324051.1086167893,0.0,0.0,2324051.1086167893,0.0,0
20230905,1.0562950431800304,2323849.0949960668,0.0,103457.7,2220391.3949960666,0.0,0
20230906,1.0561504150706746,2323530.913155484,0.0,0.0,2323530.913155484,0.0,0
20230907,1.0527008055274087,2315941.772160299,0.0,448718.39999999997,1867223.3721602992,0.0,0
20230908,1.0528459501483312,2316261.0903263288,0.0,265659.89999999997,2050601.1903263289,0.0,0
20230911,1.054695164317765,2320329.361499083,0.0,269558.7,2050770.661499083,0.0,0
20230912,1.0543274143285495,2319520.311522809,0.0,0.0,2319520.311522809,0.0,0
20230913,1.0544145488256016,2319712.0074163233,0.0,0.0,2319712.0074163233,0.0,0
20230914,1.0545016905238516,2319903.7191524734,0.0,0.0,2319903.7191524734,0.0,0
20230915,1.0545888394238947,2320095.4467325686,0.0,0.0,2320095.4467325686,0.0,0
20230918,1.0548866306840885,2320750.5875049946,0.0,107266.2,2213484.3875049944,0.0,0
20230919,1.0542953743285575,2319449.8235228267,0.0,203474.7,2115975.1235228265,0.0,0
20230920,1.0538227314157718,2318410.009114698,0.0,107200.49999999999,2211209.509114698,0.0,0
20230921,1.0537034918835526,2318147.682143816,0.0,0.0,2318147.682143816,0.0,0
20230922,1.0537905748167662,2318339.2645968855,0.0,0.0,2318339.2645968855,0.0,0
20230925,1.0538776649469161,2318530.862883216,0.0,0.0,2318530.862883216,0.0,0
20230926,1.0534990100746566,2317697.8221642445,0.0,237734.4,2079963.4221642446,0.0,0
20230927,1.0551189715200515,2321261.737344113,0.0,558400.7,1762861.0373441135,0.0,0
20230928,1.05826534324133,2328183.755130926,0.0,952660.9999999999,1375522.7551309261,0.0,0
20231009,1.0565018270735762,2324304.0195618677,0.0,1052916.3,1271387.7195618676,0.0,0
20231010,1.054507813287998,2319917.1892335955,0.0,1270440.6,1049476.5892335956,0.0,0
20231011,1.0557349649254597,2322616.9228360113,0.0,1273053.5999999999,1049563.3228360116,0.0,0
20231012,1.059720831971034,2331385.830336275,0.0,1029207.6000000001,1302178.230336275,0.0,0
20231013,1.0579695655858128,2327533.044288788,0.0,571596.6,1755936.444288788,0.0,0
20231016,1.05517107409236,2321376.363003192,0.0,565294.8,1756081.563003192,0.0,0
20231017,1.054520216808265,2319944.4769781833,0.0,851861.4,1468083.0769781831,0.0,0
20231018,1.0475306725994622,2304567.479718817,0.0,940974.6000000001,1363592.8797188168,0.0,0
20231019,1.0430853060660181,2294787.67334524,0.0,931082.1000000001,1363705.57334524,0.0,0
20231020,1.0395929412023412,2287104.4706451506,0.0,598969.8,1688134.6706451506,0.0,0
20231023,1.0327533572305396,2272057.385907187,0.0,583783.2,1688274.1859071874,0.0,0
20231024,1.0348594131540714,2276690.708938957,0.0,347076.7,1929614.008938957,0.0,0
20231025,1.0369004940132984,2281181.0868292567,0.0,516402.89999999997,1764778.1868292566,0.0,0
20231026,1.0401384060019214,2288304.493204227,0.0,889521.7,1398782.7932042272,0.0,0
20231027,1.051571927492295,2313458.240483049,0.0,1304930.8,1008527.4404830489,0.0,0
20231030,1.0612651549800367,2334783.3409560807,0.0,1563547.8,771235.5409560809,0.0,0
20231031,1.0575821587892997,2326680.749336459,0.0,1433156.9,893523.8493364593,0.0,0
20231101,1.0572738663237233,2326002.5059121912,0.0,1119866.0,1206136.5059121912,0.0,0
20231102,1.053364425253831,2317401.7355584283,0.0,767579.2,1549822.5355584284,0.0,0
20231103,1.056974902125083,2325344.7846751823,0.0,587769.4,1737575.3846751822,0.0,0
20231106,1.0624903117939286,2337478.685946643,0.0,599759.7000000001,1737718.985946643,0.0,0
20231107,1.0640288356721095,2340863.4384786407,0.0,804338.9,1536524.5384786406,0.0,0
20231108,1.0664338042703774,2346154.3693948304,0.0,1179441.3,1166713.0693948304,0.0,0
20231109,1.0621775101227604,2336790.5222700727,0.0,1561579.7999999998,775210.7222700729,0.0,0
20231110,1.0609027849604789,2333986.1269130534,0.0,1297970.0,1036016.1269130536,0.0,0
20231113,1.0657247752857373,2344594.505628622,0.0,936903.8,1407690.7056286223,0.0,0
20231114,1.0670673750997175,2347548.2252193787,0.0,618268.2000000001,1729280.0252193785,0.0,0
20231115,1.0678796457395099,2349335.220626922,0.0,842987.2,1506348.020626922,0.0,0
20231116,1.062847902566327,2338265.3856459195,0.0,1176443.1,1161822.2856459196,0.0,0
20231117,1.0687345927348337,2351216.104016634,0.0,1189297.8,1161918.3040166341,0.0,0
20231120,1.0724571956012505,2359405.8303227513,0.0,1197391.5,1162014.3303227513,0.0,0
20231121,1.0686054838931485,2350932.0645649265,0.0,1188821.7,1162110.3645649268,0.0,0
20231122,1.0615000929218066,2335300.2044279743,0.0,1466192.0,869108.2044279743,0.0,0
20231123,1.068896445921346,2351572.181026961,0.0,1696418.8,655153.3810269613,0.0,0
20231124,1.0606930132586703,2333524.629169075,0.0,1246958.9000000001,1086565.729169075,0.0,0
20231127,1.0609628804347,2334118.33695634,0.0,957432.0,1376686.33695634,0.0,0
20231128,1.0615960352609057,2335511.2775739925,0.0,595522.7999999999,1739988.4775739927,0.0,0
20231129,1.0608939446702812,2333966.6782746185,0.0,593834.4,1740132.2782746186,0.0,0
20231130,1.0606274833183438,2333380.463300356,0.0,0.0,2333380.463300356,0.0,0
20231201,1.0607151384822544,2333573.3046609596,0.0,0.0,2333573.3046609596,0.0,0
20231204,1.0608028008903934,2333766.1619588654,0.0,0.0,2333766.1619588654,0.0,0
20231205,1.0582807371740832,2328217.621782983,0.0,370307.60000000003,1957910.0217829833,0.0,0
20231206,1.0599068186110852,2331795.000944387,0.0,802344.0,1529451.0009443874,0.0,0
20231207,1.0596633644788893,2331259.4018535563,0.0,801682.0,1529577.4018535563,0.0,0
20231208,1.0590789800594924,2329973.7561308835,0.0,652831.7,1677142.0561308835,0.0,0
20231211,1.0575454840744272,2326600.06496374,0.0,0.0,2326600.06496374,0.0,0
20231212,1.0576328845276566,2326792.3459608443,0.0,0.0,2326792.3459608443,0.0,0
20231213,1.0577202922040636,2326984.64284894,0.0,0.0,2326984.64284894,0.0,0
20231214,1.0566305723933855,2324587.259265448,0.0,292215.3,2032371.9592654482,0.0,0
20231215,1.0541509204085933,2319132.0248989053,0.0,655920.0,1663212.024898905,0.0,0
20231218,1.0486127383294328,2306948.024324752,0.0,795994.0,1510954.024324752,0.0,0
20231219,1.048882331681249,2307541.129698748,0.0,551757.6,1755783.529698748,0.0,0
20231220,1.04873757476905,2307222.66449191,0.0,0.0,2307222.66449191,0.0,0
20231221,1.0488242472958904,2307413.3440509588,0.0,0.0,2307413.3440509588,0.0,0
20231222,1.0489109269857495,2307604.039368649,0.0,0.0,2307604.039368649,0.0,0
20231225,1.0489976138392194,2307794.750446283,0.0,0.0,2307794.750446283,0.0,0
20231226,1.049084307856892,2307985.4772851625,0.0,0.0,2307985.4772851625,0.0,0
20231227,1.0491710090393596,2308176.219886591,0.0,0.0,2308176.219886591,0.0,0
20231228,1.0510629280628532,2312338.441738277,0.0,173160.0,2139178.441738277,0.0,0
20231229,1.0545021523713134,2319904.7352168895,0.0,509697.80000000005,1810206.9352168895,0.0,0
20240102,1.051263939563553,2312780.6670398167,0.0,886987.2000000001,1425793.4670398165,0.0,0
20240103,1.0487515451035978,2307253.3992279153,0.0,1359877.2,947376.1992279155,0.0,0
20240104,1.0450936794461687,2299206.094781571,0.0,1351751.6,947454.4947815707,0.0,0
20240105,1.037875547541868,2283326.2045921097,0.0,909236.3999999999,1374089.8045921095,0.0,0
20240108,1.0364929849665048,2280284.5669263103,0.0,0.0,2280284.5669263103,0.0,0
20240109,1.0365786455437747,2280473.020196304,0.0,0.0,2280473.020196304,0.0,0
20240110,1.0366643132004312,2280661.4890409485,0.0,0.0,2280661.4890409485,0.0,0
20240111,1.0367499879370592,2280849.97346153,0.0,0.0,2280849.97346153,0.0,0
20240112,1.0365694380378556,2280452.7636832823,0.0,141084.69999999998,2139368.063683282,0.0,0
20240115,1.0364496686187603,2280189.2709612725,0.0,140644.40000000002,2139544.8709612726,0.0,0
20240116,1.0363584967506523,2279988.692851435,0.0,140267.0,2139721.692851435,0.0,0
20240117,1.0346662406158984,2276265.7293549767,0.0,136367.2,2139898.5293549765,0.0,0
20240118,1.0342812447616017,2275418.738475524,0.0,328407.8,1947010.938475524,0.0,0
20240119,1.0317816795434687,2269919.694995631,0.0,529053.0,1740866.694995631,0.0,0
20240122,1.0186686219437315,2241070.968276209,0.0,500060.39999999997,1741010.568276209,0.0,0
20240123,1.020113698786581,2244250.1373304785,0.0,317433.2,1926816.9373304786,0.0,0
20240124,1.0224449901816726,2249378.9783996795,0.0,322402.8,1926976.1783996795,0.0,0
20240125,1.0340234763960194,2274851.648071243,0.0,738138.6,1536713.048071243,0.0,0
20240126,1.0263735475088174,2258021.804519398,0.0,1428668.0,829353.8045193983,0.0,0
20240129,1.007052672417835,2215515.879319237,0.0,1513095.5999999999,702420.2793192373,0.0,0
20240130,0.9930171676415681,2184637.76881145,0.0,976635.5,1208002.2688114499,0.0,0
20240131,0.9919920141010564,2182382.431022324,0.0,0.0,2182382.431022324,0.0,0
20240201,0.9920739969121392,2182562.793206706,0.0,0.0,2182562.793206706,0.0,0
20240202,0.9921559864986608,2182743.1702970536,0.0,0.0,2182743.1702970536,0.0,0
20240205,0.9922379828611813,2182923.5622945987,0.0,0.0,2182923.5622945987,0.0,0
20240206,0.9923199860002606,2183103.9692005734,0.0,0.0,2183103.9692005734,0.0,0
20240207,0.9924019959164591,2183284.39101621,0.0,0.0,2183284.39101621,0.0,0
20240208,0.9955815825135871,2190279.4815298915,0.0,246074.0,1944205.4815298917,0.0,0
20240219,0.9949310873976036,2188848.392274728,0.0,729826.0,1459022.3922747278,0.0,0
20240220,0.9973998746020908,2194279.7241245997,0.0,1056645.0,1137634.7241245997,0.0,0
20240221,1.0014991161789477,2203298.055593685,0.0,1407406.0,795892.0555936847,0.0,0
20240222,1.0145113497896863,2231924.96953731,0.0,1683323.9999999998,548600.9695373102,0.0,0
20240223,1.028284587655649,2262226.092842428,0.0,1826929.5,435296.59284242784,0.0,0
20240226,1.0300776547341786,2266170.840415193,0.0,1990052.4,276118.44041519304,0.0,0
20240227,1.0596849710385905,2331306.9362848992,0.0,2193426.2,137880.73628489918,0.0,0
20240228,1.011514241539578,2225331.3313870714,0.0,2087439.2,137892.13138707148,0.0,0
20240229,1.0422627351235487,2292978.0172718074,0.0,1805119.1999999997,487858.8172718078,0.0,0
20240301,1.0504735438392723,2311041.796446399,0.0,1660177.4999999998,650864.2964463993,0.0,0
20240304,1.051520365781924,2313344.804720233,0.0,1366668.7999999998,946676.0047202336,0.0,0
20240305,1.0468842371128206,2303145.3216482056,0.0,1479708.2999999998,823437.0216482059,0.0,0
20240306,1.045875985842303,2300927.1688530664,0.0,1142088.5,1158838.6688530664,0.0,0
20240307,1.0382322457472184,2284110.9406438805,0.0,1125176.5,1158934.4406438807,0.0,0
20240308,1.0440682404778001,2296950.12905116,0.0,954472.5,1342477.62905116,0.0,0
20240311,1.052767535279793,2316088.5776155447,0.0,973500.0000000001,1342588.5776155444,0.0,0
20240312,1.0548293342496509,2320624.5353492317,0.0,977925.0,1342699.5353492317,0.0,0
20240313,1.0564959873139332,2324291.1720906533,0.0,1112712.3,1211578.8720906535,0.0,0
20240314,1.0530743409456296,2316763.550080385,0.0,1321518.4000000001,995245.1500803849,0.0,0
20240315,1.0596725850757802,2331279.6871667164,0.0,1031494.2,1299785.4871667165,0.0,0
20240318,1.0674729124795055,2348440.407454912,0.0,1048547.5,1299892.907454912,0.0,0
20240319,1.062084758510828,2336586.4687238215,0.0,1324989.3,1011597.1687238216,0.0,0
20240320,1.0687899862896508,2351337.969837232,0.0,1672246.1,679091.869837232,0.0,0
20240321,1.0681939831993534,2350026.7630385775,0.0,1867356.7999999998,482669.96303857764,0.0,0
20240322,1.058498751417349,2328697.2531181676,0.0,1845987.4,482709.8531181676,0.0,0
20240325,1.0407544299632552,2289659.7459191615,0.0,1708707.6,580952.1459191612,0.0,0
20240326,1.0381256251247282,2283876.375274402,0.0,1099339.4,1184536.975274402,0.0,0
20240327,1.0275160165108763,2260535.236323928,0.0,658822.5000000001,1601712.7363239278,0.0,0
20240328,1.0268850811263184,2259147.1784779006,0.0,0.0,2259147.1784779006,0.0,0
20240329,1.0290405420711706,2263889.1925565754,0.0,359105.39999999997,1904783.7925565753,0.0,0
20240401,1.0336666306638582,2274066.587460488,0.0,505327.9,1768738.6874604882,0.0,0
20240402,1.0313006891603924,2268861.5161528634,0.0,1070966.2,1197895.3161528632,0.0,0
20240403,1.0294525001941643,2264795.5004271613,0.0,1278363.6,986431.9004271613,0.0,0
20240408,1.017416647147599,2238316.6237247176,0.0,1251803.2000000002,986513.4237247172,0.0,0
20240409,1.0218212990133757,2248006.8578294264,0.0,769698.0000000001,1478308.8578294264,0.0,0
20240410,1.0210938154573583,2246406.3940061885,0.0,0.0,2246406.3940061885,0.0,0
20240411,1.0211782033759913,2246592.0474271807,0.0,0.0,2246592.0474271807,0.0,0
20240412,1.0212625982688324,2246777.716191431,0.0,0.0,2246777.716191431,0.0,0
20240415,1.0213470001364577,2246963.400300207,0.0,0.0,2246963.400300207,0.0,0
20240416,1.0214314089794443,2247149.0997547773,0.0,0.0,2247149.0997547773,0.0,0
20240417,1.0215158247983682,2247334.81455641,0.0,0.0,2247334.81455641,0.0,0
20240418,1.0216002475938062,2247520.5447063735,0.0,0.0,2247520.5447063735,0.0,0
20240419,1.021720194213495,2247784.4272696893,0.0,214469.5,2033314.9272696893,0.0,0
20240422,1.0217698588455035,2247893.6894601076,0.0,478110.3,1769783.3894601075,0.0,0
20240423,1.0213336354642517,2246933.998021354,0.0,0.0,2246933.998021354,0.0,0
20240424,1.02141804320272,2247119.695045984,0.0,0.0,2247119.695045984,0.0,0
20240425,1.0215024579170342,2247305.4074174752,0.0,0.0,2247305.4074174752,0.0,0
20240426,1.02340328388348,2251487.2245436558,0.0,208338.9,2043148.3245436558,0.0,0
20240429,1.0269025546918216,2259185.6203220077,0.0,338737.0,1920448.6203220075,0.0,0
20240430,1.0241476009689618,2253124.722131716,0.0,631643.3999999999,1621481.3221317164,0.0,0
20240506,1.0295422403875245,2264992.928852554,0.0,643377.6000000001,1621615.3288525539,0.0,0
20240507,1.0312069940669806,2268655.386947357,0.0,867816.5,1400838.886947357,0.0,0
20240508,1.0249677994346345,2254929.1587561956,0.0,853974.5,1400954.6587561958,0.0,0
20240509,1.0326821688580803,2271900.7714877767,0.0,972251.9999999999,1299648.7714877767,0.0,0
20240510,1.0288200820350708,2263404.180477156,0.0,963648.0000000001,1299756.1804771558,0.0,0
20240513,1.0253685962919616,2255810.9118423155,0.0,536110.4,1719700.5118423156,0.0,0
20240514,1.0254412711289105,2255970.796483603,0.0,0.0,2255970.796483603,0.0,0
20240515,1.0255260183414003,2256157.240351081,0.0,0.0,2256157.240351081,0.0,0
20240516,1.0256107725577923,2256343.699627143,0.0,0.0,2256343.699627143,0.0,0
20240517,1.0256955337786646,2256530.1743130623,0.0,0.0,2256530.1743130623,0.0,0
20240520,1.026313439511554,2257889.566925419,0.0,393849.60000000003,1864039.9669254192,0.0,0
20240521,1.0235429046277138,2251794.3901809705,0.0,633012.5,1618781.8901809703,0.0,0
20240522,1.023803372702396,2252367.419945271,0.0,500631.60000000003,1751735.8199452711,0.0,0
20240523,1.0230595527250164,2250731.015995036,0.0,0.0,2250731.015995036,0.0,0
20240524,1.0231441031012745,2250917.026822804,0.0,0.0,2250917.026822804,0.0,0
20240527,1.0237858045955972,2252328.770110314,0.0,142506.59999999998,2109822.1701103137,0.0,0
20240528,1.0235408796747598,2251789.9352844716,0.0,0.0,2251789.9352844716,0.0,0
20240529,1.0236254698301048,2251976.0336262304,0.0,0.0,2251976.0336262304,0.0,0
20240530,1.0237100669763717,2252162.147348018,0.0,0.0,2252162.147348018,0.0,0
20240531,1.0237946711141384,2252348.2764511043,0.0,0.0,2252348.2764511043,0.0,0
20240603,1.0238792822439824,2252534.4209367614,0.0,0.0,2252534.4209367614,0.0,0
20240604,1.023963900366482,2252720.5808062605,0.0,0.0,2252720.5808062605,0.0,0
20240605,1.024048525482215,2252906.7560608727,0.0,0.0,2252906.7560608727,0.0,0
20240606,1.0241331575917587,2253092.9467018694,0.0,0.0,2253092.9467018694,0.0,0
20240607,1.024217796695692,2253279.152730522,0.0,0.0,2253279.152730522,0.0,0
20240611,1.0243024427945924,2253465.3741481034,0.0,0.0,2253465.3741481034,0.0,0
20240612,1.0243870958890382,2253651.610955884,0.0,0.0,2253651.610955884,0.0,0
20240613,1.0229359641394886,2250459.121106875,0.0,367740.1,1882719.0211068753,0.0,0
20240614,1.0234858716909956,2251668.9177201902,0.0,368794.30000000005,1882874.61772019,0.0,0
20240617,1.0233170123603315,2251297.427192729,0.0,368267.2,1883030.2271927288,0.0,0
20240618,1.0233178900507023,2251299.358111545,0.0,0.0,2251299.358111545,0.0,0
20240619,1.0220665123921775,2248546.3272627904,0.0,196386.7,2052159.6272627902,0.0,0
20240620,1.0184166124713445,2240516.5474369577,0.0,461844.6,1778671.9474369579,0.0,0
20240621,1.0181760659629837,2239987.345118564,0.0,461168.39999999997,1778818.9451185642,0.0,0
20240624,1.013971744177902,2230737.8371913843,0.0,242154.0,1988583.837191384,0.0,0
20240625,1.0140005105520011,2230801.1232144027,0.0,0.0,2230801.1232144027,0.0,0
20240626,1.0140843122470882,2230985.486943594,0.0,0.0,2230985.486943594,0.0,0
20240627,1.0141681208679352,2231169.865909457,0.0,0.0,2231169.865909457,0.0,0
20240628,1.0142519364151144,2231354.2601132514,0.0,0.0,2231354.2601132514,0.0,0
20240701,1.0143357588891981,2231538.669556236,0.0,0.0,2231538.669556236,0.0,0
20240702,1.0144195882907592,2231723.0942396703,0.0,0.0,2231723.0942396703,0.0,0
20240703,1.0145034246203701,2231907.5341648143,0.0,0.0,2231907.5341648143,0.0,0
20240704,1.012664695856564,2227862.330884441,0.0,185085.6,2042776.730884441,0.0,0
20240705,1.01356879791257,2229851.3554076543,0.0,186905.80000000002,2042945.5554076545,0.0,0
20240708,1.0132183413923759,2229080.351063227,0.0,0.0,2229080.351063227,0.0,0
20240709,1.0133020784453834,2229264.5725798435,0.0,0.0,2229264.5725798435,0.0,0
20240710,1.0133858224188086,2229448.809321379,0.0,0.0,2229448.809321379,0.0,0
20240711,1.0134695733132233,2229633.061289091,0.0,0.0,2229633.061289091,0.0,0
20240712,1.0129492854959983,2228488.4280911963,0.0,367314.6,1861173.8280911965,0.0,0
20240715,1.0112466109591123,2224742.544110047,0.0,363414.9,1861327.644110047,0.0,0
20240716,1.0114849260700662,2225266.837354146,0.0,263104.2,1962162.637354146,0.0,0
20240717,1.011265009263283,2224783.020379223,0.0,0.0,2224783.020379223,0.0,0
20240718,1.0113485848838835,2224966.8867445434,0.0,0.0,2224966.8867445434,0.0,0
20240719,1.0114321674115598,2225150.7683054316,0.0,0.0,2225150.7683054316,0.0,0
20240722,1.011515756846883,2225334.665063143,0.0,0.0,2225334.665063143,0.0,0
20240723,1.0115993531904242,2225518.577018933,0.0,0.0,2225518.577018933,0.0,0
20240724,1.0116829564427539,2225702.5041740583,0.0,0.0,2225702.5041740583,0.0,0
20240725,1.0117665666044433,2225886.4465297754,0.0,0.0,2225886.4465297754,0.0,0
20240726,1.0118501836760636,2226070.40408734,0.0,0.0,2226070.40408734,0.0,0
20240729,1.0115113581969128,2225324.988033208,0.0,174701.9,2050623.088033208,0.0,0
20240730,1.0136377008120878,2230002.9417865933,0.0,734010.5,1495992.4417865933,0.0,0
20240731,1.0366746080184082,2280684.137640498,0.0,1195002.8,1085681.337640498,0.0,0
20240801,1.0324448943129914,2271378.767488581,0.0,1471140.0,800238.767488581,0.0,0
20240802,1.0233563195108686,2251383.902923911,0.0,1451079.0,800304.9029239106,0.0,0
20240805,1.0070336805158868,2215474.097134951,0.0,1272719.5,942754.597134951,0.0,0
20240806,1.0144913366767636,2231880.94068888,0.0,984697.0,1247183.9406888802,0.0,0
20240807,1.0139023090886794,2230585.079995095,0.0,832562.5,1398022.579995095,0.0,0
20240808,1.0143480086596786,2231565.619051293,0.0,833427.5,1398138.119051293,0.0,0
20240809,1.01231660167656,2227096.523688432,0.0,570301.2,1656795.3236884319,0.0,0
20240812,1.0117274273976606,2225800.3402748536,0.0,0.0,2225800.3402748536,0.0,0
20240813,1.0118110412346357,2225984.2907161987,0.0,0.0,2225984.2907161987,0.0,0
20240814,1.0118946619818452,2226168.2563600596,0.0,0.0,2226168.2563600596,0.0,0
20240815,1.0119782896398604,2226352.2372076926,0.0,0.0,2226352.2372076926,0.0,0
20240816,1.0107533895360536,2223657.456979318,0.0,337564.3,1886093.156979318,0.0,0
20240819,1.0113127644263926,2224888.0817380636,0.0,513003.0,1711885.0817380636,0.0,0
20240820,1.008420064483812,2218524.1418643864,0.0,367536.0,1850988.1418643866,0.0,0
20240821,1.007791412315306,2217141.107093673,0.0,0.0,2217141.107093673,0.0,0
20240822,1.0078747008617783,2217324.3418959123,0.0,0.0,2217324.3418959123,0.0,0
20240823,1.0079579962916017,2217507.5918415235,0.0,0.0,2217507.5918415235,0.0,0
20240826,1.0080412986053449,2217690.8569317586,0.0,0.0,2217690.8569317586,0.0,0
20240827,1.0081246078035766,2217874.1371678687,0.0,0.0,2217874.1371678687,0.0,0
20240828,1.0082079238868662,2218057.4325511055,0.0,0.0,2218057.4325511055,0.0,0
20240829,1.009353265009578,2220577.183021072,0.0,120055.0,2100522.183021072,0.0,0
20240830,1.0104662635889552,2223025.7798957014,0.0,122330.0,2100695.7798957014,0.0,0
20240902,1.0065595264897902,2214430.9582775384,0.0,434527.80000000005,1779903.1582775384,0.0,0
20240903,1.0083420262327758,2218352.457712107,0.0,438302.2,1780050.2577121067,0.0,0
20240904,1.0076583042289333,2216848.2693036534,0.0,436650.9,1780197.3693036532,0.0,0
20240905,1.0093335877514464,2220533.8930531824,0.0,440189.4,1780344.4930531825,0.0,0
20240906,1.0021974759767944,2204834.447148948,0.0,879148.5,1325685.9471489477,0.0,0
20240909,0.9988233097599464,2197411.281471882,0.0,975884.0,1221527.2814718818,0.0,0
20240910,1.0003315609726238,2200729.4341397723,0.0,979101.2000000001,1221628.2341397721,0.0,0
20240911,0.9993899082272885,2198657.7981000347,0.0,672512.5,1526145.2981000347,0.0,0
20240912,0.9990551547624167,2197921.3404773166,0.0,372531.2,1825390.1404773165,0.0,0
20240913,0.9990530582858905,2197916.7282289593,0.0,0.0,2197916.7282289593,0.0,0
20240918,0.9989527481746517,2197696.0459842337,0.0,102151.9,2095544.1459842338,0.0,0
20240919,0.9999398779322018,2199867.731450844,0.0,104150.40000000001,2095717.3314508442,0.0,0
20240920,0.9995585282482298,2199028.7621461055,0.0,235638.6,1963390.1621461054,0.0,0
20240923,0.9999558556139292,2199902.882350644,0.0,444012.0,1755890.882350644,0.0,0
20240924,1.0160756827376234,2235366.5020227716,0.0,1009192.7999999999,1226173.7020227716,0.0,0
20240925,1.018690983187785,2241120.163013127,0.0,1359408.0,881712.1630131272,0.0,0
20240926,1.0534028057995093,2317486.1727589206,0.0,1688718.6,628767.5727589204,0.0,0
20240927,1.1317381554893067,2489823.942076475,0.0,2160271.2,329552.7420764749,0.0,0
20240930,1.2333310880338944,2713328.393674568,0.0,2531384.4,181943.99367456773,0.0,0
20241008,1.3007670138037544,2861687.4303682595,0.0,2679728.4,181959.03036825985,0.0,0
20241009,1.2020383946839335,2644484.4683046537,0.0,2462510.4,181974.06830465392,0.0,0
20241010,1.191281603571331,2620819.5278569283,0.0,2027632.5,593187.0278569281,0.0,0
20241011,1.1664750811874198,2566245.1786123235,0.0,1184112.5,1382132.6786123237,0.0,0
20241014,1.168011891197173,2569626.160633781,0.0,0.0,2569626.160633781,0.0,0
20241015,1.1681084211055366,2569838.5264321803,0.0,0.0,2569838.5264321803,0.0,0
20241016,1.1682049589915784,2570050.9097814723,0.0,0.0,2570050.9097814723,0.0,0
20241017,1.1649771885249327,2562949.814754852,0.0,621106.5,1941843.314754852,0.0,0
20241018,1.1779345898515576,2591456.097673427,0.0,649452.3,1942003.7976734268,0.0,0
20241021,1.1858208266917973,2608805.8187219542,0.0,1104093.9,1504711.9187219543,0.0,0
20241022,1.1895911066489202,2617100.434627624,0.0,1400276.8,1216823.6346276242,0.0,0
20241023,1.1912767499852757,2620808.8499676064,0.0,1782913.0,837895.8499676061,0.0,0
20241024,1.1859009534356875,2608982.0975585124,0.0,1771017.0,837965.0975585126,0.0,0
20241025,1.204519932214709,2649943.85087236,0.0,1811909.4999999998,838034.3508723604,0.0,0
20241028,1.2157039135952832,2674548.609909623,0.0,1836445.0000000002,838103.6099096226,0.0,0
20241029,1.2008242332823296,2641813.313221125,0.0,2074862.4,566950.9132211251,0.0,0
20241030,1.2069470792937285,2655283.5744462027,0.0,2228727.6,426555.97444620274,0.0,0
20241031,1.2218671031845794,2688107.6270060744,0.0,2261516.4,426591.22700607433,0.0,0
20241101,1.1920751283997184,2622565.2824793803,0.0,2195938.8,426626.4824793806,0.0,0
20241104,1.2117851720240396,2665927.378452887,0.0,1996966.8,668960.5784528867,0.0,0
20241105,1.238060431597659,2723732.94951485,0.0,1783790.2,939942.74951485,0.0,0
20241106,1.2406404685153718,2729409.030733818,0.0,1789388.5999999999,940020.4307338181,0.0,0
20241107,1.2595539152437696,2771018.613536293,0.0,2108226.5,662792.1135362932,0.0,0
20241108,1.2596938504864248,2771326.4710701345,0.0,2354903.1,416423.37107013445,0.0,0
20241111,1.2816911973874017,2819720.6342522837,0.0,2167216.4,652504.2342522839,0.0,0
20241112,1.2724944168969994,2799487.7171733985,0.0,1989465.3,810022.4171733983,0.0,0
20241113,1.2671388513314918,2787705.472929282,0.0,1511788.2,1275917.2729292824,0.0,0
20241114,1.2519652602654392,2754323.5725839664,0.0,1077717.2,1676606.3725839665,0.0,0
20241115,1.2506711922116402,2751476.6228656084,0.0,0.0,2751476.6228656084,0.0,0
20241118,1.2481617049330025,2745955.7508526053,0.0,210195.0,2535760.7508526053,0.0,0
20241119,1.255896403164356,2762972.0869615832,0.0,653389.3,2109582.786961583,0.0,0
20241120,1.2665311672891733,2786368.5680361814,0.0,1184271.5999999999,1602096.9680361815,0.0,0
20241121,1.2686401174655415,2791008.2584241913,0.0,1696181.0,1094827.2584241913,0.0,0
20241122,1.2342708586592606,2715395.8890503733,0.0,1940960.4000000001,774435.4890503731,0.0,0
20241125,1.238060368149156,2723732.8099281434,0.0,2200401.6,523331.20992814313,0.0,0
20241126,1.2250589365642548,2695129.6604413604,0.0,2171755.2,523374.4604413603,0.0,0
20241127,1.2457863121740573,2740729.886782926,0.0,1908750.8,831979.0867829261,0.0,0
20241128,1.2409315660841542,2730049.4453851394,0.0,1898001.6,832047.8453851396,0.0,0
20241129,1.253345749375723,2757360.6486265906,0.0,1693008.0999999999,1064352.5486265908,0.0,0
20241202,1.2718139398521213,2797990.6676746667,0.0,2054020.4000000001,743970.2676746666,0.0,0
20241203,1.2686844063658207,2791105.6940048058,0.0,2408949.6999999997,382155.9940048058,0.0,0
20241204,1.2541390350658213,2759105.8771448066,0.0,2376918.3000000003,382187.5771448062,0.0,0
20241205,1.264906448292817,2782794.186244197,0.0,2158481.6,624312.5862441973,0.0,0
20241206,1.2749416461086045,2804871.62143893,0.0,2040006.0,764865.6214389297,0.0,0
20241209,1.2667039697607996,2786748.733473759,0.0,2021819.9,764928.8334737594,0.0,0
20241210,1.2753934466857806,2805865.5827087173,0.0,2138001.6,667863.9827087172,0.0,0
20241211,1.2867957894364874,2830950.736760272,0.0,2012996.4,817954.3367602724,0.0,0
20241212,1.2938192437691982,2846402.336292236,0.0,2028380.4,818021.9362922361,0.0,0
20241213,1.274470139479562,2803834.306855036,0.0,2175019.0,628815.306855036,0.0,0
20241216,1.2618727613919154,2776120.075062214,0.0,2147252.8,628867.275062214,0.0,0
20241217,1.243181856971944,2735000.085338277,0.0,1817316.5999999999,917683.485338277,0.0,0
20241218,1.2472574171125315,2743966.3176475693,0.0,1041534.6,1702431.7176475695,0.0,0
20241219,1.2478734056429577,2745321.492414507,0.0,911921.2,1833400.2924145071,0.0,0
20241220,1.2503764141072422,2750828.111035933,0.0,645661.7,2105166.4110359326,0.0,0
20241223,1.237991000916177,2723580.2020155895,0.0,964543.7999999999,1759036.4020155894,0.0,0
20241224,1.2408674194507674,2729908.322791688,0.0,541865.6,2188042.722791688,0.0,0
20241225,1.2384905239858082,2724679.152768778,0.0,536455.6,2188223.552768778,0.0,0
20241226,1.238077671060498,2723770.8763330956,0.0,0.0,2723770.8763330956,0.0,0
20241227,1.2384590820149475,2724609.9804328843,0.0,605691.2000000001,2118918.780432884,0.0,0
20241230,1.237789460985119,2723136.8141672616,0.0,491750.0,2231386.8141672616,0.0,0
20241231,1.2307205574093927,2707585.226300664,0.0,476014.0,2231571.226300664,0.0,0
20250102,1.2303566017856569,2706784.5239284453,0.0,0.0,2706784.5239284453,0.0,0
20250103,1.230458284149441,2707008.22512877,0.0,0.0,2707008.22512877,0.0,0
20250106,1.230559974916726,2707231.944816797,0.0,0.0,2707231.944816797,0.0,0
20250107,1.2313879206668668,2709053.425467107,0.0,112959.0,2596094.425467107,0.0,0
20250108,1.2309796666436144,2708155.2666159514,0.0,416808.7,2291346.5666159512,0.0,0
20250109,1.2333353545473085,2713337.7800040785,0.0,922060.7999999999,1791276.9800040787,0.0,0
20250110,1.2178509354348348,2679272.0579566364,0.0,1583686.5,1095585.5579566364,0.0,0
20250113,1.2187343204422616,2681215.5049729757,0.0,1430579.9999999998,1250635.5049729757,0.0,0
20250114,1.2391406965103984,2726109.5323228766,0.0,1008482.3999999999,1717627.1323228767,0.0,0
20250115,1.2288115344644799,2703385.375821856,0.0,847633.9,1855751.4758218557,0.0,0
20250116,1.2305279581853608,2707161.5080077937,0.0,1170167.4,1536994.1080077935,0.0,0
20250117,1.237150856753278,2721731.8848572117,0.0,1734480.0,987251.8848572118,0.0,0
20250120,1.2414568291996657,2731205.0242392644,0.0,1434534.3,1296670.7242392641,0.0,0
20250121,1.2454987832003006,2740097.3230406614,0.0,1265685.5999999999,1474411.7230406615,0.0,0
20250122,1.2414699910201261,2731233.9802442775,0.0,908218.5000000001,1823015.4802442775,0.0,0
20250123,1.2401553245292798,2728341.7139644157,0.0,764990.7000000001,1963351.0139644155,0.0,0
20250124,1.2439481692533312,2736685.9723573285,0.0,449344.0,2287341.9723573285,0.0,0
20250127,1.2402580949472588,2728567.808883969,0.0,441036.8,2287531.0088839694,0.0,0
20250205,1.241804446326594,2731969.781918507,0.0,0.0,2731969.781918507,0.0,0
20250206,1.2444148720869141,2737712.718591211,0.0,199962.0,2537750.718591211,0.0,0
20250207,1.2484933193147598,2746685.3024924714,0.0,559249.0,2187436.3024924714,0.0,0
20250210,1.2555748998290424,2762264.779623893,0.0,1408605.9000000001,1353658.8796238927,0.0,0
20250211,1.2539114192149539,2758605.1222728984,0.0,2078298.6,680306.5222728983,0.0,0
20250212,1.2693974194738518,2792674.322842474,0.0,2294183.0,498491.32284247386,0.0,0
20250213,1.2594648729420277,2770822.720472461,0.0,2272290.2,498532.52047246083,0.0,0
20250214,1.2619699496307644,2776333.8891876815,0.0,1825000.0,951333.8891876814,0.0,0
20250217,1.2656556871923414,2784442.5118231513,0.0,1833030.0,951412.5118231514,0.0,0
20250218,1.2491005186165272,2748021.14095636,0.0,1796530.0,951491.1409563599,0.0,0
20250219,1.2637805621932223,2780317.236825089,0.0,1524947.6,1255369.636825089,0.0,0
20250220,1.2685112210826597,2790724.6863818513,0.0,1535251.3,1255473.3863818515,0.0,0
20250221,1.2817823838695261,2819921.2445129575,0.0,1564344.0999999999,1255577.1445129574,0.0,0
20250224,1.2831610491127046,2822954.30804795,0.0,1940042.5,882911.8080479498,0.0,0
20250225,1.2789161571964656,2813615.545832224,0.0,1796909.4,1016706.1458322244,0.0,0
20250226,1.2888905099674473,2835559.121928384,0.0,1419140.5999999999,1416418.5219283842,0.0,0
20250227,1.2857930103758535,2828744.6228268775,0.0,1159860.0,1668884.6228268775,0.0,0
20250228,1.2695998291245962,2793119.6240741117,0.0,986320.8,1806798.8240741119,0.0,0
20250303,1.2693908591276122,2792659.8900807467,0.0,696722.4,2095937.4900807466,0.0,0
20250304,1.2673179069152287,2788099.3952135034,0.0,0.0,2788099.3952135034,0.0,0
20250305,1.2674226439323293,2788329.8166511245,0.0,0.0,2788329.8166511245,0.0,0
20250306,1.2684257793586797,2790536.714589095,0.0,127563.2,2662973.514589095,0.0,0
20250307,1.267770604224747,2789095.329294443,0.0,576043.9,2213051.429294443,0.0,0
20250310,1.268155511866719,2789942.1261067814,0.0,576707.7999999999,2213234.3261067816,0.0,0
20250311,1.2700492900157088,2794108.438034559,0.0,580691.2000000001,2213417.238034559,0.0,0
20250312,1.270478677476316,2795053.090447895,0.0,426787.2,2368265.890447895,0.0,0
20250313,1.2654622444762045,2784016.9378476497,0.0,765271.6,2018745.3378476496,0.0,0
20250314,1.2713176710478742,2796898.876305323,0.0,777986.7,2018912.176305323,0.0,0
20250317,1.271911136873323,2798204.5011213105,0.0,1047541.7999999999,1750662.7011213105,0.0,0
20250318,1.27396540181326,2802723.883989172,0.0,1051916.5,1750807.3839891718,0.0,0
20250319,1.2703247585902036,2794714.4688984477,0.0,1319016.7,1475697.7688984477,0.0,0
20250320,1.2680731697224263,2789760.973389338,0.0,1013700.0,1776060.973389338,0.0,0
20250321,1.2586285251308933,2768982.7552879653,0.0,992774.9999999999,1776207.7552879653,0.0,0
20250324,1.2556048599233798,2762330.6918314355,0.0,833267.6,1929063.0918314357,0.0,0
20250325,1.2534213366850024,2757526.9407070056,0.0,672912.5,2084614.4407070056,0.0,0
20250326,1.2526454814266568,2755820.059138645,0.0,0.0,2755820.059138645,0.0,0
20250327,1.2527490058466093,2756047.8128625406,0.0,0.0,2756047.8128625406,0.0,0
20250328,1.2528525388222993,2756275.5854090583,0.0,0.0,2756275.5854090583,0.0,0
20250331,1.2529560803544333,2756503.3767797532,0.0,0.0,2756503.3767797532,0.0,0
20250401,1.2530596304437187,2756731.1869761813,0.0,0.0,2756731.1869761813,0.0,0
20250402,1.2531631890908628,2756959.0159998983,0.0,0.0,2756959.0159998983,0.0,0
20250403,1.253266756296573,2757186.8638524604,0.0,0.0,2757186.8638524604,0.0,0
20250407,1.2533703320615561,2757414.7305354234,0.0,0.0,2757414.7305354234,0.0,0
20250408,1.2534739163865198,2757642.6160503435,0.0,0.0,2757642.6160503435,0.0,0
20250409,1.2535775092721715,2757870.5203987774,0.0,0.0,2757870.5203987774,0.0,0
20250410,1.2551459045644329,2761320.9900417523,0.0,447334.2,2313986.790041752,0.0,0
20250411,1.2646160102966606,2782155.222652653,0.0,1231715.1,1550440.1226526531,0.0,0
20250414,1.2720818446363544,2798580.05819998,0.0,1248011.8,1550568.2581999798,0.0,0
20250415,1.2699895019713732,2793976.904337021,0.0,1243280.5,1550696.404337021,0.0,0
20250416,1.2644200218242148,2781724.048013272,0.0,762377.5,2019346.5480132722,0.0,0
20250417,1.2640861452134928,2780989.5194696845,0.0,557369.6,2223619.9194696844,0.0,0
20250418,1.2637358589595284,2780218.889710963,0.0,556415.2,2223803.689710963,0.0,0
20250421,1.2690252159726658,2791855.4751398647,0.0,567868.0,2223987.4751398647,0.0,0
20250422,1.2692552692751433,2792361.5924053155,0.0,1042916.0,1749445.5924053155,0.0,0
20250423,1.2721095339480362,2798640.9746856797,0.0,1049050.8,1749590.1746856796,0.0,0
20250424,1.267594076779542,2788706.968914992,0.0,1038972.2,1749734.7689149925,0.0,0
20250425,1.2681335399907165,2789893.7879795763,0.0,585446.4,2204447.3879795764,0.0,0
20250428,1.2679933401288943,2789585.3482835675,0.0,0.0,2789585.3482835675,0.0,0
20250429,1.2680981329669214,2789815.8925272273,0.0,0.0,2789815.8925272273,0.0,0
20250430,1.2682029344655137,2790046.45582413,0.0,0.0,2790046.45582413,0.0,0
20250506,1.2683077446253868,2790277.038175851,0.0,0.0,2790277.038175851,0.0,0
20250507,1.2660543317400181,2785319.52982804,0.0,518861.2,2266458.3298280397,0.0,0
20250508,1.2707284904620089,2795602.6790164197,0.0,1046570.4,1749032.2790164198,0.0,0
20250509,1.2635888528625188,2779895.4762975415,0.0,1327677.5999999999,1452217.8762975417,0.0,0
20250512,1.2704620882508553,2795016.5941518815,0.0,911551.9,1883464.6941518814,0.0,0
20250513,1.2703636932650548,2794800.125183121,0.0,617469.6000000001,2177330.5251831207,0.0,0
20250514,1.2708247490832734,2795814.4479832016,0.0,383527.2,2412287.2479832014,0.0,0
20250515,1.265195541492845,2783430.1912842593,0.0,813622.7999999999,1969807.3912842595,0.0,0
20250516,1.266254762726138,2785760.4779975037,0.0,1080051.2,1705709.2779975038,0.0,0
20250519,1.269909781985846,2793801.520368861,0.0,1481190.9000000001,1312610.620368861,0.0,0
20250520,1.2768092094538166,2808980.2607983965,0.0,1814492.1,994488.1607983964,0.0,0
20250521,1.2747425231265874,2804433.550878492,0.0,2020882.4999999998,783551.0508784922,0.0,0
20250522,1.2663628014146944,2785998.1631123275,0.0,1812341.7,973656.4631123273,0.0,0
20250523,1.2592819435353941,2770420.275777867,0.0,1074654.8,1695765.4757778673,0.0,0
20250526,1.258938507056848,2769664.7155250655,0.0,0.0,2769664.7155250655,0.0,0
20250527,1.2590340466047958,2769874.9025305505,0.0,111777.59999999999,2658097.3025305504,0.0,0
20250528,1.2583789626502362,2768433.7178305197,0.0,630306.9,2138126.8178305198,0.0,0
20250529,1.2661871073754951,2785611.636226089,0.0,1013867.0000000001,1771744.6362260892,0.0,0
20250530,1.2605359460926007,2773179.0814037216,0.0,1482876.0,1290303.0814037216,0.0,0
20250603,1.2626937928938045,2777926.34436637,0.0,1139804.4,1638121.94436637,0.0,0
20250604,1.2674343301569289,2788355.5263452437,0.0,1150098.2000000002,1638257.3263452433,0.0,0
20250605,1.2711359779767168,2796499.1515487772,0.0,992439.0000000001,1804060.1515487772,0.0,0
20250606,1.2700948853686629,2794208.7478110585,0.0,1135601.5999999999,1658607.1478110587,0.0,0
20250609,1.2742726853090602,2803399.9076799327,0.0,872051.8,1931348.1076799326,0.0,0
20250610,1.27085423783001,2795879.323226022,0.0,864371.6,1931507.723226022,0.0,0
20250611,1.27293946132085,2800466.8149058702,0.0,1021162.2000000001,1779304.6149058703,0.0,0
20250612,1.2741249778041608,2803074.9511691537,0.0,1185217.8,1617857.1511691534,0.0,0
20250613,1.2665268997078212,2786359.1793572064,0.0,1320974.8,1465384.3793572064,0.0,0
20250616,1.268744699289644,2791238.338437217,0.0,1031735.6,1759502.7384372167,0.0,0
20250617,1.2682418872212158,2790132.1518866746,0.0,1030484.0000000001,1759648.1518866743,0.0,0
20250618,1.2679229512207943,2789430.4926857473,0.0,0.0,2789430.4926857473,0.0,0
20250619,1.2674641980627264,2788421.235737998,0.0,114295.29999999999,2674125.935737998,0.0,0
20250620,1.2674790440811912,2788453.8969786204,0.0,0.0,2788453.8969786204,0.0,0
20250623,1.2675837944154127,2788684.3477139077,0.0,0.0,2788684.3477139077,0.0,0
20250624,1.2706891386594261,2795516.1050507375,0.0,377841.00000000006,2417675.1050507375,0.0,0
20250625,1.275987155544407,2807171.742197695,0.0,824852.9,1982318.8421976953,0.0,0
20250626,1.2733935176168225,2801465.7387570096,0.0,1429092.0,1372373.7387570094,0.0,0
20250627,1.2757650263973919,2806683.058074262,0.0,1434195.9,1372487.158074262,0.0,0
20250630,1.2831822807999465,2823001.0177598824,0.0,1238983.2,1584017.8177598824,0.0,0
20250701,1.2847805128742424,2826517.1283233333,0.0,1242368.4,1584148.7283233337,0.0,0
20250702,1.2804952780243026,2817089.611653466,0.0,981228.3999999999,1835861.2116534656,0.0,0
20250703,1.2824912435093385,2821480.7357205446,0.0,985467.7999999999,1836012.9357205445,0.0,0
20250704,1.2808942752598094,2817967.4055715804,0.0,733026.6000000001,2084940.8055715803,0.0,0
20250707,1.2808689165645821,2817911.6164420806,0.0,388620.0,2429291.6164420806,0.0,0
20250708,1.2847405892794903,2826429.2964148787,0.0,600210.6,2226218.6964148786,0.0,0
20250709,1.283736455364862,2824220.2018026966,0.0,718488.6,2105731.6018026965,0.0,0
20250710,1.2847818393335317,2826520.04653377,0.0,1140394.5,1686125.5465337697,0.0,0
20250711,1.2908839236224692,2839944.6319694323,0.0,1361376.2,1478568.4319694324,0.0,0
20250714,1.2903524136938882,2838775.310126554,0.0,1477386.9000000001,1361388.410126554,0.0,0
20250715,1.2880852370751852,2833787.5215654075,0.0,1472286.5999999999,1361500.9215654074,0.0,0
20250716,1.2904423539110585,2838973.178604329,0.0,1205358.0,1633615.178604329,0.0,0
20250717,1.2970137218741917,2853430.188123222,0.0,1219680.0,1633750.188123222,0.0,0
20250718,1.2983994374492451,2856478.7623883393,0.0,1330673.4,1525805.3623883396,0.0,0
20250721,1.3043542928488823,2869579.444267541,0.0,1590928.4000000001,1278651.0442675408,0.0,0
20250722,1.3092865925995099,2880430.5037189214,0.0,1860280.4000000001,1020150.1037189213,0.0,0
20250723,1.3055422292526846,2872192.904355906,0.0,2149361.1999999997,722831.7043559063,0.0,0
20250724,1.3178370497074243,2899241.5093563334,0.0,2043340.0,855901.5093563333,0.0,0
20250725,1.31730734034412,2898076.148757064,0.0,1785113.6,1112962.548757064,0.0,0
20250728,1.3186175702518832,2900958.654554143,0.0,960920.8,1940037.854554143,0.0,0
20250729,1.3210133657913794,2906229.404741035,0.0,674341.7999999999,2231887.604741035,0.0,0
20250730,1.3194523687941728,2902795.2113471804,0.0,338164.4,2564630.8113471805,0.0,0
20250731,1.3178191924683331,2899202.2234303327,0.0,643835.5,2255366.7234303327,0.0,0
20250801,1.3177048131708262,2898950.588975818,0.0,891383.0,2007567.588975818,0.0,0
20250804,1.3227452289329966,2910039.5036525927,0.0,902306.0,2007733.5036525927,0.0,0
20250805,1.3252279236551474,2915501.432041324,0.0,907602.0,2007899.4320413242,0.0,0
20250806,1.328921910890106,2923628.2039582334,0.0,771446.4,2152181.8039582334,0.0,0
20250807,1.329009136976291,2923820.1013478404,0.0,974357.9999999999,1949462.1013478406,0.0,0
20250808,1.3276444154173634,2920817.7139181998,0.0,971194.5,1949623.2139182,0.0,0
20250811,1.3341085635471126,2935038.8398036477,0.0,985254.5,1949784.3398036477,0.0,0
20250812,1.335779535911493,2938714.9790052846,0.0,988769.5000000001,1949945.4790052844,0.0,0
20250813,1.3424034688746411,2953287.6315242103,0.0,1003181.0,1950106.6315242103,0.0,0
20250814,1.334902400996171,2936785.282191576,0.0,1448763.5999999999,1488021.682191576,0.0,0
20250815,1.3453879715995254,2959853.5375189558,0.0,1206274.7,1753578.8375189558,0.0,0
20250818,1.3545115716953553,2979925.4577297815,0.0,1417655.0,1562270.4577297815,0.0,0
20250819,1.3550111686321595,2981024.570990751,0.0,1418625.0,1562399.570990751,0.0,0
20250820,1.365771660630868,3004697.6533879098,0.0,1949617.8,1055079.8533879095,0.0,0
20250821,1.3577223409409127,2986989.150070008,0.0,1931822.1,1055167.0500700076,0.0,0
20250822,1.365481873226574,3004060.121098463,0.0,1083360.6,1920699.5210984629,0.0,0
20250825,1.3705228480445533,3015150.265698017,0.0,738634.5,2276515.765698017,0.0,0
20250826,1.370608367044016,3015338.407496835,0.0,738634.5,2276703.907496835,0.0,0
20250827,1.36091829176896,2994020.241891712,0.0,1197588.0,1796432.2418917117,0.0,0
20250828,1.3663274427800618,3005920.3741161358,0.0,970703.4,2035216.9741161356,0.0,0
20250829,1.3659639881209376,3005120.7738660625,0.0,969735.6,2035385.1738660627,0.0,0
20250901,1.3697426340273589,3013433.7948601893,0.0,707246.3999999999,2306187.3948601894,0.0,0
20250902,1.3563617170750044,2983995.77756501,0.0,1158744.4000000001,1825251.3775650095,0.0,0
20250903,1.3495019848279899,2968904.3666215776,0.0,989594.4,1979309.9666215777,0.0,0
20250904,1.3410250583523133,2950255.1283750893,0.0,775535.0,2174720.1283750893,0.0,0
20250905,1.340835823557393,2949838.8118262645,0.0,0.0,2949838.8118262645,0.0,0
20250908,1.341454863050122,2951200.6987102684,0.0,141744.0,2809456.6987102684,0.0,0
20250909,1.3401543371229216,2948339.5416704277,0.0,299781.3,2648558.241670428,0.0,0
20250910,1.3404431929056035,2948975.0243923278,0.0,443407.8,2505567.224392328,0.0,0
20250911,1.3459193163926206,2961022.4960637656,0.0,455248.2,2505774.2960637654,0.0,0
20250912,1.346038105988925,2961283.833175635,0.0,622800.0,2338483.833175635,0.0,0
20250915,1.3455637828458975,2960240.3222609744,0.0,942256.7999999999,2017983.5222609746,0.0,0
20250916,1.350212680799401,2970467.8977586823,0.0,952317.6,2018150.2977586822,0.0,0
20250917,1.3541470395634039,2979123.4870394887,0.0,960806.4,2018317.0870394886,0.0,0
20250918,1.3486494045929696,2967028.690104533,0.0,948544.7999999999,2018483.8901045332,0.0,0
20250919,1.3471532304340705,2963737.106954955,0.0,945086.3999999999,2018650.7069549551,0.0,0
20250922,1.349540191194696,2968988.420628331,0.0,619839.5,2349148.920628331,0.0,0
20250923,1.3476897182242462,2964917.3800933417,0.0,329150.5,2635766.8800933417,0.0,0
20250924,1.3503863691213196,2970850.012066903,0.0,334865.3,2635984.7120669032,0.0,0
20250925,1.3493931693469314,2968664.972563249,0.0,641506.8,2327158.172563249,0.0,0
20250926,1.3455427271295217,2960193.999684948,0.0,632843.5,2327350.499684948,0.0,0
20250929,1.3474157695412994,2964314.6929908586,0.0,354744.0,2609570.6929908586,0.0,0
20250930,1.3480312614506667,2965668.775191467,0.0,0.0,2965668.775191467,0.0,0
20251009,1.3484392629762532,2966566.378547757,0.0,152596.6,2813969.778547757,0.0,0
20251010,1.3459299842030201,2961045.9652466443,0.0,486765.60000000003,2474280.3652466442,0.0,0
20251013,1.3453696141942015,2959813.1512272432,0.0,485328.30000000005,2474484.851227243,0.0,0
20251014,1.3431683458171866,2954970.3607978104,0.0,316708.5,2638261.8607978104,0.0,0
20251015,1.342869924930561,2954313.834847234,0.0,0.0,2954313.834847234,0.0,0
20251016,1.3429809059160924,2954557.9930154034,0.0,0.0,2954557.9930154034,0.0,0
20251017,1.343091896073606,2954802.1713619335,0.0,0.0,2954802.1713619335,0.0,0
20251020,1.3432028954038602,2955046.3698884924,0.0,0.0,2955046.3698884924,0.0,0
20251021,1.3433139039076125,2955290.5885967477,0.0,0.0,2955290.5885967477,0.0,0
20251022,1.3436413455644114,2956010.960241705,0.0,429501.60000000003,2526509.360241705,0.0,0
20251023,1.3446559160866958,2958243.0153907305,0.0,982424.0,1975819.0153907307,0.0,0
20251024,1.3519715937356587,2974337.506218449,0.0,998355.2,1975982.306218449,0.0,0
20251027,1.3552108358858588,2981463.838948889,0.0,691143.0,2290320.838948889,0.0,0
20251028,1.3547709011694722,2980495.9825728387,0.0,498520.0,2481975.9825728387,0.0,0
20251029,1.3589988894656009,2989797.556824322,0.0,721123.2,2268674.3568243217,0.0,0
20251030,1.3545095585422517,2979921.028792954,0.0,1016725.0,1963196.028792954,0.0,0
20251031,1.3548878529084725,2980753.276398639,0.0,1017395.0,1963358.2763986394,0.0,0
20251103,1.3559082744248694,2982998.2037347127,0.0,634496.9,2348501.303734713,0.0,0
20251104,1.3527622306902596,2976076.9075185712,0.0,487296.0,2488780.9075185712,0.0,0
20251105,1.3550713821840368,2981157.0408048807,0.0,660525.5,2320631.5408048807,0.0,0
20251106,1.3609385997307906,2994064.9194077393,0.0,1169302.5,1824762.419407739,0.0,0
20251107,1.360815313261653,2993793.6891756365,0.0,1336868.0,1656925.6891756367,0.0,0
20251110,1.3613318641307441,2994930.1010876372,0.0,1533476.7000000002,1461453.4010876373,0.0,0
20251111,1.3601563641645413,2992344.0011619907,0.0,1363633.6,1628710.4011619908,0.0,0
20251112,1.3565619115124437,2984436.205327376,0.0,1355591.2,1628845.005327376,0.0,0
20251113,1.365152918462306,3003336.420617073,0.0,1374356.8,1628979.6206170726,0.0,0
20251114,1.3556404011891714,2982408.882616177,0.0,1776992.5,1205416.382616177,0.0,0
20251117,1.3575486380931012,2986607.003804823,0.0,1781091.0,1205516.003804823,0.0,0
20251118,1.35021106074627,2970464.333641794,0.0,2119239.5999999996,851224.7336417945,0.0,0
20251119,1.3434156344391257,2955514.3957660766,0.0,1584264.0,1371250.3957660769,0.0,0
20251120,1.3400875255051992,2948192.556111438,0.0,1342904.0999999999,1605288.456111438,0.0,0
20251121,1.3339413401119526,2934670.948246296,0.0,0.0,2934670.948246296,0.0,0
20251124,1.3340515831979125,2934913.4830354075,0.0,0.0,2934913.4830354075,0.0,0
20251125,1.334161835394871,2935156.0378687163,0.0,0.0,2935156.0378687163,0.0,0
20251126,1.3340236712778863,2934852.07681135,0.0,432030.89999999997,2502821.17681135,0.0,0
20251127,1.3344457583190827,2935780.668301982,0.0,1068997.6,1866783.068301982,0.0,0
20251128,1.3387115580115354,2945165.427625378,0.0,896627.4,2048538.027625378,0.0,0
20251201,1.341082275354027,2950381.0057788594,0.0,659230.9,2291150.1057788595,0.0,0
20251202,1.3386603895578504,2945052.857027271,0.0,653713.4,2291339.457027271,0.0,0
20251203,1.3345015115605712,2935903.3254332566,0.0,970604.5,1965298.8254332566,0.0,0
20251204,1.3350262940108129,2937057.8468237882,0.0,971596.6000000001,1965461.2468237882,0.0,0
20251205,1.3384918919282611,2944682.1622421746,0.0,605129.6000000001,2339552.5622421745,0.0,0
20251208,1.3404281564170692,2948941.944117552,0.0,429872.4,2519069.544117552,0.0,0
20251209,1.3386546283127256,2945040.1822879966,0.0,745555.2000000001,2199484.9822879964,0.0,0
20251210,1.3412288084934851,2950703.378685667,0.0,1237087.5,1713615.8786856674,0.0,0
20251211,1.334322425652407,2935509.3364352956,0.0,1424640.0,1510869.3364352954,0.0,0
20251212,1.3370197378936532,2941443.423366037,0.0,874587.6,2066855.8233660373,0.0,0
20251215,1.33430342631677,2935467.537896894,0.0,868440.9,2067026.637896894,0.0,0
20251216,1.3290685079486577,2923950.717487047,0.0,647060.4,2276890.317487047,0.0,0
20251217,1.3330877228366176,2932792.9902405585,0.0,655714.5,2277078.4902405585,0.0,0
20251218,1.3310324440760168,2928271.376967237,0.0,0.0,2928271.376967237,0.0,0
20251219,1.3311424467573452,2928513.3828661595,0.0,0.0,2928513.3828661595,0.0,0
20251222,1.332397030765087,2931273.4676831914,0.0,569889.9,2361383.5676831915,0.0,0
20251223,1.33195813760618,2930307.902733596,0.0,1214190.0,1716117.9027335958,0.0,0
20251224,1.3406748775724735,2949484.7306594416,0.0,1233225.0,1716259.7306594416,0.0,0
20251225,1.3459774906755866,2961150.4794862904,0.0,1364752.4000000001,1596398.0794862902,0.0,0
20251226,1.3486666437589265,2967066.6162696383,0.0,1615892.5999999999,1351174.0162696384,0.0,0
20251229,1.3471171225892054,2963657.669696252,0.0,2020358.2,943299.4696962519,0.0,0
20251230,1.3480479219682324,2965705.4283301113,0.0,2022328.0,943377.4283301111,0.0,0
20251231,1.3481046262012422,2965830.177642733,0.0,1698992.2000000002,1266837.9776427324,0.0,0
20260105,1.3621492098953036,2996728.261769668,0.0,1307250.0,1689478.261769668,0.0,0
20260106,1.3707013127601333,3015542.8880722933,0.0,1325925.0,1689617.8880722935,0.0,0
20260107,1.372654997280799,3019840.994017758,0.0,1766774.7999999998,1253066.1940177581,0.0,0
20260108,1.3813115291325482,3038885.364091606,0.0,2123090.1,915795.264091606,0.0,0
20260109,1.4075217276374983,3096547.8008024963,0.0,2555756.5,540791.300802496,0.0,0
20260112,1.443043542862923,3174695.7942984304,0.0,2633859.8000000003,540835.9942984302,0.0,0
20260113,1.4163022954649633,3115865.050022919,0.0,2832779.3000000003,283085.750022919,0.0,0
20260114,1.4184811918966558,3120658.6221726425,0.0,2592709.5,527949.1221726426,0.0,0
20260115,1.4174701431604624,3118434.314953017,0.0,2325444.0,792990.3149530172,0.0,0
20260116,1.4188557074757937,3121482.556446746,0.0,1277688.0,1843794.556446746,0.0,0
20260119,1.4082415002179325,3098131.3004794517,0.0,0.0,3098131.3004794517,0.0,0
20260120,1.408357883812992,3098387.3443885823,0.0,0.0,3098387.3443885823,0.0,0
20260121,1.4084742770265304,3098643.4094583667,0.0,0.0,3098643.4094583667,0.0,0
20260122,1.4091252879248948,3100075.6334347683,0.0,299700.0,2800375.6334347683,0.0,0
20260123,1.4139082431998395,3110598.135039647,0.0,533433.6,2577164.535039647,0.0,0
20260126,1.4054766434634545,3092048.6156196,0.0,1029617.6,2062431.0156196,0.0,0
20260127,1.4073735293017573,3096221.764463866,0.0,1033620.3,2062601.464463866,0.0,0
20260128,1.408710603361279,3099163.3273948138,0.0,1036391.4,2062771.9273948136,0.0,0
20260129,1.4055895919814538,3092297.1023591985,0.0,820972.0,2271325.1023591985,0.0,0
20260130,1.402013292009356,3084429.242420583,0.0,1071108.5,2013320.742420583,0.0,0
20260202,1.3863555569717148,3049982.2253377726,0.0,721995.0,2327987.2253377726,0.0,0
20260203,1.3904388681267024,3058965.5098787453,0.0,0.0,3058965.5098787453,0.0,0
20260204,1.3905537804298536,3059218.3169456776,0.0,0.0,3059218.3169456776,0.0,0
20260205,1.389368239621804,3056610.1271679685,0.0,319968.0,2736642.1271679685,0.0,0
20260206,1.3899761111314488,3057947.4444891876,0.0,562064.5,2495882.9444891876,0.0,0
20260209,1.3932139362881781,3065070.659833992,0.0,0.0,3065070.659833992,0.0,0
20260210,1.3933075118590097,3065276.5260898215,0.0,169671.4,2895605.1260898216,0.0,0
20260211,1.3938109480341319,3066384.08567509,0.0,585621.9,2480762.18567509,0.0,0
20260212,1.3974161075936011,3074315.4367059227,0.0,780624.0,2293691.4367059227,0.0,0
20260213,1.3920777263553106,3062570.9979816834,0.0,768690.0,2293880.9979816834,0.0,0
20260224,1.3958455712453322,3070860.256739731,0.0,0.0,3070860.256739731,0.0,0
20260225,1.3973644570806478,3074201.8055774253,0.0,253499.2,2820702.605577425,0.0,0
20260226,1.3986980606747157,3077135.7334843744,0.0,429254.39999999997,2647881.3334843745,0.0,0
20260227,1.4035073873810386,3087716.252238285,0.0,876277.4,2211438.852238285,0.0,0
20260302,1.398952915069943,3077696.413153874,0.0,1205532.9,1872163.5131538743,0.0,0
20260303,1.3788357442777996,3033438.6374111595,0.0,1161120.4,1872318.2374111598,0.0,0
20260304,1.374092344842843,3023003.158654255,0.0,1350246.0,1672757.1586542549,0.0,0
20260305,1.3807012972814499,3037542.8540191897,0.0,856998.4,2180544.45401919,0.0,0
20260306,1.3781169577826293,3031857.3071217844,0.0,0.0,3031857.3071217844,0.0,0
20260309,1.3782308517460824,3032107.873841381,0.0,0.0,3032107.873841381,0.0,0
20260310,1.3783447551222596,3032358.461268971,0.0,0.0,3032358.461268971,0.0,0
20260311,1.3784100984734964,3032502.216641692,0.0,183360.80000000002,2849141.416641692,0.0,0
20260312,1.3783894293386219,3032456.744544968,0.0,312436.8,2720019.944544968,0.0,0
20260313,1.3755414330642963,3026191.1527414517,0.0,530509.2,2495681.9527414516,0.0,0
20260316,1.3751203382713186,3025264.744196901,0.0,300249.0,2725015.744196901,0.0,0
20260317,1.3751657487209237,3025364.647186032,0.0,0.0,3025364.647186032,0.0,0
20260318,1.3752793987828014,3025614.6773221632,0.0,0.0,3025614.6773221632,0.0,0
20260319,1.3753930582372462,3025864.728121942,0.0,0.0,3025864.728121942,0.0,0
20260320,1.3755067270850345,3026114.799587076,0.0,0.0,3026114.799587076,0.0,0
20260323,1.3756204053269423,3026364.8917192733,0.0,0.0,3026364.8917192733,0.0,0
20260324,1.3757340929637463,3026615.0045202416,0.0,0.0,3026615.0045202416,0.0,0
20260325,1.3758477899962225,3026865.1379916896,0.0,0.0,3026865.1379916896,0.0,0
20260326,1.3725050811491872,3019511.178528212,0.0,754773.2999999999,2264737.878528212,0.0,0
20260327,1.3833076309807104,3043276.7881575627,0.0,1170962.0,1872314.788157563,0.0,0
20260330,1.3838920567804158,3044562.5249169148,0.0,1172093.0,1872469.5249169148,0.0,0
20260331,1.3776383334791042,3030804.3336540293,0.0,689831.1000000001,2340973.233654029,0.0,0
20260401,1.383350251699004,3043370.5537378085,0.0,579455.5,2463915.0537378085,0.0,0
20260402,1.3818923537305112,3040163.1782071246,0.0,0.0,3040163.1782071246,0.0,0
20260403,1.3820065597101583,3040414.431362348,0.0,0.0,3040414.431362348,0.0,0
20260407,1.3821207751283162,3040665.7052822956,0.0,0.0,3040665.7052822956,0.0,0
20260408,1.3822349999857648,3040916.9999686824,0.0,0.0,3040916.9999686824,0.0,0
20260409,1.3830144556190345,3042631.802361876,0.0,352615.19999999995,2690016.602361876,0.0,0
20260410,1.3853481854603467,3047766.0080127628,0.0,739751.1,2308014.9080127627,0.0,0
20260413,1.3866954332029469,3050729.953046483,0.0,742524.3,2308205.6530464827,0.0,0
20260414,1.3920344153837523,3062475.713844255,0.0,754079.2999999999,2308396.4138442553,0.0,0
20260415,1.3895323332598535,3056971.1331716776,0.0,897519.0,2159452.1331716776,0.0,0
20260416,1.3961489092227826,3071527.6002901215,0.0,911897.0,2159630.6002901215,0.0,0
20260417,1.4002518555263246,3080554.082157914,0.0,920745.0,2159809.082157914,0.0,0
20260420,1.4025179520872668,3085539.494591987,0.0,1081773.0,2003766.4945919872,0.0,0
20260421,1.4028816768283057,3086339.6890222724,0.0,1715137.5999999999,1371202.0890222725,0.0,0
20260422,1.4162219597768038,3115688.3115089685,0.0,1744372.9,1371315.4115089686,0.0,0
20260423,1.4080720603555361,3097758.5327821793,0.0,1303082.0,1794676.5327821793,0.0,0
20260424,1.40314771007565,3086924.96216643,0.0,710101.0,2376823.96216643,0.0,0
20260427,1.4028112772739145,3086184.810002612,0.0,0.0,3086184.810002612,0.0,0
20260428,1.402927212090218,3086439.86659848,0.0,0.0,3086439.86659848,0.0,0
20260429,1.4030431564879116,3086694.9442734052,0.0,0.0,3086694.9442734052,0.0,0
20260430,1.4031591104677865,3086950.0430291304,0.0,0.0,3086950.0430291304,0.0,0
20260506,1.4046504376384885,3090230.9628046746,0.0,216279.0,2873951.9628046746,0.0,0
20260507,1.4092631600760444,3100378.9521672977,0.0,718160.7999999999,2382218.152167298,0.0,0
20260508,1.4126693006337934,3107872.4613943454,0.0,1227801.2,1880071.2613943452,0.0,0
20260511,1.4218431274402696,3128054.880368593,0.0,1609704.0,1518350.8803685934,0.0,0
20260512,1.4184947389889546,3120688.4257757002,0.0,1748052.0,1372636.4257757002,0.0,0
20260513,1.4285228617679695,3142750.295889533,0.0,1507562.0,1635188.295889533,0.0,0
20260514,1.415442925190054,3113974.4354181187,0.0,1478651.0,1635323.4354181187,0.0,0
20260515,1.4093262190686948,3100517.6819511284,0.0,1118950.4,1981567.2819511285,0.0,0
20260518,1.4099568500565833,3101905.070124483,0.0,724070.1,2377834.970124483,0.0,0
20260519,1.4096270741742853,3101179.563183428,0.0,0.0,3101179.563183428,0.0,0
20260520,1.4108346721109226,3103836.2786440295,0.0,327912.5,2775923.7786440295,0.0,0
20260521,1.4006960324070798,3081531.2712955754,0.0,648991.2,2432540.0712955752,0.0,0
20260522,1.404957643882705,3090906.8165419507,0.0,471126.0,2619780.8165419507,0.0,0
20260525,1.4077520578878344,3097054.5273532355,0.0,477057.2,2619997.3273532353,0.0,0
20260526,1.4053995709354434,3091879.0560579756,0.0,471665.2,2620213.8560579754,0.0,0
20260527,1.4006904735267698,3081519.0417588935,0.0,599412.7999999999,2482106.2417588937,0.0,0
20260528,1.4006700079784986,3081474.017552697,0.0,0.0,3081474.017552697,0.0,0
20260529,1.4007857658303977,3081728.684826875,0.0,0.0,3081728.684826875,0.0,0
20260601,1.4009015332490615,3081983.373147935,0.0,0.0,3081983.373147935,0.0,0
20260602,1.4010173102352803,3082238.082517617,0.0,0.0,3082238.082517617,0.0,0
20260603,1.4011330967898452,3082492.8129376597,0.0,0.0,3082492.8129376597,0.0,0
20260604,1.401248892913547,3082747.564409803,0.0,0.0,3082747.564409803,0.0,0
20260605,1.4013646986071762,3083002.3369357875,0.0,0.0,3083002.3369357875,0.0,0
20260608,1.4014805138715238,3083257.1305173524,0.0,0.0,3083257.1305173524,0.0,0
20260609,1.4015963387073809,3083511.945156238,0.0,0.0,3083511.945156238,0.0,0
20260610,1.4017121731155384,3083766.7808541846,0.0,0.0,3083766.7808541846,0.0,0
20260611,1.4018280170967876,3084021.637612933,0.0,0.0,3084021.637612933,0.0,0
20260612,1.4019438706519196,3084276.515434223,0.0,0.0,3084276.515434223,0.0,0
20260615,1.4020597337817258,3084531.4143197965,0.0,0.0,3084531.4143197965,0.0,0
20260616,1.402175606486997,3084786.3342713933,0.0,0.0,3084786.3342713933,0.0,0
20260617,1.4048576850525174,3090686.907115538,0.0,473305.5,2617381.407115538,0.0,0
20260618,1.408735345556146,3099217.7602235214,0.0,905137.6,2194080.1602235213,0.0,0
20260622,1.4129970405283558,3108593.4891623827,0.0,914332.0,2194261.4891623827,0.0,0
20260623,1.4049531059486848,3090896.8330871067,0.0,896454.0,2194442.8330871067,0.0,0
20260624,1.4097952690904236,3101549.591998932,0.0,906925.4,2194624.191998932,0.0,0
20260625,1.4115777585888551,3105471.0688954815,0.0,769119.5,2336351.5688954815,0.0,0
20260626,1.4054157101811473,3091914.562398524,0.0,504134.8,2587779.762398524,0.0,0
20260629,1.4047598356510949,3090471.6384324087,0.0,0.0,3090471.6384324087,0.0,0
20260630,1.4048759315052808,3090727.049311618,0.0,0.0,3090727.049311618,0.0,0
20260701,1.4049920369541655,3090982.4812991642,0.0,0.0,3090982.4812991642,0.0,0
20260702,1.4021585674674988,3084748.848428497,0.0,305811.60000000003,2778937.248428497,0.0,0
20260703,1.40214350575632,3084715.7126639043,0.0,305548.8,2779166.9126639045,0.0,0
20260706,1.4001375435817396,3080302.595879827,0.0,300906.0,2779396.595879827,0.0,0
20260707,1.399229634714851,3078305.196372672,0.0,0.0,3078305.196372672,0.0,0
20260708,1.3993452735276373,3078559.601760802,0.0,0.0,3078559.601760802,0.0,0
20260709,1.3994609218973502,3078814.0281741703,0.0,0.0,3078814.0281741703,0.0,0
20260710,1.3995765798247797,3079068.475614515,0.0,0.0,3079068.475614515,0.0,0
20260713,1.3996922473107156,3079322.944083574,0.0,0.0,3079322.944083574,0.0,0
20260714,1.399807924355948,3079577.4335830854,0.0,0.0,3079577.4335830854,0.0,0
20260715,1.3999236109612667,3079831.9441147866,0.0,0.0,3079831.9441147866,0.0,0
20260716,1.4000393071274617,3080086.475680416,0.0,0.0,3080086.475680416,0.0,0
20260717,1.4001550128553237,3080341.028281712,0.0,0.0,3080341.028281712,0.0,0
20260720,1.4002707281456421,3080595.601920413,0.0,0.0,3080595.601920413,0.0,0
20260721,1.4003864529992078,3080850.1965982574,0.0,0.0,3080850.1965982574,0.0,0
20260722,1.400502187416811,3081104.8123169844,0.0,0.0,3081104.8123169844,0.0,0
20260723,1.4006179313992424,3081359.449078333,0.0,0.0,3081359.449078333,0.0,0
20260724,1.398324181392951,3076313.1990644922,0.0,269606.39999999997,2806706.7990644923,0.0,0
20260727,1.3982919641466418,3076242.321122612,0.0,0.0,3076242.321122612,0.0,0
20260728,1.394684475960768,3068305.8471136894,0.0,522038.39999999997,2546267.4471136895,0.0,0
20260729,1.3967005940763129,3072741.3069678885,0.0,406085.8,2666655.5069678887,0.0,0
20260730,1.3888887846934912,3055555.3263256806,0.0,663685.6,2391869.7263256805,0.0,0
20260731,1.3973668185317776,3074207.000769911,0.0,0.0,3074207.000769911,0.0,0
20260803,1.3980658892410298,3075744.9563302654,0.0,239967.9,2835777.0563302655,0.0,0
20260804,1.4010638718502082,3082340.518070458,0.0,246329.1,2836011.418070458,0.0,0
20260805,1.416206490810623,3115654.279783371,0.0,999729.0,2115925.279783371,0.0,0
20260806,1.4231782127844093,3130992.0681257006,0.0,1685182.3,1445809.7681257008,0.0,0
