trade_date,code,side,asset_type,commission,slippage,tax,transfer_fee,total_fee
20230103,512100.SH,BUY,ETF,348.7657391999999,232.464,0.0,0.0,581.2297391999999
20230104,512100.SH,BUY,ETF,68.47249176,45.6392,0.0,0.0,114.11169176
20230106,512100.SH,SELL,ETF,88.87102223999999,59.2592,0.0,0.0,148.13022224
20230109,512100.SH,SELL,ETF,342.0395784,228.072,0.0,0.0,570.1115784
20230112,512100.SH,BUY,ETF,31.707940319999995,21.1344,0.0,0.0,52.84234031999999
20230113,512100.SH,BUY,ETF,28.632445343999997,19.08448,0.0,0.0,47.716925343999996
20230117,512100.SH,BUY,ETF,36.542266992,24.356640000000002,0.0,0.0,60.89890699200001
20230119,512100.SH,BUY,ETF,54.32148212399999,36.20708,0.0,0.0,90.52856212399999
20230120,512100.SH,SELL,ETF,56.602817171999995,37.742760000000004,0.0,0.0,94.34557717199999
20230130,512100.SH,SELL,ETF,42.598858524,28.404920000000004,0.0,0.0,71.00377852400001
20230131,512100.SH,BUY,ETF,70.69293576,47.119200000000006,0.0,0.0,117.81213576
20230201,512100.SH,BUY,ETF,120.22083936000001,80.1312,0.0,0.0,200.35203936000002
20230202,512100.SH,BUY,ETF,185.52913840799997,123.66135999999999,0.0,0.0,309.19049840799994
20230206,512100.SH,SELL,ETF,55.676362499999996,37.125,0.0,0.0,92.8013625
20230207,512100.SH,SELL,ETF,107.160583596,71.45468000000001,0.0,0.0,178.615263596
20230213,512100.SH,SELL,ETF,90.442047972,60.30676,0.0,0.0,150.748807972
20230214,512100.SH,BUY,ETF,34.703559324,23.131080000000004,0.0,0.0,57.834639324
20230215,512100.SH,SELL,ETF,64.09123918799999,42.736039999999996,0.0,0.0,106.82727918799998
20230216,512100.SH,BUY,ETF,35.9366859,23.953,0.0,0.0,59.8896859
20230217,512100.SH,SELL,ETF,190.73286579599997,127.18068000000001,0.0,0.0,317.913545796
20230227,512100.SH,BUY,ETF,35.27985455999999,23.515199999999997,0.0,0.0,58.79505455999998
20230228,512100.SH,SELL,ETF,35.189080776,23.46408,0.0,0.0,58.65316077599999
20230303,512100.SH,BUY,ETF,54.11234030399999,36.06768,0.0,0.0,90.180020304
20230306,512100.SH,SELL,ETF,53.954646911999994,35.97696,0.0,0.0,89.93160691199999
20230309,512100.SH,BUY,ETF,60.72620281199999,40.476040000000005,0.0,0.0,101.202242812
20230310,512100.SH,BUY,ETF,92.17951221599999,61.44072,0.0,0.0,153.62023221599998
20230316,512100.SH,BUY,ETF,63.054848447999994,42.02816000000001,0.0,0.0,105.083008448
20230317,512100.SH,BUY,ETF,30.13172514,20.0838,0.0,0.0,50.21552514
20230320,512100.SH,BUY,ETF,63.72254195999999,42.4732,0.0,0.0,106.19574195999999
20230322,512100.SH,BUY,ETF,58.51890144,39.0048,0.0,0.0,97.52370144
20230323,512100.SH,SELL,ETF,72.550956906,48.37698,0.0,0.0,120.927936906
20230324,512100.SH,SELL,ETF,60.114454703999996,40.084320000000005,0.0,0.0,100.198774704
20230327,512100.SH,SELL,ETF,237.83457356999998,158.5881,0.0,0.0,396.42267357
20230328,512100.SH,BUY,ETF,31.153969547999996,20.76516,0.0,0.0,51.919129548
20230329,512100.SH,SELL,ETF,30.926663429999994,20.6219,0.0,0.0,51.548563429999994
20230406,512100.SH,BUY,ETF,59.573102238000004,39.707460000000005,0.0,0.0,99.28056223800002
20230407,512100.SH,BUY,ETF,74.18059315199999,49.44384,0.0,0.0,123.624433152
20230410,512100.SH,BUY,ETF,27.01980288,18.009600000000002,0.0,0.0,45.029402880000006
20230411,512100.SH,SELL,ETF,64.325612304,42.892320000000005,0.0,0.0,107.21793230400002
20230412,512100.SH,SELL,ETF,96.41763261599998,64.29128,0.0,0.0,160.70891261599996
20230508,512100.SH,BUY,ETF,37.86385125599999,25.23752,0.0,0.0,63.10137125599999
20230509,512100.SH,BUY,ETF,70.82013119399998,47.20398,0.0,0.0,118.02411119399999
20230510,512100.SH,SELL,ETF,107.24939582999998,71.5139,0.0,0.0,178.76329583
20230525,512100.SH,BUY,ETF,113.94658475999998,75.9492,0.0,0.0,189.89578475999997
20230526,512100.SH,BUY,ETF,131.77870047000002,87.83490000000002,0.0,0.0,219.61360047000005
20230529,512100.SH,BUY,ETF,62.635304555999994,41.748520000000006,0.0,0.0,104.38382455600001
20230531,512100.SH,SELL,ETF,47.92513305599999,31.95648,0.0,0.0,79.88161305599999
20230602,512100.SH,SELL,ETF,28.58548176,19.0608,0.0,0.0,47.64628176
20230605,512100.SH,SELL,ETF,80.051526492,53.37836,0.0,0.0,133.42988649199998
20230606,512100.SH,SELL,ETF,63.977561928,42.66024,0.0,0.0,106.637801928
20230607,512100.SH,SELL,ETF,91.38211992,60.933600000000006,0.0,0.0,152.31571992
20230608,512100.SH,BUY,ETF,47.61253060199999,31.735340000000004,0.0,0.0,79.347870602
20230612,512100.SH,BUY,ETF,76.62161125799999,51.07086,0.0,0.0,127.69247125799998
20230613,512100.SH,BUY,ETF,41.320302407999996,27.541359999999997,0.0,0.0,68.861662408
20230614,512100.SH,BUY,ETF,63.060609599999985,42.032,0.0,0.0,105.09260959999997
20230616,512100.SH,SELL,ETF,111.59087736,74.4088,0.0,0.0,185.99967736
20230619,512100.SH,SELL,ETF,121.30320450599999,80.88498000000001,0.0,0.0,202.188184506
20230620,512100.SH,BUY,ETF,29.336986223999997,19.55408,0.0,0.0,48.891066224
20230626,512100.SH,SELL,ETF,28.626513552,19.088160000000002,0.0,0.0,47.714673552
20230629,512100.SH,BUY,ETF,38.740386527999995,25.82176,0.0,0.0,64.562146528
20230630,512100.SH,BUY,ETF,61.89307614,41.253800000000005,0.0,0.0,103.14687614
20230705,512100.SH,SELL,ETF,46.81562500199999,31.216659999999997,0.0,0.0,78.03228500199998
20230706,512100.SH,SELL,ETF,55.307796227999994,36.879239999999996,0.0,0.0,92.18703622799998
20230711,512100.SH,BUY,ETF,41.69882809799999,27.79366,0.0,0.0,69.492488098
20230713,512100.SH,BUY,ETF,29.592877392,19.72464,0.0,0.0,49.317517392
20230718,512100.SH,SELL,ETF,35.061966203999994,23.379320000000003,0.0,0.0,58.441286203999994
20230719,512100.SH,SELL,ETF,36.10737707999999,24.0764,0.0,0.0,60.18377707999999
20230727,512100.SH,BUY,ETF,53.99171618399999,35.98728,0.0,0.0,89.97899618399998
20230728,512100.SH,BUY,ETF,54.75194819999999,36.494,0.0,0.0,91.24594819999999
20230731,512100.SH,SELL,ETF,109.38220918200001,72.93606000000001,0.0,0.0,182.31826918200002
20230822,512100.SH,BUY,ETF,88.99134470999998,59.3157,0.0,0.0,148.30704470999999
20230823,512100.SH,SELL,ETF,28.187911289999995,18.7957,0.0,0.0,46.98361129
20230825,512100.SH,SELL,ETF,59.554406736000004,39.71088,0.0,0.0,99.26528673600001
20230831,512100.SH,BUY,ETF,79.73404361999998,53.1454,0.0,0.0,132.87944362
20230904,512100.SH,SELL,ETF,79.60515578400002,53.08072000000001,0.0,0.0,132.68587578400002
20230905,512100.SH,BUY,ETF,31.143617477999996,20.75826,0.0,0.0,51.901877477999996
20230906,512100.SH,SELL,ETF,30.893520060000004,20.599800000000005,0.0,0.0,51.49332006000001
20230907,512100.SH,BUY,ETF,136.89748402199996,91.24673999999999,0.0,0.0,228.14422402199995
20230908,512100.SH,SELL,ETF,54.979001999999994,36.660000000000004,0.0,0.0,91.639002
20230912,512100.SH,SELL,ETF,80.591568462,53.73846,0.0,0.0,134.330028462
20230918,512100.SH,BUY,ETF,32.028584435999996,21.348119999999998,0.0,0.0,53.376704436
20230919,512100.SH,BUY,ETF,29.296448117999997,19.527060000000002,0.0,0.0,48.823508118
20230920,512100.SH,SELL,ETF,28.524054048,19.019840000000002,0.0,0.0,47.543894048
20230921,512100.SH,SELL,ETF,32.033592,21.36,0.0,0.0,53.393592
20230926,512100.SH,BUY,ETF,71.60031719999998,47.724,0.0,0.0,119.32431719999997
20230927,512100.SH,BUY,ETF,95.14587537,63.4179,0.0,0.0,158.56377537
20230928,512100.SH,BUY,ETF,116.200725498,77.45166,0.0,0.0,193.652385498
20231009,512100.SH,BUY,ETF,31.262651279999993,20.837600000000002,0.0,0.0,52.100251279999995
20231010,512100.SH,BUY,ETF,66.57938321399999,44.37738,0.0,0.0,110.95676321399999
20231012,512100.SH,SELL,ETF,75.774921984,50.526720000000005,0.0,0.0,126.30164198400001
20231013,512100.SH,SELL,ETF,136.1247696,90.768,0.0,0.0,226.8927696
20231017,512100.SH,BUY,ETF,86.410018548,57.595160000000014,0.0,0.0,144.005178548
20231018,512100.SH,BUY,ETF,31.37145303599999,20.91012,0.0,0.0,52.28157303599999
20231020,512100.SH,SELL,ETF,97.316072892,64.89036,0.0,0.0,162.206432892
20231024,512100.SH,SELL,ETF,72.37582194,48.260200000000005,0.0,0.0,120.63602194
20231025,512100.SH,BUY,ETF,49.47965395199999,32.979839999999996,0.0,0.0,82.45949395199999
20231026,512100.SH,BUY,ETF,109.80035567999998,73.18560000000001,0.0,0.0,182.98595568
20231027,512100.SH,BUY,ETF,117.06648861599999,78.02871999999999,0.0,0.0,195.09520861599998
20231030,512100.SH,BUY,ETF,71.18533422,47.4474,0.0,0.0,118.63273422
20231031,512100.SH,SELL,ETF,36.675343464,24.45512,0.0,0.0,61.130463464
20231101,512100.SH,SELL,ETF,93.782029842,62.533860000000004,0.0,0.0,156.315889842
20231102,512100.SH,SELL,ETF,103.09831621199997,68.74596,0.0,0.0,171.84427621199995
20231103,512100.SH,SELL,ETF,56.299667814,37.540620000000004,0.0,0.0,93.840287814
20231107,512100.SH,BUY,ETF,60.378313248,40.24416000000001,0.0,0.0,100.622473248
20231108,512100.SH,BUY,ETF,110.93908337999999,73.94460000000001,0.0,0.0,184.88368337999998
20231109,512100.SH,BUY,ETF,117.434692242,78.27414,0.0,0.0,195.708832242
20231110,512100.SH,SELL,ETF,78.23940898800001,52.17004000000001,0.0,0.0,130.409448988
20231113,512100.SH,SELL,ETF,111.50092535399997,74.34882,0.0,0.0,185.849745354
20231114,512100.SH,SELL,ETF,96.46286356799999,64.32144000000001,0.0,0.0,160.78430356799998
20231115,512100.SH,BUY,ETF,66.89687669999999,44.589,0.0,0.0,111.48587669999999
20231116,512100.SH,BUY,ETF,103.35551697,68.8899,0.0,0.0,172.24541697
20231122,512100.SH,BUY,ETF,87.89582564999999,58.5855,0.0,0.0,146.48132565
20231123,512100.SH,BUY,ETF,64.18343411999999,42.78040000000001,0.0,0.0,106.96383412
20231124,512100.SH,SELL,ETF,129.435597702,86.30766,0.0,0.0,215.743257702
20231127,512100.SH,SELL,ETF,87.02816088599998,58.030379999999994,0.0,0.0,145.05854088599997
20231128,512100.SH,SELL,ETF,108.9801996,72.668,0.0,0.0,181.6481996
20231130,512100.SH,SELL,ETF,177.96999888,118.6704,0.0,0.0,296.64039888
20231205,512100.SH,BUY,ETF,112.7715498,75.166,0.0,0.0,187.9375498
20231206,512100.SH,BUY,ETF,128.537062272,85.67424000000001,0.0,0.0,214.211302272
20231208,512100.SH,SELL,ETF,44.241090011999994,29.499960000000005,0.0,0.0,73.741050012
20231211,512100.SH,SELL,ETF,194.83817456999998,129.9181,0.0,0.0,324.75627456999996
20231214,512100.SH,BUY,ETF,88.407667998,58.92666,0.0,0.0,147.334327998
20231215,512100.SH,BUY,ETF,110.75598676799999,73.82256000000001,0.0,0.0,184.578546768
20231218,512100.SH,BUY,ETF,45.701148401999994,30.461340000000003,0.0,0.0,76.162488402
20231219,512100.SH,SELL,ETF,73.42735159199998,48.96136,0.0,0.0,122.38871159199998
20231220,512100.SH,SELL,ETF,165.42416854799998,110.30484,0.0,0.0,275.72900854799997
20231228,512100.SH,BUY,ETF,50.737145399999996,33.818000000000005,0.0,0.0,84.5551454
20231229,512100.SH,BUY,ETF,98.70671739599999,65.79132000000001,0.0,0.0,164.498037396
20240102,512100.SH,BUY,ETF,115.32479034599997,76.86782,0.0,0.0,192.19261034599998
20240103,512100.SH,BUY,ETF,143.50561538399998,95.65128000000001,0.0,0.0,239.156895384
20240105,512100.SH,SELL,ETF,127.99492589399999,85.34702,0.0,0.0,213.341945894
20240108,512100.SH,SELL,ETF,271.88346243,181.2919,0.0,0.0,453.17536243
20240112,512100.SH,BUY,ETF,42.48486527399999,28.31758,0.0,0.0,70.802445274
20240118,512100.SH,BUY,ETF,57.89717712,38.5904,0.0,0.0,96.48757712
20240119,512100.SH,BUY,ETF,61.867871099999995,41.237,0.0,0.0,103.1048711
20240123,512100.SH,SELL,ETF,55.7108556,37.148,0.0,0.0,92.8588556
20240125,512100.SH,BUY,ETF,117.08191169999999,78.03899999999999,0.0,0.0,195.12091169999997
20240126,512100.SH,BUY,ETF,212.164684452,141.41484,0.0,0.0,353.579524452
20240129,512100.SH,BUY,ETF,38.086045686000006,25.385620000000003,0.0,0.0,63.47166568600001
20240130,512100.SH,SELL,ETF,151.69015589999998,101.14699999999999,0.0,0.0,252.83715589999997
20240131,512100.SH,SELL,ETF,292.34764877399994,194.93742,0.0,0.0,487.2850687739999
20240208,512100.SH,BUY,ETF,71.7503472,47.824000000000005,0.0,0.0,119.5743472
20240219,512100.SH,BUY,ETF,145.547433666,97.01222000000001,0.0,0.0,242.559653666
20240220,512100.SH,BUY,ETF,96.41557925999997,64.26419999999999,0.0,0.0,160.67977925999998
20240221,512100.SH,BUY,ETF,102.511778256,68.32751999999999,0.0,0.0,170.839298256
20240222,512100.SH,BUY,ETF,74.17867276799998,49.44256,0.0,0.0,123.62123276799998
20240223,512100.SH,BUY,ETF,33.991907022,22.656740000000003,0.0,0.0,56.648647022000006
20240226,512100.SH,BUY,ETF,47.745967283999995,31.82428,0.0,0.0,79.570247284
20240227,512100.SH,BUY,ETF,41.4622908,27.636000000000003,0.0,0.0,69.0982908
20240229,512100.SH,SELL,ETF,105.009413916,70.02028,0.0,0.0,175.02969391599999
20240301,512100.SH,SELL,ETF,48.900178008000005,32.606640000000006,0.0,0.0,81.50681800800001
20240304,512100.SH,SELL,ETF,88.746667116,59.17628,0.0,0.0,147.922947116
20240305,512100.SH,BUY,ETF,36.98101472399999,24.64908,0.0,0.0,61.63009472399999
20240306,512100.SH,SELL,ETF,100.621951584,67.09472000000001,0.0,0.0,167.716671584
20240308,512100.SH,SELL,ETF,55.04618855999999,36.7048,0.0,0.0,91.75098856
20240313,512100.SH,BUY,ETF,39.35442931199999,26.231040000000004,0.0,0.0,65.585469312
20240314,512100.SH,BUY,ETF,64.90531846799999,43.26156,0.0,0.0,108.166878468
20240315,512100.SH,SELL,ETF,91.35728488800001,60.91704000000001,0.0,0.0,152.27432488800002
20240319,512100.SH,BUY,ETF,86.48785411199998,57.647040000000004,0.0,0.0,144.13489411199998
20240320,512100.SH,BUY,ETF,99.73850371199998,66.47904,0.0,0.0,166.21754371199998
20240321,512100.SH,BUY,ETF,58.920861816,39.27272,0.0,0.0,98.193581816
20240325,512100.SH,SELL,ETF,29.467125395999997,19.64868,0.0,0.0,49.115805396
20240326,512100.SH,SELL,ETF,181.10041267199998,120.75775999999999,0.0,0.0,301.85817267199997
20240327,512100.SH,SELL,ETF,125.15056487999999,83.45040000000002,0.0,0.0,208.60096488
20240328,512100.SH,SELL,ETF,197.23349541,131.51530000000002,0.0,0.0,328.74879541
20240329,512100.SH,BUY,ETF,106.32434061599997,70.86872,0.0,0.0,177.19306061599997
20240401,512100.SH,BUY,ETF,40.845127392,27.224640000000004,0.0,0.0,68.069767392
20240402,512100.SH,BUY,ETF,171.23133942,114.1314,0.0,0.0,285.36273942
20240403,512100.SH,BUY,ETF,63.444446352,42.28784,0.0,0.0,105.732286352
20240409,512100.SH,SELL,ETF,147.54624484800001,98.38384,0.0,0.0,245.93008484800004
20240410,512100.SH,SELL,ETF,230.44270224,153.65920000000003,0.0,0.0,384.10190224
20240419,512100.SH,BUY,ETF,64.29280599,42.853300000000004,0.0,0.0,107.14610599000001
20240422,512100.SH,BUY,ETF,79.07961275999999,52.7092,0.0,0.0,131.78881275999998
20240423,512100.SH,SELL,ETF,143.13241779,95.4407,0.0,0.0,238.57311779000003
20240426,512100.SH,BUY,ETF,61.27939342799999,40.84476,0.0,0.0,102.124153428
20240429,512100.SH,BUY,ETF,36.846467819999994,24.5594,0.0,0.0,61.40586782
20240430,512100.SH,BUY,ETF,89.703477108,59.79036,0.0,0.0,149.493837108
20240507,512100.SH,BUY,ETF,66.247786908,44.15636,0.0,0.0,110.404146908
20240509,512100.SH,BUY,ETF,30.414861755999997,20.272520000000004,0.0,0.0,50.687381756
20240513,512100.SH,SELL,ETF,125.978459268,84.00243999999999,0.0,0.0,209.98089926799997
20240514,512100.SH,SELL,ETF,160.87341888,107.27040000000001,0.0,0.0,268.14381888
20240520,512100.SH,BUY,ETF,117.75794687999999,78.48960000000001,0.0,0.0,196.24754688000002
20240521,512100.SH,BUY,ETF,73.595476152,49.05384000000001,0.0,0.0,122.64931615200001
20240522,512100.SH,SELL,ETF,39.85470746399999,26.575120000000002,0.0,0.0,66.429827464
20240523,512100.SH,SELL,ETF,149.687666478,99.81174,0.0,0.0,249.49940647800003
20240527,512100.SH,BUY,ETF,42.36805191599999,28.23972,0.0,0.0,70.60777191599999
20240528,512100.SH,SELL,ETF,42.54726884399999,28.370520000000003,0.0,0.0,70.91778884399999
20240613,512100.SH,BUY,ETF,111.29306416200001,74.18054000000001,0.0,0.0,185.47360416200002
20240618,512100.SH,SELL,ETF,110.45806396799999,73.65344,0.0,0.0,184.111503968
20240619,512100.SH,BUY,ETF,59.77486258199999,39.84194,0.0,0.0,99.61680258199999
20240620,512100.SH,BUY,ETF,82.06577987399999,54.699580000000005,0.0,0.0,136.76535987399998
20240624,512100.SH,SELL,ETF,62.899037675999985,41.94108,0.0,0.0,104.84011767599998
20240625,512100.SH,SELL,ETF,72.63167075999999,48.430800000000005,0.0,0.0,121.06247076
20240704,512100.SH,BUY,ETF,56.7728523,37.841,0.0,0.0,94.61385229999999
20240708,512100.SH,SELL,ETF,55.80191738399999,37.20872,0.0,0.0,93.01063738399999
20240712,512100.SH,BUY,ETF,110.55074572799998,73.68576,0.0,0.0,184.236505728
20240716,512100.SH,SELL,ETF,30.210916607999998,20.14464,0.0,0.0,50.355556608
20240717,512100.SH,SELL,ETF,78.754585932,52.51356,0.0,0.0,131.26814593199998
20240729,512100.SH,BUY,ETF,52.669231739999994,35.1058,0.0,0.0,87.77503174
20240730,512100.SH,BUY,ETF,166.37636861999997,110.89540000000001,0.0,0.0,277.27176862
20240731,512100.SH,BUY,ETF,123.083321742,82.03914,0.0,0.0,205.12246174199998
20240801,512100.SH,BUY,ETF,85.62692195999999,57.0732,0.0,0.0,142.70012196
20240805,512100.SH,SELL,ETF,42.72435341999999,28.4886,0.0,0.0,71.21295341999999
20240806,512100.SH,SELL,ETF,91.32528128999999,60.895700000000005,0.0,0.0,152.22098129
20240807,512100.SH,SELL,ETF,45.23050209,30.1597,0.0,0.0,75.39020209
20240809,512100.SH,SELL,ETF,77.579361024,51.72992000000001,0.0,0.0,129.309281024
20240812,512100.SH,SELL,ETF,170.697533664,113.82112000000001,0.0,0.0,284.518653664
20240816,512100.SH,BUY,ETF,102.09385468799998,68.04896,0.0,0.0,170.142814688
20240819,512100.SH,BUY,ETF,52.28917574399999,34.85248,0.0,0.0,87.14165574399999
20240820,512100.SH,SELL,ETF,41.697538824,27.80392,0.0,0.0,69.501458824
20240821,512100.SH,SELL,ETF,109.82387083199998,73.23056,0.0,0.0,183.05443083199998
20240829,512100.SH,BUY,ETF,35.302059,23.53,0.0,0.0,58.832059
20240902,512100.SH,BUY,ETF,96.253036758,64.15586,0.0,0.0,160.408896758
20240906,512100.SH,BUY,ETF,136.38951244799998,90.90816,0.0,0.0,227.29767244799996
20240909,512100.SH,BUY,ETF,31.268502449999996,20.8415,0.0,0.0,52.110002449999996
20240911,512100.SH,SELL,ETF,91.344687408,60.908640000000005,0.0,0.0,152.25332740800002
20240912,512100.SH,SELL,ETF,89.755125384,59.84872000000001,0.0,0.0,149.603845384
20240913,512100.SH,SELL,ETF,111.73700812799999,74.50624,0.0,0.0,186.243248128
20240918,512100.SH,BUY,ETF,30.754499669999994,20.498900000000003,0.0,0.0,51.25339966999999
20240920,512100.SH,BUY,ETF,39.734905391999995,26.48464,0.0,0.0,66.21954539199999
20240923,512100.SH,BUY,ETF,62.27463243599999,41.508120000000005,0.0,0.0,103.782752436
20240924,512100.SH,BUY,ETF,158.897883222,105.91073999999999,0.0,0.0,264.808623222
20240925,512100.SH,BUY,ETF,103.329321732,68.87244000000001,0.0,0.0,172.20176173200002
20240926,512100.SH,BUY,ETF,75.876202206,50.574020000000004,0.0,0.0,126.450222206
20240927,512100.SH,BUY,ETF,89.74569554999998,59.8185,0.0,0.0,149.56419554999997
20240930,512100.SH,BUY,ETF,44.273852999999995,29.51,0.0,0.0,73.783853
20241010,512100.SH,SELL,ETF,123.38619782399998,82.27392,0.0,0.0,205.660117824
20241011,512100.SH,SELL,ETF,236.72044644000002,157.8452,0.0,0.0,394.56564644
20241014,512100.SH,SELL,ETF,356.2912275,237.57500000000002,0.0,0.0,593.8662275
20241017,512100.SH,BUY,ETF,188.45388323999998,125.61079999999998,0.0,0.0,314.06468323999997
20241021,512100.SH,BUY,ETF,131.18551185599998,87.43952,0.0,0.0,218.62503185599996
20241022,512100.SH,BUY,ETF,86.37074069399999,57.56898000000001,0.0,0.0,143.93972069400002
20241023,512100.SH,BUY,ETF,113.66500845599998,75.76152,0.0,0.0,189.42652845599997
20241029,512100.SH,BUY,ETF,81.33546383999999,54.2128,0.0,0.0,135.54826384
20241030,512100.SH,BUY,ETF,42.1164216,28.072000000000003,0.0,0.0,70.1884216
20241104,512100.SH,SELL,ETF,72.70545599999998,48.480000000000004,0.0,0.0,121.18545599999999
20241105,512100.SH,SELL,ETF,81.2957376,54.208000000000006,0.0,0.0,135.5037376
20241107,512100.SH,BUY,ETF,83.15997866999999,55.428900000000006,0.0,0.0,138.58887866999999
20241108,512100.SH,BUY,ETF,73.8987768,49.256,0.0,0.0,123.1547768
20241111,512100.SH,SELL,ETF,70.82933129999999,47.229000000000006,0.0,0.0,118.05833129999999
20241112,512100.SH,SELL,ETF,47.2495482,31.506,0.0,0.0,78.75554819999999
20241113,512100.SH,SELL,ETF,139.77875865599998,93.20448,0.0,0.0,232.98323865599997
20241114,512100.SH,SELL,ETF,120.20122494599998,80.15018,0.0,0.0,200.351404946
20241115,512100.SH,SELL,ETF,322.48960917600004,215.03608000000003,0.0,0.0,537.525689176
20241118,512100.SH,BUY,ETF,64.75819905,43.1635,0.0,0.0,107.92169905
20241119,512100.SH,BUY,ETF,127.86732835199997,85.22784,0.0,0.0,213.09516835199997
20241120,512100.SH,BUY,ETF,152.23979186999998,101.47290000000001,0.0,0.0,253.71269187
20241121,512100.SH,BUY,ETF,152.162406396,101.42132,0.0,0.0,253.58372639599997
20241122,512100.SH,BUY,ETF,96.107897736,64.05912,0.0,0.0,160.167017736
20241125,512100.SH,BUY,ETF,75.32166131999999,50.2044,0.0,0.0,125.52606132
20241127,512100.SH,SELL,ETF,92.58853858799999,61.738040000000005,0.0,0.0,154.326578588
20241129,512100.SH,SELL,ETF,69.685930026,46.46658,0.0,0.0,116.15251002599999
20241202,512100.SH,BUY,ETF,96.10429701599999,64.05672,0.0,0.0,160.161017016
20241203,512100.SH,BUY,ETF,108.52119989999998,72.333,0.0,0.0,180.85419989999997
20241205,512100.SH,SELL,ETF,72.64381832999999,48.438900000000004,0.0,0.0,121.08271832999999
20241206,512100.SH,SELL,ETF,42.159596394,28.11202,0.0,0.0,70.271616394
20241210,512100.SH,BUY,ETF,29.127274289999995,19.4143,0.0,0.0,48.54157429
20241211,512100.SH,SELL,ETF,45.020334131999995,30.019560000000006,0.0,0.0,75.039894132
20241213,512100.SH,BUY,ETF,56.760549839999996,37.8328,0.0,0.0,94.59334984
20241217,512100.SH,SELL,ETF,86.648106912,57.77696,0.0,0.0,144.425066912
20241218,512100.SH,SELL,ETF,235.45290000000003,157.0,0.0,0.0,392.4529
20241219,512100.SH,SELL,ETF,39.25689705,26.1765,0.0,0.0,65.43339705
20241220,512100.SH,SELL,ETF,81.50209631999999,54.345600000000005,0.0,0.0,135.84769632
20241223,512100.SH,BUY,ETF,103.851456138,69.22046000000002,0.0,0.0,173.071916138
20241224,512100.SH,SELL,ETF,128.68625759999998,85.808,0.0,0.0,214.49425759999997
20241226,512100.SH,SELL,ETF,160.64486459999998,107.11800000000001,0.0,0.0,267.7628646
20241227,512100.SH,BUY,ETF,181.453723488,120.94496000000001,0.0,0.0,302.398683488
20241230,512100.SH,SELL,ETF,33.695199611999996,22.467959999999998,0.0,0.0,56.163159611999994
20250102,512100.SH,SELL,ETF,142.53964636799998,95.04544000000001,0.0,0.0,237.585086368
20250107,512100.SH,BUY,ETF,33.39559778399999,22.25928,0.0,0.0,55.65487778399999
20250108,512100.SH,BUY,ETF,91.453727088,60.95696,0.0,0.0,152.410687088
20250109,512100.SH,BUY,ETF,150.02027805599997,99.99352,0.0,0.0,250.01379805599998
20250110,512100.SH,BUY,ETF,208.671986052,139.08684000000002,0.0,0.0,347.758826052
20250113,512100.SH,SELL,ETF,46.497928554,31.004820000000002,0.0,0.0,77.502748554
20250114,512100.SH,SELL,ETF,140.09693500799997,93.41664,0.0,0.0,233.51357500799998
20250115,512100.SH,SELL,ETF,41.40371759999999,27.608,0.0,0.0,69.0117176
20250116,512100.SH,BUY,ETF,95.63662349999998,63.745000000000005,0.0,0.0,159.3816235
20250117,512100.SH,BUY,ETF,164.89767293999995,109.9098,0.0,0.0,274.80747293999997
20250120,512100.SH,SELL,ETF,92.82135201599999,61.89328,0.0,0.0,154.714632016
20250121,512100.SH,SELL,ETF,53.301737519999996,35.5416,0.0,0.0,88.84333752
20250122,512100.SH,SELL,ETF,104.56730235599998,69.72548,0.0,0.0,174.29278235599998
20250123,512100.SH,SELL,ETF,42.064605396000005,28.048680000000004,0.0,0.0,70.11328539600001
20250124,512100.SH,SELL,ETF,97.16973216600002,64.79278000000001,0.0,0.0,161.962512166
20250205,512100.SH,SELL,ETF,133.303893888,88.88704000000001,0.0,0.0,222.19093388800002
20250206,512100.SH,BUY,ETF,58.311139896,38.86632,0.0,0.0,97.177459896
20250207,512100.SH,BUY,ETF,105.1170192,70.06400000000001,0.0,0.0,175.1810192
20250210,512100.SH,BUY,ETF,250.09175834999996,166.6945,0.0,0.0,416.78625834999997
20250211,512100.SH,BUY,ETF,201.96198431999997,134.61440000000002,0.0,0.0,336.57638432
20250212,512100.SH,BUY,ETF,54.54055593,36.353100000000005,0.0,0.0,90.89365593
20250214,512100.SH,SELL,ETF,135.857583048,90.58984000000001,0.0,0.0,226.44742304800002
20250219,512100.SH,SELL,ETF,91.15977439799998,60.78533999999999,0.0,0.0,151.945114398
20250224,512100.SH,BUY,ETF,111.78795311999998,74.5104,0.0,0.0,186.29835312
20250225,512100.SH,SELL,ETF,40.125133368,26.755439999999997,0.0,0.0,66.880573368
20250226,512100.SH,SELL,ETF,119.91457228799997,79.95904,0.0,0.0,199.87361228799998
20250227,512100.SH,SELL,ETF,75.721172736,50.490880000000004,0.0,0.0,126.212052736
20250228,512100.SH,SELL,ETF,41.341869972,27.56676,0.0,0.0,68.908629972
20250303,512100.SH,SELL,ETF,86.71565339999998,57.822,0.0,0.0,144.53765339999998
20250304,512100.SH,SELL,ETF,207.641743344,138.45552,0.0,0.0,346.097263344
20250306,512100.SH,BUY,ETF,37.661610816,25.10272,0.0,0.0,62.764330816
20250307,512100.SH,BUY,ETF,134.9909928,89.976,0.0,0.0,224.96699279999999
20250312,512100.SH,SELL,ETF,46.409806182,30.94606,0.0,0.0,77.355866182
20250313,512100.SH,BUY,ETF,104.87475075599998,69.90252,0.0,0.0,174.77727075599998
20250317,512100.SH,BUY,ETF,80.49409559999998,53.652,0.0,0.0,134.14609559999997
20250319,512100.SH,BUY,ETF,82.54470563999998,55.018800000000006,0.0,0.0,137.56350564
20250320,512100.SH,SELL,ETF,90.09195800399999,60.073319999999995,0.0,0.0,150.165278004
20250324,512100.SH,SELL,ETF,45.822523661999995,30.554460000000006,0.0,0.0,76.376983662
20250325,512100.SH,SELL,ETF,46.627712591999995,31.091359999999998,0.0,0.0,77.71907259199999
20250326,512100.SH,SELL,ETF,201.35377119,134.2627,0.0,0.0,335.61647118999997
20250410,512100.SH,BUY,ETF,133.18253117999996,88.7706,0.0,0.0,221.95313117999996
20250411,512100.SH,BUY,ETF,229.033727586,152.65862,0.0,0.0,381.692347586
20250416,512100.SH,SELL,ETF,140.58715694400001,93.74352000000002,0.0,0.0,234.33067694400003
20250417,512100.SH,SELL,ETF,61.24525849799999,40.838339999999995,0.0,0.0,102.08359849799999
20250422,512100.SH,BUY,ETF,142.363226952,94.88983999999999,0.0,0.0,237.25306695199998
20250425,512100.SH,SELL,ETF,136.40005453199998,90.95156,0.0,0.0,227.35161453199999
20250428,512100.SH,SELL,ETF,175.524888,117.04,0.0,0.0,292.564888
20250507,512100.SH,BUY,ETF,157.15465464599998,104.74882000000001,0.0,0.0,261.903474646
20250508,512100.SH,BUY,ETF,155.224608714,103.46238000000001,0.0,0.0,258.686988714
20250509,512100.SH,BUY,ETF,89.05360715999998,59.357200000000006,0.0,0.0,148.41080716
20250512,512100.SH,SELL,ETF,129.366161592,86.26136,0.0,0.0,215.627521592
20250513,512100.SH,SELL,ETF,88.13221003199999,58.76656,0.0,0.0,146.898770032
20250514,512100.SH,SELL,ETF,70.44834751200001,46.97496,0.0,0.0,117.42330751200001
20250515,512100.SH,BUY,ETF,132.752965284,88.48428000000001,0.0,0.0,221.237245284
20250516,512100.SH,BUY,ETF,79.24794641999999,52.821400000000004,0.0,0.0,132.06934642
20250519,512100.SH,BUY,ETF,117.926760636,78.60212000000001,0.0,0.0,196.528880636
20250520,512100.SH,BUY,ETF,95.432762736,63.60912000000001,0.0,0.0,159.04188273600002
20250521,512100.SH,BUY,ETF,63.281573784,42.179280000000006,0.0,0.0,105.46085378400001
20250522,512100.SH,SELL,ETF,57.02459279999999,38.024,0.0,0.0,95.0485928
20250523,512100.SH,SELL,ETF,216.6556602,144.466,0.0,0.0,361.1216602
20250526,512100.SH,SELL,ETF,322.1977675559999,214.84148,0.0,0.0,537.039247556
20250527,512100.SH,BUY,ETF,33.526063871999995,22.34624,0.0,0.0,55.872303871999996
20250528,512100.SH,BUY,ETF,155.997353232,103.97744,0.0,0.0,259.974793232
20250529,512100.SH,BUY,ETF,109.92560072399999,73.26908,0.0,0.0,183.194680724
20250530,512100.SH,BUY,ETF,144.42112844999997,96.2615,0.0,0.0,240.68262844999998
20250603,512100.SH,SELL,ETF,104.336348556,69.57148000000001,0.0,0.0,173.90782855600003
20250605,512100.SH,SELL,ETF,49.711035804,33.14732,0.0,0.0,82.858355804
20250606,512100.SH,BUY,ETF,43.663921038,29.103460000000005,0.0,0.0,72.767381038
20250609,512100.SH,SELL,ETF,81.79894693799999,54.54354000000001,0.0,0.0,136.34248693799998
20250611,512100.SH,BUY,ETF,45.69133644,30.454800000000002,0.0,0.0,76.14613644
20250612,512100.SH,BUY,ETF,48.459810024,32.30008,0.0,0.0,80.759890024
20250613,512100.SH,BUY,ETF,45.764431056,30.50352,0.0,0.0,76.267951056
20250616,512100.SH,SELL,ETF,88.2183528,58.824000000000005,0.0,0.0,147.0423528
20250618,512100.SH,SELL,ETF,308.95823599199997,206.01336,0.0,0.0,514.971595992
20250619,512100.SH,BUY,ETF,34.647268067999995,23.09356,0.0,0.0,57.740828068
20250620,512100.SH,SELL,ETF,34.239530724,22.830920000000003,0.0,0.0,57.070450724
20250624,512100.SH,BUY,ETF,111.32931140999999,74.2047,0.0,0.0,185.53401141
20250625,512100.SH,BUY,ETF,130.61683814399998,87.06048000000001,0.0,0.0,217.677318144
20250626,512100.SH,BUY,ETF,182.96266521599998,121.95072,0.0,0.0,304.913385216
20250630,512100.SH,SELL,ETF,63.43895966999999,42.301100000000005,0.0,0.0,105.74005967
20250702,512100.SH,SELL,ETF,75.490878804,50.337320000000005,0.0,0.0,125.82819880400001
20250704,512100.SH,SELL,ETF,74.6490672,49.775999999999996,0.0,0.0,124.4250672
20250707,512100.SH,SELL,ETF,103.276000668,68.86444,0.0,0.0,172.140440668
20250708,512100.SH,BUY,ETF,60.958779318,40.63106,0.0,0.0,101.589839318
20250709,512100.SH,BUY,ETF,36.18747604799999,24.120160000000002,0.0,0.0,60.30763604799999
20250710,512100.SH,BUY,ETF,125.88585213599998,83.90712,0.0,0.0,209.792972136
20250711,512100.SH,BUY,ETF,62.28510452999999,41.515100000000004,0.0,0.0,103.80020453
20250714,512100.SH,BUY,ETF,35.177204034,23.446780000000004,0.0,0.0,58.623984034
20250716,512100.SH,SELL,ETF,81.61826308200001,54.423060000000014,0.0,0.0,136.04132308200002
20250718,512100.SH,BUY,ETF,32.411551014,21.60338,0.0,0.0,54.014931014
20250721,512100.SH,BUY,ETF,74.15574818399999,49.42728,0.0,0.0,123.583028184
20250722,512100.SH,BUY,ETF,77.55230736,51.6912,0.0,0.0,129.24350736
20250723,512100.SH,BUY,ETF,89.18668376999999,59.4459,0.0,0.0,148.63258377
20250724,512100.SH,SELL,ETF,39.911696064,26.613120000000002,0.0,0.0,66.52481606399999
20250725,512100.SH,SELL,ETF,77.113854144,51.419520000000006,0.0,0.0,128.533374144
20250728,512100.SH,SELL,ETF,248.148940284,165.46572,0.0,0.0,413.614660284
20250729,512100.SH,SELL,ETF,87.525851328,58.36224000000001,0.0,0.0,145.888091328
20250730,512100.SH,SELL,ETF,99.789318144,66.53952000000001,0.0,0.0,166.32883814400003
20250731,512100.SH,BUY,ETF,92.80729774799998,61.85916,0.0,0.0,154.66645774799997
20250801,512100.SH,BUY,ETF,74.36720046599999,49.56822,0.0,0.0,123.93542046599998
20250806,512100.SH,SELL,ETF,43.244329404000005,28.835320000000003,0.0,0.0,72.07964940400001
20250807,512100.SH,BUY,ETF,60.845986763999996,40.55588,0.0,0.0,101.401866764
20250814,512100.SH,BUY,ETF,138.620788614,92.39538,0.0,0.0,231.01616861399998
20250815,512100.SH,SELL,ETF,79.64756729999999,53.109,0.0,0.0,132.7565673
20250818,512100.SH,BUY,ETF,57.41402050799999,38.26836000000001,0.0,0.0,95.682380508
20250820,512100.SH,BUY,ETF,152.17641919799996,101.43066,0.0,0.0,253.60707919799995
20250822,512100.SH,SELL,ETF,259.69003160399996,173.16132000000002,0.0,0.0,432.851351604
20250825,512100.SH,SELL,ETF,106.72045164,71.16120000000001,0.0,0.0,177.88165164
20250827,512100.SH,BUY,ETF,144.0828108,96.036,0.0,0.0,240.1188108
20250828,512100.SH,SELL,ETF,71.606445846,47.74718,0.0,0.0,119.353625846
20250901,512100.SH,SELL,ETF,81.20785518,54.1494,0.0,0.0,135.35725517999998
20250902,512100.SH,BUY,ETF,144.28277078399998,96.16928000000001,0.0,0.0,240.452050784
20250903,512100.SH,SELL,ETF,46.18236168,30.794400000000003,0.0,0.0,76.97676168000001
20250904,512100.SH,SELL,ETF,58.586710314,39.06562,0.0,0.0,97.65233031400001
20250905,512100.SH,SELL,ETF,232.53223425,155.0525,0.0,0.0,387.58473425
20250908,512100.SH,BUY,ETF,42.17163263999999,28.108800000000002,0.0,0.0,70.28043263999999
20250909,512100.SH,BUY,ETF,48.32070220799999,32.20736,0.0,0.0,80.528062208
20250910,512100.SH,BUY,ETF,42.94653758999999,28.625300000000003,0.0,0.0,71.57183759
20250912,512100.SH,BUY,ETF,50.230044,33.480000000000004,0.0,0.0,83.71004400000001
20250915,512100.SH,BUY,ETF,96.171270408,64.10136,0.0,0.0,160.272630408
20250922,512100.SH,SELL,ETF,99.120961842,66.09386,0.0,0.0,165.214821842
20250923,512100.SH,SELL,ETF,85.945827396,57.308679999999995,0.0,0.0,143.254507396
20250925,512100.SH,BUY,ETF,92.67785186399998,61.772879999999994,0.0,0.0,154.45073186399998
20250929,512100.SH,SELL,ETF,84.62675126399999,56.42912,0.0,0.0,141.055871264
20250930,512100.SH,SELL,ETF,106.78793813999998,71.20620000000001,0.0,0.0,177.99413814
20251009,512100.SH,BUY,ETF,45.565791336,30.37112,0.0,0.0,75.936911336
20251010,512100.SH,BUY,ETF,101.93758344,67.9448,0.0,0.0,169.88238344
20251014,512100.SH,SELL,ETF,49.08242155199999,32.72816,0.0,0.0,81.810581552
20251015,512100.SH,SELL,ETF,94.770782052,63.19316000000001,0.0,0.0,157.96394205200002
20251022,512100.SH,BUY,ETF,128.65840653599997,85.75512,0.0,0.0,214.41352653599998
20251023,512100.SH,BUY,ETF,165.20652469799998,110.11565999999999,0.0,0.0,275.322184698
20251027,512100.SH,SELL,ETF,94.27306161599999,62.86128000000001,0.0,0.0,157.134341616
20251028,512100.SH,SELL,ETF,57.45224725199999,38.30916,0.0,0.0,95.761407252
20251029,512100.SH,BUY,ETF,64.027522944,42.676480000000005,0.0,0.0,106.704002944
20251030,512100.SH,BUY,ETF,91.664669268,61.09756,0.0,0.0,152.762229268
20251103,512100.SH,SELL,ETF,115.51934150999999,77.0283,0.0,0.0,192.54764151
20251104,512100.SH,SELL,ETF,42.03479136000001,28.0288,0.0,0.0,70.06359136
20251105,512100.SH,BUY,ETF,50.48719542,33.6514,0.0,0.0,84.13859542
20251106,512100.SH,BUY,ETF,148.76134631999997,99.15440000000001,0.0,0.0,247.91574631999998
20251107,512100.SH,BUY,ETF,50.376983382,33.577940000000005,0.0,0.0,83.954923382
20251110,512100.SH,BUY,ETF,58.660319718,39.09906,0.0,0.0,97.75937971799999
20251111,512100.SH,SELL,ETF,50.151767639999996,33.4412,0.0,0.0,83.59296764
20251114,512100.SH,BUY,ETF,127.06073706599997,84.69022,0.0,0.0,211.75095706599996
20251118,512100.SH,BUY,ETF,106.27660106999998,70.8369,0.0,0.0,177.11350106999998
20251119,512100.SH,SELL,ETF,156.02050965599997,104.03448000000002,0.0,0.0,260.054989656
20251120,512100.SH,SELL,ETF,70.192678656,46.80448,0.0,0.0,116.997158656
20251121,512100.SH,SELL,ETF,398.86165171199997,265.96096,0.0,0.0,664.822611712
20251126,512100.SH,BUY,ETF,129.72358952999997,86.4651,0.0,0.0,216.18868952999998
20251127,512100.SH,BUY,ETF,190.80047246399997,127.17487999999999,0.0,0.0,317.97535246399997
20251128,512100.SH,SELL,ETF,54.49204941,36.335300000000004,0.0,0.0,90.82734941000001
20251201,512100.SH,SELL,ETF,72.74864735999999,48.5088,0.0,0.0,121.25744735999999
20251203,512100.SH,BUY,ETF,97.83156239999998,65.208,0.0,0.0,163.03956239999997
20251205,512100.SH,SELL,ETF,112.20305490000001,74.81700000000001,0.0,0.0,187.02005490000002
20251208,512100.SH,SELL,ETF,53.80878608999999,35.8797,0.0,0.0,89.68848609
20251209,512100.SH,BUY,ETF,95.90112638999999,63.9213,0.0,0.0,159.82242638999998
20251210,512100.SH,BUY,ETF,145.759486068,97.15356000000001,0.0,0.0,242.91304606800003
20251211,512100.SH,BUY,ETF,60.8431662,40.554,0.0,0.0,101.3971662
20251212,512100.SH,SELL,ETF,166.794744378,111.21874,0.0,0.0,278.013484378
20251216,512100.SH,SELL,ETF,62.92153317599999,41.95608,0.0,0.0,104.87761317599998
20251218,512100.SH,SELL,ETF,195.34387341,130.2553,0.0,0.0,325.59917341
20251222,512100.SH,BUY,ETF,170.14644248399998,113.40828,0.0,0.0,283.55472248399997
20251223,512100.SH,BUY,ETF,193.56417509399998,129.01698000000002,0.0,0.0,322.581155094
20251225,512100.SH,BUY,ETF,35.987276015999996,23.986720000000002,0.0,0.0,59.973996016
20251226,512100.SH,BUY,ETF,73.57864278599999,49.04262000000001,0.0,0.0,122.62126278599999
20251229,512100.SH,BUY,ETF,122.34904491599997,81.54972,0.0,0.0,203.89876491599995
20251231,512100.SH,SELL,ETF,97.035868944,64.70352000000001,0.0,0.0,161.739388944
20260105,512100.SH,SELL,ETF,126.78823727999999,84.5424,0.0,0.0,211.33063728
20260107,512100.SH,BUY,ETF,130.95728622,87.2874,0.0,0.0,218.24468622
20260108,512100.SH,BUY,ETF,101.17363067999999,67.43560000000001,0.0,0.0,168.60923068
20260109,512100.SH,BUY,ETF,112.48085167199999,74.97224,0.0,0.0,187.45309167199997
20260113,512100.SH,BUY,ETF,77.30889868799999,51.52896,0.0,0.0,128.83785868799998
20260114,512100.SH,SELL,ETF,73.467963468,48.98844,0.0,0.0,122.45640346799999
20260115,512100.SH,SELL,ETF,79.516553508,53.021640000000005,0.0,0.0,132.538193508
20260116,512100.SH,SELL,ETF,315.29014935600003,210.23548,0.0,0.0,525.5256293560001
20260119,512100.SH,SELL,ETF,376.33711751999994,250.94160000000002,0.0,0.0,627.27871752
20260122,512100.SH,BUY,ETF,89.52290099999999,59.67,0.0,0.0,149.192901
20260123,512100.SH,BUY,ETF,67.007118744,44.66248,0.0,0.0,111.669598744
20260126,512100.SH,BUY,ETF,154.42485879599997,102.92932000000002,0.0,0.0,257.354178796
20260129,512100.SH,SELL,ETF,62.528401818,41.693940000000005,0.0,0.0,104.222341818
20260130,512100.SH,BUY,ETF,77.427992502,51.608340000000005,0.0,0.0,129.036332502
20260202,512100.SH,SELL,ETF,94.370542116,62.926280000000006,0.0,0.0,157.296822116
20260203,512100.SH,SELL,ETF,219.28343453999997,146.2182,0.0,0.0,365.50163453999994
20260205,512100.SH,BUY,ETF,96.81165845999999,64.5282,0.0,0.0,161.33985846
20260206,512100.SH,BUY,ETF,72.26795069999999,48.169000000000004,0.0,0.0,120.43695069999998
20260209,512100.SH,SELL,ETF,170.73154685999998,113.8438,0.0,0.0,284.57534685999997
20260210,512100.SH,BUY,ETF,50.8961772,33.924,0.0,0.0,84.82017719999999
20260211,512100.SH,BUY,ETF,124.47704042999997,82.9681,0.0,0.0,207.44514042999998
20260212,512100.SH,BUY,ETF,56.16124000199999,37.43334,0.0,0.0,93.59458000199999
20260224,512100.SH,SELL,ETF,233.08757316,155.4228,0.0,0.0,388.51037316
20260225,512100.SH,BUY,ETF,75.094695936,50.05312,0.0,0.0,125.147815936
20260226,512100.SH,BUY,ETF,51.896457216,34.590720000000005,0.0,0.0,86.487177216
20260227,512100.SH,BUY,ETF,130.94828442,87.2814,0.0,0.0,218.22968442
20260302,512100.SH,BUY,ETF,101.79847562399999,67.85208,0.0,0.0,169.650555624
20260304,512100.SH,BUY,ETF,59.891825969999985,39.9199,0.0,0.0,99.81172596999998
20260305,512100.SH,SELL,ETF,152.32782834,101.57220000000001,0.0,0.0,253.90002834
20260306,512100.SH,SELL,ETF,255.39531071999997,170.29760000000002,0.0,0.0,425.69291072
20260311,512100.SH,BUY,ETF,55.019241648,36.672160000000005,0.0,0.0,91.69140164800001
20260312,512100.SH,BUY,ETF,38.792236896,25.85632,0.0,0.0,64.648556896
20260313,512100.SH,BUY,ETF,67.34306591999999,44.8864,0.0,0.0,112.22946592
20260316,512100.SH,SELL,ETF,68.75320660799999,45.84464,0.0,0.0,114.59784660799998
20260317,512100.SH,SELL,ETF,90.05668505999999,60.049800000000005,0.0,0.0,150.10648506
20260326,512100.SH,BUY,ETF,228.62573600399995,152.38667999999998,0.0,0.0,381.01241600399993
20260327,512100.SH,BUY,ETF,117.73802289599999,78.47632,0.0,0.0,196.214342896
20260331,512100.SH,SELL,ETF,140.53523733,93.7089,0.0,0.0,234.24413733
20260401,512100.SH,SELL,ETF,36.832512023999996,24.55992,0.0,0.0,61.392432024
20260402,512100.SH,SELL,ETF,172.8509229,115.257,0.0,0.0,288.1079229
20260409,512100.SH,BUY,ETF,105.30521683199999,70.18944,0.0,0.0,175.49465683199998
20260410,512100.SH,BUY,ETF,114.62334008399998,76.40028,0.0,0.0,191.02362008399996
20260415,512100.SH,BUY,ETF,44.723402891999996,29.809639999999998,0.0,0.0,74.533042892
20260420,512100.SH,BUY,ETF,46.848397806,31.226020000000002,0.0,0.0,78.074417806
20260421,512100.SH,BUY,ETF,189.74639169,126.4723,0.0,0.0,316.21869169
20260423,512100.SH,SELL,ETF,127.00194452999997,84.6849,0.0,0.0,211.68684452999997
20260424,512100.SH,SELL,ETF,174.637695474,116.44842,0.0,0.0,291.086115474
20260427,512100.SH,SELL,ETF,212.79558237,141.8921,0.0,0.0,354.68768237
20260506,512100.SH,BUY,ETF,63.95148773999999,42.625800000000005,0.0,0.0,106.57728774
20260507,512100.SH,BUY,ETF,147.53494108799998,98.33696,0.0,0.0,245.871901088
20260508,512100.SH,BUY,ETF,150.645483072,100.41024,0.0,0.0,251.05572307199998
20260511,512100.SH,BUY,ETF,108.52119989999998,72.333,0.0,0.0,180.85419989999997
20260512,512100.SH,BUY,ETF,43.7352453,29.151,0.0,0.0,72.8862453
20260513,512100.SH,SELL,ETF,78.74864712,52.509600000000006,0.0,0.0,131.25824712000002
20260515,512100.SH,SELL,ETF,103.85518480799998,69.25063999999999,0.0,0.0,173.10582480799997
20260518,512100.SH,SELL,ETF,118.85701384199999,79.25386,0.0,0.0,198.110873842
20260519,512100.SH,SELL,ETF,216.99159299999997,144.69,0.0,0.0,361.68159299999996
20260520,512100.SH,BUY,ETF,97.61626934999998,65.06450000000001,0.0,0.0,162.68076935
20260521,512100.SH,BUY,ETF,103.04450478,68.68260000000001,0.0,0.0,171.72710478
20260522,512100.SH,SELL,ETF,56.124112931999996,37.42356,0.0,0.0,93.547672932
20260527,512100.SH,BUY,ETF,41.481374616,27.64872,0.0,0.0,69.130094616
20260528,512100.SH,SELL,ETF,179.78787523199998,119.88256,0.0,0.0,299.670435232
20260617,512100.SH,BUY,ETF,140.24429324999997,93.4775,0.0,0.0,233.72179324999996
20260618,512100.SH,BUY,ETF,127.00666625399998,84.65418,0.0,0.0,211.66084625399998
20260625,512100.SH,SELL,ETF,42.473033693999994,28.32102,0.0,0.0,70.794053694
20260626,512100.SH,SELL,ETF,75.3869196,50.268,0.0,0.0,125.6549196
20260629,512100.SH,SELL,ETF,150.776178732,100.53756000000001,0.0,0.0,251.31373873200002
20260702,512100.SH,BUY,ETF,93.654367128,62.42376,0.0,0.0,156.078127128
20260707,512100.SH,SELL,ETF,89.623151784,59.76072,0.0,0.0,149.383871784
20260724,512100.SH,BUY,ETF,82.44064483199999,54.94944,0.0,0.0,137.39008483199999
20260727,512100.SH,SELL,ETF,80.80863504,53.8832,0.0,0.0,134.69183504
20260728,512100.SH,BUY,ETF,159.00788521799998,105.98406000000001,0.0,0.0,264.991945218
20260729,512100.SH,SELL,ETF,36.061126332,24.045560000000002,0.0,0.0,60.106686332
20260730,512100.SH,BUY,ETF,82.47029076,54.9692,0.0,0.0,137.43949076
20260731,512100.SH,SELL,ETF,204.686374536,136.48487999999998,0.0,0.0,341.171254536
20260803,512100.SH,BUY,ETF,71.57781269999998,47.709,0.0,0.0,119.28681269999998
20260805,512100.SH,BUY,ETF,216.01349405999997,143.9802,0.0,0.0,359.99369405999994
20260806,512100.SH,BUY,ETF,201.01019399999998,133.98000000000002,0.0,0.0,334.990194
