trade_date,code,side,shares,price,value,fee
20230103,512100.SH,BUY,464000,2.5055009999999998,1162552.464,348.7657391999999
20230104,512100.SH,BUY,89000,2.5645128,228241.6392,68.47249176
20230106,512100.SH,SELL,114400,2.589482,296236.74079999997,88.87102223999999
20230109,512100.SH,SELL,438600,2.5994800000000002,1140131.928,342.0395784
20230112,512100.SH,BUY,40800,2.590518,105693.1344,31.707940319999995
20230113,512100.SH,BUY,36800,2.5935186,95441.48448,28.632445343999997
20230117,512100.SH,BUY,46200,2.6365272,121807.55664000001,36.542266992
20230119,512100.SH,BUY,68600,2.6395277999999998,181071.60708,54.32148212399999
20230120,512100.SH,SELL,70600,2.6724654,188676.05724,56.602817171999995
20230130,512100.SH,SELL,52100,2.7254548,141996.19508,42.598858524
20230131,512100.SH,BUY,87000,2.7085416,235643.11920000002,70.69293576
20230201,512100.SH,BUY,147300,2.7205440000000003,400736.13120000006,120.22083936000001
20230202,512100.SH,BUY,223700,2.7645527999999997,618430.46136,185.52913840799997
20230206,512100.SH,SELL,67500,2.74945,185587.875,55.676362499999996
20230207,512100.SH,SELL,129400,2.7604478,357201.94532,107.160583596
20230213,512100.SH,SELL,108700,2.7734452000000003,301473.49324000004,90.442047972
20230214,512100.SH,BUY,41100,2.8145628,115678.53108,34.703559324
20230215,512100.SH,SELL,75800,2.8184362,213637.46396,64.09123918799999
20230216,512100.SH,BUY,42500,2.8185636,119788.95300000001,35.9366859
20230217,512100.SH,SELL,229900,2.7654468,635776.2193199999,190.73286579599997
20230227,512100.SH,BUY,42600,2.7605519999999997,117599.51519999998,35.27985455999999
20230228,512100.SH,SELL,42600,2.7534492,117296.93592,35.189080776
20230303,512100.SH,BUY,64800,2.7835566,180374.46768,54.11234030399999
20230306,512100.SH,SELL,64800,2.7754448,179848.82304,53.954646911999994
20230309,512100.SH,BUY,73700,2.7465492,202420.67604,60.72620281199999
20230310,512100.SH,BUY,112200,2.7385476,307265.04072,92.17951221599999
20230316,512100.SH,BUY,77600,2.7085416,210182.82816,63.054848447999994
20230317,512100.SH,BUY,37400,2.685537,100439.08380000001,30.13172514
20230320,512100.SH,BUY,78800,2.6955389999999997,212408.47319999998,63.72254195999999
20230322,512100.SH,BUY,71700,2.7205440000000003,195063.00480000002,58.51890144
20230323,512100.SH,SELL,88700,2.7264546,241836.52302,72.550956906
20230324,512100.SH,SELL,73200,2.7374524,200381.51568,60.114454703999996
20230327,512100.SH,SELL,289500,2.7384522,792781.9119,237.83457356999998
20230328,512100.SH,BUY,37700,2.7545508,103846.56516,31.153969547999996
20230329,512100.SH,SELL,37700,2.734453,103088.87809999999,30.926663429999994
20230406,512100.SH,BUY,71700,2.7695538,198577.00746000002,59.573102238000004
20230407,512100.SH,BUY,88800,2.7845568,247268.64383999998,74.18059315199999
20230410,512100.SH,BUY,32000,2.8145628,90066.0096,27.01980288
20230411,512100.SH,SELL,77200,2.7774444000000003,214418.70768000002,64.325612304
20230412,512100.SH,SELL,115300,2.7874423999999998,321392.10871999996,96.41763261599998
20230508,512100.SH,BUY,47600,2.6515302,126212.83751999999,37.86385125599999
20230509,512100.SH,BUY,88100,2.6795357999999996,236067.10397999996,70.82013119399998
20230510,512100.SH,SELL,135700,2.634473,357497.9861,107.24939582999998
20230525,512100.SH,BUY,146000,2.6015202,379821.9492,113.94658475999998
20230526,512100.SH,BUY,169500,2.5915182000000003,439262.3349000001,131.77870047000002
20230529,512100.SH,BUY,79400,2.6295258,208784.34852,62.635304555999994
20230531,512100.SH,SELL,60800,2.6274744,159750.44352,47.92513305599999
20230602,512100.SH,SELL,36100,2.639472,95284.93920000001,28.58548176
20230605,512100.SH,SELL,100600,2.6524694,266838.42164,80.051526492
20230606,512100.SH,SELL,80400,2.6524694,213258.53976,63.977561928
20230607,512100.SH,SELL,117000,2.6034792,304607.0664,91.38211992
20230608,512100.SH,BUY,61100,2.5975194,158708.43534,47.61253060199999
20230612,512100.SH,BUY,98100,2.6035206,255405.37086,76.62161125799999
20230613,512100.SH,BUY,52600,2.6185235999999996,137734.34136,41.320302407999996
20230614,512100.SH,BUY,80000,2.6275253999999997,210202.03199999998,63.060609599999985
20230616,512100.SH,SELL,140500,2.6474704,371969.5912,111.59087736
20230619,512100.SH,SELL,151300,2.6724654,404344.01502,121.30320450599999
20230620,512100.SH,BUY,36400,2.6865372,97789.95408,29.336986223999997
20230626,512100.SH,SELL,36400,2.6214756,95421.71184,28.626513552
20230629,512100.SH,BUY,49600,2.6035206,129134.62176,38.740386527999995
20230630,512100.SH,BUY,79000,2.6115222,206310.2538,61.89307614
20230705,512100.SH,SELL,58700,2.6584681999999997,156052.08333999998,46.81562500199999
20230706,512100.SH,SELL,69900,2.6374724,184359.32076,55.307796227999994
20230711,512100.SH,BUY,52900,2.6275253999999997,138996.09365999998,41.69882809799999
20230713,512100.SH,BUY,37700,2.6165232,98642.92464,29.592877392
20230718,512100.SH,SELL,44600,2.6204758,116873.22068,35.061966203999994
20230719,512100.SH,SELL,46000,2.6164766,120357.9236,36.10737707999999
20230727,512100.SH,BUY,69100,2.6045208,179972.38728,53.99171618399999
20230728,512100.SH,BUY,71000,2.5705139999999997,182506.49399999998,54.75194819999999
20230731,512100.SH,SELL,140100,2.6024794000000004,364607.36394000007,109.38220918200001
20230822,512100.SH,BUY,121300,2.445489,296637.8157,88.99134470999998
20230823,512100.SH,SELL,38500,2.4405118,93959.7043,28.187911289999995
20230825,512100.SH,SELL,82800,2.3975204000000003,198514.68912000002,59.554406736000004
20230831,512100.SH,BUY,107800,2.465493,265780.1454,79.73404361999998
20230904,512100.SH,SELL,107800,2.4615076000000005,265350.51928000007,79.60515578400002
20230905,512100.SH,BUY,41700,2.4894977999999996,103812.05825999999,31.143617477999996
20230906,512100.SH,SELL,41700,2.4695060000000004,102978.40020000002,30.893520060000004
20230907,512100.SH,BUY,183300,2.4894977999999996,456324.9467399999,136.89748402199996
20230908,512100.SH,SELL,75000,2.4435112,183263.34,54.979001999999994
20230912,512100.SH,SELL,108300,2.4805038,268638.56154,80.591568462
20230918,512100.SH,BUY,43800,2.4374873999999997,106761.94811999999,32.028584435999996
20230919,512100.SH,BUY,39900,2.4474894,97654.82706,29.296448117999997
20230920,512100.SH,SELL,39200,2.4255148,95080.18016,28.524054048
20230921,512100.SH,SELL,44500,2.39952,106778.64,32.033592
20230926,512100.SH,BUY,98400,2.4254849999999997,238667.72399999996,71.60031719999998
20230927,512100.SH,BUY,131300,2.415483,317152.9179,95.14587537
20230928,512100.SH,BUY,159300,2.4314862,387335.75166,116.200725498
20231009,512100.SH,BUY,42700,2.4404879999999998,104208.83759999998,31.262651279999993
20231010,512100.SH,BUY,90900,2.4414881999999998,221931.27737999998,66.57938321399999
20231012,512100.SH,SELL,103200,2.4475104,252583.07328,75.774921984
20231013,512100.SH,SELL,186000,2.439512,453749.232,136.1247696
20231017,512100.SH,BUY,118900,2.4224844,288033.39516,86.410018548
20231018,512100.SH,BUY,43400,2.4094817999999996,104571.51011999998,31.37145303599999
20231020,512100.SH,SELL,138300,2.3455308,324386.90964,97.316072892
20231024,512100.SH,SELL,106300,2.269546,241252.7398,72.37582194
20231025,512100.SH,BUY,71200,2.3164632,164932.17984,49.47965395199999
20231026,512100.SH,BUY,158000,2.3164632,366001.18559999997,109.80035567999998
20231027,512100.SH,BUY,167300,2.3324664,390221.62872,117.06648861599999
20231030,512100.SH,BUY,100100,2.370474,237284.44740000003,71.18533422
20231031,512100.SH,SELL,50800,2.4065186,122251.14488,36.675343464
20231101,512100.SH,SELL,129900,2.4065186,312606.76614,93.782029842
20231102,512100.SH,SELL,143400,2.3965205999999997,343661.05403999996,103.09831621199997
20231103,512100.SH,SELL,78900,2.3785242,187665.55938000002,56.299667814
20231107,512100.SH,BUY,82400,2.4424884000000002,201261.04416000002,60.378313248
20231108,512100.SH,BUY,150600,2.455491,369796.9446,110.93908337999999
20231109,512100.SH,BUY,158900,2.4634926,391448.97414,117.434692242
20231110,512100.SH,SELL,106600,2.4465106000000003,260798.02996000004,78.23940898800001
20231113,512100.SH,SELL,151300,2.4565086,371669.75117999996,111.50092535399997
20231114,512100.SH,SELL,130100,2.4715056,321542.87856,96.46286356799999
20231115,512100.SH,BUY,89000,2.5055009999999998,222989.58899999998,66.89687669999999
20231116,512100.SH,BUY,138500,2.4874974,344518.3899,103.35551697
20231122,512100.SH,BUY,117500,2.4934985999999997,292986.0855,87.89582564999999
20231123,512100.SH,BUY,86600,2.470494,213944.7804,64.18343411999999
20231124,512100.SH,SELL,173100,2.4925014,431451.99234,129.435597702
20231127,512100.SH,SELL,117900,2.4605078,290093.86961999995,87.02816088599998
20231128,512100.SH,SELL,148000,2.4545090000000003,363267.33200000005,108.9801996
20231130,512100.SH,SELL,241200,2.459508,593233.3296,177.96999888
20231205,512100.SH,BUY,153400,2.4504900000000003,375905.166,112.7715498
20231206,512100.SH,BUY,177600,2.4124824,428456.87424000003,128.537062272
20231208,512100.SH,SELL,60900,2.4215156,147470.30004,44.241090011999994
20231211,512100.SH,SELL,270100,2.404519,649460.5819,194.83817456999998
20231214,512100.SH,BUY,120900,2.4374873999999997,294692.22666,88.407667998
20231215,512100.SH,BUY,152400,2.4224844,369186.62256,110.75598676799999
20231218,512100.SH,BUY,63700,2.3914782,152337.16134,45.701148401999994
20231219,512100.SH,SELL,103600,2.3625274,244757.83863999997,73.42735159199998
20231220,512100.SH,SELL,233400,2.3625274,551413.89516,165.42416854799998
20231228,512100.SH,BUY,74000,2.285457,169123.818,50.737145399999996
20231229,512100.SH,BUY,140700,2.3384676,329022.39132,98.70671739599999
20240102,512100.SH,BUY,162100,2.3714741999999998,384415.96781999996,115.32479034599997
20240103,512100.SH,BUY,203600,2.3494698,478352.05128,143.50561538399998
20240105,512100.SH,SELL,183700,2.3225354,426649.75298,127.99492589399999
20240108,512100.SH,SELL,396700,2.284543,906278.2081,271.88346243
20240112,512100.SH,BUY,62900,2.2514502,141616.21758,42.48486527399999
20240118,512100.SH,BUY,89000,2.1684336,192990.59040000002,57.89717712
20240119,512100.SH,BUY,95900,2.15043,206226.237,61.867871099999995
20240123,512100.SH,SELL,92500,2.0075984,185702.852,55.7108556
20240125,512100.SH,BUY,188500,2.070414,390273.039,117.08191169999999
20240126,512100.SH,BUY,330100,2.1424284,707215.61484,212.164684452
20240129,512100.SH,BUY,59900,2.1194238000000003,126953.48562000002,38.086045686000006
20240130,512100.SH,SELL,246700,2.04959,505633.85299999994,151.69015589999998
20240131,512100.SH,SELL,487100,2.0005998,974492.1625799999,292.34764877399994
20240208,512100.SH,BUY,122000,1.960392,239167.824,71.7503472
20240219,512100.SH,BUY,239300,2.0274054,485158.11222,145.547433666
20240220,512100.SH,BUY,160500,2.0024003999999995,321385.2641999999,96.41557925999997
20240221,512100.SH,BUY,169800,2.0124024,341705.92752,102.511778256
20240222,512100.SH,BUY,121600,2.0334065999999997,247262.24255999996,74.17867276799998
20240223,512100.SH,BUY,54700,2.0714142,113306.35674,33.991907022
20240226,512100.SH,BUY,75700,2.1024203999999997,159153.22428,47.745967283999995
20240227,512100.SH,BUY,65800,2.10042,138207.636,41.4622908
20240229,512100.SH,SELL,170200,2.0565886,350031.37972,105.009413916
20240301,512100.SH,SELL,75900,2.1475704,163000.59336000003,48.900178008000005
20240304,512100.SH,SELL,136100,2.1735652,295822.22372,88.746667116
20240305,512100.SH,BUY,56900,2.1664331999999997,123270.04907999998,36.98101472399999
20240306,512100.SH,SELL,155600,2.1555688,335406.50528000004,100.621951584
20240308,512100.SH,SELL,86000,2.1335732,183487.2952,55.04618855999999
20240313,512100.SH,BUY,59400,2.2084416,131181.43104,39.35442931199999
20240314,512100.SH,BUY,97700,2.2144428,216351.06156,64.90531846799999
20240315,512100.SH,SELL,138700,2.1955608000000004,304524.28296000004,91.35728488800001
20240319,512100.SH,BUY,127200,2.2664532,288292.84703999996,86.48785411199998
20240320,512100.SH,BUY,147600,2.2524504,332461.67903999996,99.73850371199998
20240321,512100.SH,BUY,86200,2.2784556,196402.87272,58.920861816
20240325,512100.SH,SELL,43800,2.2425514,98223.75132,29.467125395999997
20240326,512100.SH,SELL,275200,2.1935612,603668.04224,181.10041267199998
20240327,512100.SH,SELL,191400,2.179564,417168.5496,125.15056487999999
20240328,512100.SH,SELL,311500,2.1105778,657444.9847,197.23349541
20240329,512100.SH,BUY,164200,2.1584315999999997,354414.46871999995,106.32434061599997
20240401,512100.SH,BUY,62100,2.1924384000000003,136150.42464,40.845127392
20240402,512100.SH,BUY,255900,2.230446,570771.1314000001,171.23133942
20240403,512100.SH,BUY,95200,2.2214442,211481.48784000002,63.444446352
20240409,512100.SH,SELL,226900,2.1675664,491820.81616000005,147.54624484800001
20240410,512100.SH,SELL,350500,2.1915616,768142.3408,230.44270224
20240419,512100.SH,BUY,101500,2.1114222000000002,214309.35330000002,64.29280599
20240422,512100.SH,BUY,125200,2.1054209999999998,263598.7092,79.07961275999999
20240423,512100.SH,SELL,226700,2.104579,477108.0593,143.13241779
20240426,512100.SH,BUY,95700,2.1344268,204264.64476,61.27939342799999
20240429,512100.SH,BUY,56200,2.185437,122821.5594,36.846467819999994
20240430,512100.SH,BUY,134300,2.2264452,299011.59036000003,89.703477108
20240507,512100.SH,BUY,98300,2.2464492,220825.95635999998,66.247786908
20240509,512100.SH,BUY,45700,2.2184436,101382.87252,30.414861755999997
20240513,512100.SH,SELL,188600,2.2265546,419928.19756,125.978459268
20240514,512100.SH,SELL,241600,2.2195560000000003,536244.7296000001,160.87341888
20240520,512100.SH,BUY,175200,2.240448,392526.48960000003,117.75794687999999
20240521,512100.SH,BUY,109300,2.2444488000000002,245318.25384000002,73.595476152
20240522,512100.SH,SELL,59800,2.2215556,132849.02487999998,39.85470746399999
20240523,512100.SH,SELL,224700,2.2205558,498958.88826000004,149.687666478
20240527,512100.SH,BUY,65400,2.1594317999999997,141226.83972,42.36805191599999
20240528,512100.SH,SELL,65400,2.1685662,141824.22947999998,42.54726884399999
20240613,512100.SH,BUY,175700,2.1114222000000002,370976.88054000004,111.29306416200001
20240618,512100.SH,SELL,175700,2.0955808,368193.54656,110.45806396799999
20240619,512100.SH,BUY,94100,2.1174234,199249.54194,59.77486258199999
20240620,512100.SH,BUY,131300,2.0834166,273552.59958,82.06577987399999
20240624,512100.SH,SELL,103100,2.0335932,209663.45891999998,62.899037675999985
20240625,512100.SH,SELL,122300,1.979604,242105.5692,72.63167075999999
20240704,512100.SH,BUY,95800,1.975395,189242.84100000001,56.7728523
20240708,512100.SH,SELL,95800,1.9416115999999999,186006.39127999998,55.80191738399999
20240712,512100.SH,BUY,185700,1.9843967999999998,368502.48575999995,110.55074572799998
20240716,512100.SH,SELL,51600,1.9516096,100703.05536,30.210916607999998
20240717,512100.SH,SELL,134100,1.9576084,262515.28644,78.754585932
20240729,512100.SH,BUY,91900,1.9103819999999998,175564.1058,52.669231739999994
20240730,512100.SH,BUY,292600,1.895379,554587.8953999999,166.37636861999997
20240731,512100.SH,BUY,215100,1.9073814,410277.73914,123.083321742
20240801,512100.SH,BUY,143400,1.990398,285423.0732,85.62692195999999
20240805,512100.SH,SELL,73500,1.9376124,142414.5114,42.72435341999999
20240806,512100.SH,SELL,158500,1.9206158,304417.6043,91.32528128999999
20240807,512100.SH,SELL,78500,1.9206158,150768.3403,45.23050209
20240809,512100.SH,SELL,133600,1.9356128,258597.87008,77.579361024
20240812,512100.SH,SELL,298900,1.9036192,568991.77888,170.697533664
20240816,512100.SH,BUY,178700,1.9043807999999998,340312.84896,102.09385468799998
20240819,512100.SH,BUY,92300,1.8883775999999999,174297.25248,52.28917574399999
20240820,512100.SH,SELL,73400,1.8936212,138991.79608,41.697538824
20240821,512100.SH,SELL,197600,1.8526294,366079.56944,109.82387083199998
20240829,512100.SH,BUY,65000,1.810362,117673.53,35.302059
20240902,512100.SH,BUY,170900,1.8773754,320843.45586,96.253036758
20240906,512100.SH,BUY,243200,1.8693738,454631.70816,136.38951244799998
20240909,512100.SH,BUY,57100,1.825365,104228.3415,31.268502449999996
20240911,512100.SH,SELL,167700,1.8156368,304482.29136000003,91.344687408
20240912,512100.SH,SELL,163700,1.8276344000000002,299183.75128,89.755125384
20240913,512100.SH,SELL,204800,1.8186362,372456.69376,111.73700812799999
20240918,512100.SH,BUY,57100,1.795359,102514.99889999999,30.754499669999994
20240920,512100.SH,BUY,72800,1.8193637999999999,132449.68464,39.734905391999995
20240923,512100.SH,BUY,114600,1.8113621999999998,207582.10812,62.27463243599999
20240924,512100.SH,BUY,288900,1.8333666,529659.61074,158.897883222
20240925,512100.SH,BUY,180200,1.9113822,344431.07244,103.329321732
20240926,512100.SH,BUY,133300,1.8973794,252920.67402,75.876202206
20240927,512100.SH,BUY,147700,2.0254049999999997,299152.31849999994,89.74569554999998
20240930,512100.SH,BUY,65000,2.270454,147579.51,44.273852999999995
20241010,512100.SH,SELL,176100,2.3355327999999997,411287.32607999997,123.38619782399998
20241011,512100.SH,SELL,346000,2.2805438000000002,789068.1548000001,236.72044644000002
20241014,512100.SH,SELL,537500,2.209558,1187637.425,356.2912275
20241017,512100.SH,BUY,277900,2.260452,628179.6108,188.45388323999998
20241021,512100.SH,BUY,186200,2.3484695999999996,437285.03951999993,131.18551185599998
20241022,512100.SH,BUY,121300,2.3734746,287902.46898,86.37074069399999
20241023,512100.SH,BUY,158100,2.3964792,378883.36152,113.66500845599998
20241029,512100.SH,BUY,109300,2.480496,271118.2128,81.33546383999999
20241030,512100.SH,BUY,58000,2.420484,140388.07200000001,42.1164216
20241104,512100.SH,SELL,101000,2.39952,242351.52,72.70545599999998
20241105,512100.SH,SELL,110000,2.4635072,270985.792,81.2957376
20241107,512100.SH,BUY,109500,2.5315062,277199.9289,83.15997866999999
20241108,512100.SH,BUY,94000,2.620524,246329.256,73.8987768
20241111,512100.SH,SELL,91000,2.594481,236097.771,70.82933129999999
20241112,512100.SH,SELL,59000,2.669466,157498.494,47.2495482
20241113,512100.SH,SELL,177600,2.6234752,465929.19552,139.77875865599998
20241114,512100.SH,SELL,152900,2.6204758,400670.74981999997,120.20122494599998
20241115,512100.SH,SELL,422800,2.5424914000000003,1074965.3639200001,322.48960917600004
20241118,512100.SH,BUY,86500,2.495499,215860.66350000002,64.75819905
20241119,512100.SH,BUY,175800,2.4244847999999997,426224.42783999996,127.86732835199997
20241120,512100.SH,BUY,204500,2.4814961999999996,507465.97289999994,152.23979186999998
20241121,512100.SH,BUY,200200,2.5335066,507208.02132,152.162406396
20241122,512100.SH,BUY,126200,2.5385076,320359.65912,96.107897736
20241125,512100.SH,BUY,102000,2.4614922,251072.2044,75.32166131999999
20241127,512100.SH,SELL,127400,2.4225154,308628.46196,92.58853858799999
20241129,512100.SH,SELL,94100,2.4685061999999998,232286.43342,69.685930026
20241202,512100.SH,BUY,127400,2.5145028,320347.65671999997,96.10429701599999
20241203,512100.SH,BUY,141000,2.5655129999999997,361737.333,108.52119989999998
20241205,512100.SH,SELL,96300,2.514497,242146.0611,72.64381832999999
20241206,512100.SH,SELL,55100,2.5504898000000003,140531.98798,42.159596394
20241210,512100.SH,BUY,36700,2.645529,97090.91429999999,29.127274289999995
20241211,512100.SH,SELL,58200,2.5784842,150067.78044,45.020334131999995
20241213,512100.SH,BUY,72200,2.620524,189201.8328,56.760549839999996
20241217,512100.SH,SELL,113600,2.5424914000000003,288827.02304000006,86.648106912
20241218,512100.SH,SELL,314000,2.4995000000000003,784843.0000000001,235.45290000000003
20241219,512100.SH,SELL,52500,2.4925014,130856.3235,39.25689705
20241220,512100.SH,SELL,108000,2.5154968,271673.6544,81.50209631999999
20241223,512100.SH,BUY,136100,2.5435086,346171.52046,103.851456138
20241224,512100.SH,SELL,173000,2.479504,428954.192,128.68625759999998
20241226,512100.SH,SELL,216400,2.474505,535482.882,160.64486459999998
20241227,512100.SH,BUY,241600,2.5035006,604845.74496,181.453723488
20241230,512100.SH,SELL,44900,2.5014996,112317.33204,33.695199611999996
20250102,512100.SH,SELL,196700,2.4155168,475132.15455999994,142.53964636799998
20250107,512100.SH,BUY,48900,2.2764551999999996,111318.65927999998,33.39559778399999
20250108,512100.SH,BUY,132400,2.3024604,304845.75696,91.453727088
20250109,512100.SH,BUY,218900,2.2844567999999996,500067.59351999994,150.02027805599997
20250110,512100.SH,BUY,302100,2.3024604,695573.2868400001,208.671986052
20250113,512100.SH,SELL,69300,2.2365526,154993.09518,46.497928554
20250114,512100.SH,SELL,206400,2.2625474,466989.78336,140.09693500799997
20250115,512100.SH,SELL,59500,2.319536,138012.392,41.40371759999999
20250116,512100.SH,BUY,137500,2.3184636,318788.745,95.63662349999998
20250117,512100.SH,BUY,237900,2.310462,549658.9097999999,164.89767293999995
20250120,512100.SH,SELL,131800,2.3475304,309404.50672,92.82135201599999
20250121,512100.SH,SELL,75300,2.359528,177672.4584,53.301737519999996
20250122,512100.SH,SELL,148100,2.3535292,348557.67452,104.56730235599998
20250123,512100.SH,SELL,59400,2.3605278000000003,140215.35132000002,42.064605396000005
20250124,512100.SH,SELL,139100,2.3285342000000004,323899.10722000006,97.16973216600002
20250205,512100.SH,SELL,188800,2.3535292,444346.31296,133.303893888
20250206,512100.SH,BUY,82800,2.3474694,194370.46632,58.311139896
20250207,512100.SH,BUY,145000,2.4164832,350390.064,105.1170192
20250210,512100.SH,BUY,339500,2.455491,833639.1945,250.09175834999996
20250211,512100.SH,BUY,271400,2.480496,673206.6144,201.96198431999997
20250212,512100.SH,BUY,73500,2.4734946,181801.8531,54.54055593
20250214,512100.SH,SELL,182200,2.4855028000000003,452858.61016000004,135.857583048
20250219,512100.SH,SELL,123900,2.4525094,303865.91465999995,91.15977439799998
20250224,512100.SH,BUY,144400,2.580516,372626.51039999997,111.78795311999998
20250225,512100.SH,SELL,52400,2.5524894,133750.44456,40.125133368
20250226,512100.SH,SELL,155200,2.5754848,399715.24095999997,119.91457228799997
20250227,512100.SH,SELL,96800,2.6074784,252403.90912000003,75.721172736
20250228,512100.SH,SELL,53300,2.5854828,137806.23324,41.341869972
20250303,512100.SH,SELL,115000,2.5134971999999998,289052.17799999996,86.71565339999998
20250304,512100.SH,SELL,277800,2.4915016,692139.14448,207.641743344
20250306,512100.SH,BUY,48800,2.5725144,125538.70272000002,37.661610816
20250307,512100.SH,BUY,172500,2.6085216,449969.976,134.9909928
20250312,512100.SH,SELL,58900,2.6264746,154699.35394,46.409806182
20250313,512100.SH,BUY,133300,2.6225243999999996,349582.50252,104.87475075599998
20250317,512100.SH,BUY,102000,2.6305259999999997,268313.65199999994,80.49409559999998
20250319,512100.SH,BUY,104400,2.6355269999999997,275149.01879999996,82.54470563999998
20250320,512100.SH,SELL,114600,2.6204758,300306.52668,90.09195800399999
20250324,512100.SH,SELL,59700,2.5584882,152741.74554,45.822523661999995
20250325,512100.SH,SELL,61300,2.5354928,155425.70864,46.627712591999995
20250326,512100.SH,SELL,266500,2.5184962,671179.2373,201.35377119
20250410,512100.SH,BUY,193400,2.2954589999999997,443941.77059999993,133.18253117999996
20250411,512100.SH,BUY,332300,2.2974594,763445.7586200001,229.033727586
20250416,512100.SH,SELL,199200,2.3525294000000003,468623.8564800001,140.58715694400001
20250417,512100.SH,SELL,87900,2.3225354,204150.86166,61.24525849799999
20250422,512100.SH,BUY,199600,2.3774754,474544.08984,142.363226952
20250425,512100.SH,SELL,191800,2.3705258000000002,454666.84844000003,136.40005453199998
20250428,512100.SH,SELL,246400,2.374525,585082.9600000001,175.524888
20250507,512100.SH,BUY,212300,2.4674934,523848.84882,157.15465464599998
20250508,512100.SH,BUY,212100,2.4394878,517415.36238000006,155.224608714
20250509,512100.SH,BUY,120400,2.465493,296845.35719999997,89.05360715999998
20250512,512100.SH,SELL,175900,2.4515096,431220.53864,129.366161592
20250513,512100.SH,SELL,118100,2.4875024,293774.03343999997,88.13221003199999
20250514,512100.SH,SELL,95400,2.4615076000000005,234827.82504000005,70.44834751200001
20250515,512100.SH,BUY,179700,2.4624924,442509.88428,132.752965284
20250516,512100.SH,BUY,109000,2.4234846,264159.8214,79.24794641999999
20250519,512100.SH,BUY,162200,2.4234846,393089.20212000003,117.926760636
20250520,512100.SH,BUY,130400,2.4394878,318109.20912,95.432762736
20250521,512100.SH,BUY,85800,2.4584916000000003,210938.57928000003,63.281573784
20250522,512100.SH,SELL,77600,2.44951,190081.976,57.02459279999999
20250523,512100.SH,SELL,297500,2.4275144,722185.5340000001,216.6556602
20250526,512100.SH,SELL,447400,2.4005197999999996,1073992.5585199997,322.1977675559999
20250527,512100.SH,BUY,46400,2.4084816,111753.54624,33.526063871999995
20250528,512100.SH,BUY,215900,2.4084816,519991.17744,155.997353232
20250529,512100.SH,BUY,152200,2.4074814,366418.66908,109.92560072399999
20250530,512100.SH,BUY,197500,2.4374873999999997,481403.76149999996,144.42112844999997
20250603,512100.SH,SELL,144100,2.4135172000000003,347787.82852000004,104.336348556
20250605,512100.SH,SELL,67400,2.4585082000000003,165703.45268000002,49.711035804
20250606,512100.SH,BUY,58700,2.4794958,145546.40346,43.663921038
20250609,512100.SH,SELL,110100,2.4765045999999997,272663.15645999997,81.79894693799999
20250611,512100.SH,BUY,61500,2.4764952,152304.4548,45.69133644
20250612,512100.SH,BUY,65200,2.4774954,161532.70008,48.459810024
20250613,512100.SH,BUY,61400,2.4844968,152548.10352,45.764431056
20250616,512100.SH,SELL,120000,2.4505098000000003,294061.17600000004,88.2183528
20250618,512100.SH,SELL,417200,2.4685061999999998,1029860.78664,308.95823599199997
20250619,512100.SH,BUY,46900,2.4624924,115490.89356,34.647268067999995
20250620,512100.SH,SELL,46900,2.4335132,114131.76908000001,34.239530724
20250624,512100.SH,BUY,151500,2.4494898,371097.7047,111.32931140999999
20250625,512100.SH,BUY,174400,2.4964992,435389.46048,130.61683814399998
20250626,512100.SH,BUY,241200,2.5285056,609875.5507199999,182.96266521599998
20250630,512100.SH,SELL,83500,2.5324934,211463.1989,63.43895966999999
20250702,512100.SH,SELL,98200,2.5624874,251636.26268,75.490878804
20250704,512100.SH,SELL,97600,2.54949,248830.22400000002,74.6490672
20250707,512100.SH,SELL,135400,2.5424914000000003,344253.33556000004,103.276000668
20250708,512100.SH,BUY,79700,2.5495098,203195.93106,60.958779318
20250709,512100.SH,BUY,46600,2.5885176,120624.92016,36.18747604799999
20250710,512100.SH,BUY,162800,2.5775154,419619.50711999997,125.88585213599998
20250711,512100.SH,BUY,80300,2.585517,207617.0151,62.28510452999999
20250714,512100.SH,BUY,44900,2.6115222,117257.34678,35.177204034
20250716,512100.SH,SELL,104700,2.5984802000000005,272060.87694000005,81.61826308200001
20250718,512100.SH,BUY,40900,2.6415281999999998,108038.50338,32.411551014
20250721,512100.SH,BUY,93400,2.6465292,247185.82727999997,74.15574818399999
20250722,512100.SH,BUY,96800,2.670534,258507.6912,77.55230736
20250723,512100.SH,BUY,110700,2.685537,297288.9459,89.18668376999999
20250724,512100.SH,SELL,49800,2.6714656000000003,133038.98688,39.911696064
20250725,512100.SH,SELL,94800,2.7114576,257046.18048,77.113854144
20250728,512100.SH,SELL,305400,2.7084582,827163.13428,248.148940284
20250729,512100.SH,SELL,107600,2.7114576,291752.83776,87.525851328
20250730,512100.SH,SELL,121600,2.7354528000000005,332631.06048000004,99.789318144
20250731,512100.SH,BUY,114300,2.7065411999999998,309357.65916,92.80729774799998
20250801,512100.SH,BUY,92100,2.6915381999999997,247890.66821999996,74.36720046599999
20250806,512100.SH,SELL,52600,2.7404518,144147.76468000002,43.244329404000005
20250807,512100.SH,BUY,73100,2.7745547999999998,202819.95588,60.845986763999996
20250814,512100.SH,BUY,161700,2.8575714000000003,462069.29538,138.620788614
20250815,512100.SH,SELL,94500,2.809438,265491.891,79.64756729999999
20250818,512100.SH,BUY,66300,2.8865772,191380.06836,57.41402050799999
20250820,512100.SH,BUY,174100,2.9135826,507254.73065999994,152.17641919799996
20250822,512100.SH,SELL,295800,2.9264146,865633.43868,259.69003160399996
20250825,512100.SH,SELL,118800,2.9944010000000003,355734.8388,106.72045164
20250827,512100.SH,BUY,159000,3.020604,480276.036,144.0828108
20250828,512100.SH,SELL,80900,2.9504098,238688.15282000002,71.606445846
20250901,512100.SH,SELL,89800,3.014397,270692.8506,81.20785518
20250902,512100.SH,BUY,158800,3.0286056,480942.56928,144.28277078399998
20250903,512100.SH,SELL,52000,2.9604078,153941.20560000002,46.18236168
20250904,512100.SH,SELL,67100,2.9104178000000003,195289.03438000003,58.586710314
20250905,512100.SH,SELL,272500,2.844431,775107.4475,232.53223425
20250908,512100.SH,BUY,48000,2.9285856,140572.1088,42.17163263999999
20250909,512100.SH,BUY,54700,2.9445888,161069.00736,48.32070220799999
20250910,512100.SH,BUY,49100,2.915583,143155.12529999999,42.94653758999999
20250912,512100.SH,BUY,55800,3.0006,167433.48,50.230044
20250915,512100.SH,BUY,106800,3.0016002,320570.90136,96.171270408
20250922,512100.SH,SELL,109900,3.0063986000000003,330403.20614,99.120961842
20250923,512100.SH,SELL,94600,3.0283942,286486.09132,85.945827396
20250925,512100.SH,BUY,101400,3.0466092,308926.17287999997,92.67785186399998
20250929,512100.SH,SELL,94300,2.9914016,282089.17088,84.62675126399999
20250930,512100.SH,SELL,117000,3.0423914,355959.7938,106.78793813999998
20251009,512100.SH,BUY,49400,3.0746148,151885.97112,45.565791336
20251010,512100.SH,BUY,110300,3.080616,339791.9448,101.93758344
20251014,512100.SH,SELL,53600,3.0523894,163608.07184,49.08242155199999
20251015,512100.SH,SELL,106100,2.9774044,315902.60684,94.770782052
20251022,512100.SH,BUY,145200,2.9535905999999996,428861.35511999996,128.65840653599997
20251023,512100.SH,BUY,186700,2.9495897999999996,550688.4156599999,165.20652469799998
20251027,512100.SH,SELL,103800,3.0273944,314243.53872,94.27306161599999
20251028,512100.SH,SELL,63300,3.0253948,191507.49083999998,57.45224725199999
20251029,512100.SH,BUY,70400,3.0316062,213425.07648000002,64.027522944
20251030,512100.SH,BUY,99800,3.0616122,305548.89756,91.664669268
20251103,512100.SH,SELL,126900,3.034393,385064.4717,115.51934150999999
20251104,512100.SH,SELL,46100,3.0393920000000003,140115.97120000003,42.03479136000001
20251105,512100.SH,BUY,56500,2.9785956000000002,168290.6514,50.48719542
20251106,512100.SH,BUY,164000,3.0236046,495871.1544,148.76134631999997
20251107,512100.SH,BUY,55100,3.0476094000000002,167923.27794,50.376983382
20251110,512100.SH,BUY,63700,3.0696138,195534.39906,58.660319718
20251111,512100.SH,SELL,54500,3.0673864,167172.5588,50.151767639999996
20251114,512100.SH,BUY,138700,3.0536106,423535.79021999997,127.06073706599997
20251118,512100.SH,BUY,116700,3.035607,354255.3369,106.27660106999998
20251119,512100.SH,SELL,172700,3.0113976,520068.36552,156.02050965599997
20251120,512100.SH,SELL,77800,3.0073984,233975.59552,70.192678656
20251121,512100.SH,SELL,451700,2.9434112,1329538.83904,398.86165171199997
20251126,512100.SH,BUY,147300,2.935587,432411.9651,129.72358952999997
20251127,512100.SH,BUY,216800,2.9335866,636001.57488,190.80047246399997
20251128,512100.SH,SELL,61900,2.934413,181640.16470000002,54.49204941
20251201,512100.SH,SELL,81500,2.9754048,242495.49120000002,72.74864735999999
20251203,512100.SH,BUY,110000,2.9645927999999997,326105.208,97.83156239999998
20251205,512100.SH,SELL,127500,2.9334132000000004,374010.1830000001,112.20305490000001
20251208,512100.SH,SELL,60100,2.984403,179362.62029999998,53.80878608999999
20251209,512100.SH,BUY,106500,3.0016002,319670.4213,95.90112638999999
20251210,512100.SH,BUY,162900,2.9825964000000003,485864.95356000005,145.759486068
20251211,512100.SH,BUY,67500,3.0046008,202810.554,60.8431662
20251212,512100.SH,SELL,187300,2.9684062,555982.48126,166.794744378
20251216,512100.SH,SELL,70800,2.9624074,209738.44392,62.92153317599999
20251218,512100.SH,SELL,221900,2.934413,651146.2447,195.34387341
20251222,512100.SH,BUY,189900,2.9865972000000003,567154.80828,170.14644248399998
20251223,512100.SH,BUY,215100,2.9995998,645213.91698,193.56417509399998
20251225,512100.SH,BUY,39400,3.0446088,119957.58671999999,35.987276015999996
20251226,512100.SH,BUY,79900,3.0696138,245262.14262,73.57864278599999
20251229,512100.SH,BUY,132300,3.0826163999999996,407830.1497199999,122.34904491599997
20251231,512100.SH,SELL,104800,3.0863826000000003,323452.89648000005,97.035868944
20260105,512100.SH,SELL,136800,3.089382,422627.4576,126.78823727999999
20260107,512100.SH,BUY,136600,3.195639,436524.2874,130.95728622
20260108,512100.SH,BUY,105500,3.1966392,337245.43559999997,101.17363067999999
20260109,512100.SH,BUY,116200,3.2266452,374936.17224,112.48085167199999
20260113,512100.SH,BUY,75600,3.4086816,257696.32895999998,77.30889868799999
20260114,512100.SH,SELL,73800,3.3183362,244893.21156,73.467963468
20260115,512100.SH,SELL,79900,3.3173364000000003,265055.17836,79.516553508
20260116,512100.SH,SELL,312200,3.3663266000000003,1050967.16452,315.29014935600003
20260119,512100.SH,SELL,383000,3.2753448,1254457.0584,376.33711751999994
20260122,512100.SH,BUY,90000,3.315663,298409.67,89.52290099999999
20260123,512100.SH,BUY,66800,3.3436686,223357.06248,67.007118744
20260126,512100.SH,BUY,151100,3.4066812,514749.52932,154.42485879599997
20260129,512100.SH,SELL,62100,3.3563286000000003,208428.00606,62.528401818
20260130,512100.SH,BUY,77700,3.3216642000000003,258093.30834000002,77.427992502
20260202,512100.SH,SELL,96100,3.2733452,314568.47372,94.370542116
20260203,512100.SH,SELL,227400,3.214357,730944.7818,219.28343453999997
20260205,512100.SH,BUY,99000,3.2596518,322705.5282,96.81165845999999
20260206,512100.SH,BUY,75500,3.190638,240893.169,72.26795069999999
20260209,512100.SH,SELL,174500,3.2613476,569105.1562,170.73154685999998
20260210,512100.SH,BUY,51400,3.3006599999999997,169653.924,50.8961772
20260211,512100.SH,BUY,125900,3.2956589999999997,414923.46809999994,124.47704042999997
20260212,512100.SH,BUY,56700,3.3016602,187204.13334,56.16124000199999
20260224,512100.SH,SELL,234000,3.3203358,776958.5772,233.08757316
20260225,512100.SH,BUY,75200,3.3286656,250315.65312,75.094695936
20260226,512100.SH,BUY,51200,3.3786756000000002,172988.19072,51.896457216
20260227,512100.SH,BUY,129000,3.3836766,436494.2814,130.94828442
20260302,512100.SH,BUY,99900,3.3966792,339328.25208,101.79847562399999
20260304,512100.SH,BUY,61700,3.2356469999999997,199639.41989999998,59.891825969999985
20260305,512100.SH,SELL,154600,3.2843430000000002,507759.42780000006,152.32782834
20260306,512100.SH,SELL,262400,3.244351,851317.7024,255.39531071999997
20260311,512100.SH,BUY,54800,3.3466692,183397.47216,55.019241648
20260312,512100.SH,BUY,38800,3.3326664,129307.45632,38.792236896
20260313,512100.SH,BUY,67600,3.320664,224476.8864,67.34306591999999
20260316,512100.SH,SELL,69800,3.2833432,229177.35536,68.75320660799999
20260317,512100.SH,SELL,91400,3.2843430000000002,300188.9502,90.05668505999999
20260326,512100.SH,BUY,246900,3.0866171999999996,762085.7866799999,228.62573600399995
20260327,512100.SH,BUY,130100,3.0166032,392460.07632,117.73802289599999
20260331,512100.SH,SELL,150900,3.104379,468450.79110000003,140.53523733
20260401,512100.SH,SELL,39600,3.1003798000000002,122775.04008,36.832512023999996
20260402,512100.SH,SELL,186500,3.089382,576169.743,172.8509229
20260409,512100.SH,BUY,111200,3.1566312,351017.38944,105.30521683199999
20260410,512100.SH,BUY,119900,3.1866372,382077.80027999997,114.62334008399998
20260415,512100.SH,BUY,45400,3.2836566,149078.00964,44.723402891999996
20260420,512100.SH,BUY,46900,3.3296658,156161.32602,46.848397806
20260421,512100.SH,BUY,189500,3.3376674,632487.9723,189.74639169
20260423,512100.SH,SELL,124500,3.4003197999999997,423339.81509999995,127.00194452999997
20260424,512100.SH,SELL,174900,3.3283342000000005,582125.6515800001,174.637695474
20260427,512100.SH,SELL,213500,3.3223354,709318.6079000001,212.79558237
20260506,512100.SH,BUY,63000,3.3836766,213171.62579999998,63.95148773999999
20260507,512100.SH,BUY,142600,3.4486896,491783.13696,147.53494108799998
20260508,512100.SH,BUY,144600,3.4726944,502151.61024,150.645483072
20260511,512100.SH,BUY,102600,3.525705,361737.333,108.52119989999998
20260512,512100.SH,BUY,41000,3.555711,145784.151,43.7352453
20260513,512100.SH,SELL,74800,3.509298,262495.4904,78.74864712
20260515,512100.SH,SELL,98200,3.5252947999999997,346183.94935999997,103.85518480799998
20260518,512100.SH,SELL,114100,3.4723053999999998,396190.04614,118.85701384199999
20260519,512100.SH,SELL,206700,3.4993,723305.3099999999,216.99159299999997
20260520,512100.SH,BUY,92500,3.5177034,325387.5645,97.61626934999998
20260521,512100.SH,BUY,96600,3.555711,343481.6826,103.04450478
20260522,512100.SH,SELL,54300,3.4453108,187080.37644,56.124112931999996
20260527,512100.SH,BUY,39600,3.4916982,138271.24872,41.481374616
20260528,512100.SH,SELL,174400,3.4363126,599292.91744,179.78787523199998
20260617,512100.SH,BUY,134500,3.475695,467480.9775,140.24429324999997
20260618,512100.SH,BUY,120900,3.5017001999999997,423355.55418,127.00666625399998
20260625,512100.SH,SELL,39900,3.5482902,141576.77898,42.473033693999994
20260626,512100.SH,SELL,70800,3.54929,251289.73200000002,75.3869196
20260629,512100.SH,SELL,144700,3.4733052000000004,502587.2624400001,150.776178732
20260702,512100.SH,BUY,87600,3.5637126,312181.22376,93.654367128
20260707,512100.SH,SELL,87600,3.4103178,298743.83928,89.623151784
20260724,512100.SH,BUY,95200,2.8865772,274802.14944,82.44064483199999
20260727,512100.SH,SELL,95200,2.829434,269362.1168,80.80863504
20260728,512100.SH,BUY,183300,2.8915782,530026.28406,159.00788521799998
20260729,512100.SH,SELL,42200,2.8484302,120203.75444,36.061126332
20260730,512100.SH,BUY,96100,2.860572,274900.9692,82.47029076
20260731,512100.SH,SELL,237200,2.8764246,682287.91512,204.686374536
20260803,512100.SH,BUY,83700,2.85057,238592.70899999997,71.57781269999998
20260805,512100.SH,BUY,245700,2.930586,720044.9802,216.01349405999997
20260806,512100.SH,BUY,223300,3.0006,670033.98,201.01019399999998
