trade_date,code,asset_type,side,target_shares,order_shares,reason
20230103,512100.SH,ETF,BUY,464000,464000,timing
20230104,512100.SH,ETF,BUY,553000,89000,timing
20230106,512100.SH,ETF,SELL,438600,114400,timing
20230109,512100.SH,ETF,SELL,0,438600,timing
20230112,512100.SH,ETF,BUY,40800,40800,timing
20230113,512100.SH,ETF,BUY,77600,36800,timing
20230117,512100.SH,ETF,BUY,123800,46200,timing
20230119,512100.SH,ETF,BUY,192400,68600,timing
20230120,512100.SH,ETF,SELL,121800,70600,timing
20230130,512100.SH,ETF,SELL,69700,52100,timing
20230131,512100.SH,ETF,BUY,156700,87000,timing
20230201,512100.SH,ETF,BUY,304000,147300,timing
20230202,512100.SH,ETF,BUY,527700,223700,timing
20230206,512100.SH,ETF,SELL,460200,67500,timing
20230207,512100.SH,ETF,SELL,330800,129400,timing
20230213,512100.SH,ETF,SELL,222100,108700,timing
20230214,512100.SH,ETF,BUY,263200,41100,timing
20230215,512100.SH,ETF,SELL,187400,75800,timing
20230216,512100.SH,ETF,BUY,229900,42500,timing
20230217,512100.SH,ETF,SELL,0,229900,timing
20230227,512100.SH,ETF,BUY,42600,42600,timing
20230228,512100.SH,ETF,SELL,0,42600,timing
20230303,512100.SH,ETF,BUY,64800,64800,timing
20230306,512100.SH,ETF,SELL,0,64800,timing
20230309,512100.SH,ETF,BUY,73700,73700,timing
20230310,512100.SH,ETF,BUY,185900,112200,timing
20230316,512100.SH,ETF,BUY,263500,77600,timing
20230317,512100.SH,ETF,BUY,300900,37400,timing
20230320,512100.SH,ETF,BUY,379700,78800,timing
20230322,512100.SH,ETF,BUY,451400,71700,timing
20230323,512100.SH,ETF,SELL,362700,88700,timing
20230324,512100.SH,ETF,SELL,289500,73200,timing
20230327,512100.SH,ETF,SELL,0,289500,timing
20230328,512100.SH,ETF,BUY,37700,37700,timing
20230329,512100.SH,ETF,SELL,0,37700,timing
20230406,512100.SH,ETF,BUY,71700,71700,timing
20230407,512100.SH,ETF,BUY,160500,88800,timing
20230410,512100.SH,ETF,BUY,192500,32000,timing
20230411,512100.SH,ETF,SELL,115300,77200,timing
20230412,512100.SH,ETF,SELL,0,115300,timing
20230508,512100.SH,ETF,BUY,47600,47600,timing
20230509,512100.SH,ETF,BUY,135700,88100,timing
20230510,512100.SH,ETF,SELL,0,135700,timing
20230525,512100.SH,ETF,BUY,146000,146000,timing
20230526,512100.SH,ETF,BUY,315500,169500,timing
20230529,512100.SH,ETF,BUY,394900,79400,timing
20230531,512100.SH,ETF,SELL,334100,60800,timing
20230602,512100.SH,ETF,SELL,298000,36100,timing
20230605,512100.SH,ETF,SELL,197400,100600,timing
20230606,512100.SH,ETF,SELL,117000,80400,timing
20230607,512100.SH,ETF,SELL,0,117000,timing
20230608,512100.SH,ETF,BUY,61100,61100,timing
20230612,512100.SH,ETF,BUY,159200,98100,timing
20230613,512100.SH,ETF,BUY,211800,52600,timing
20230614,512100.SH,ETF,BUY,291800,80000,timing
20230616,512100.SH,ETF,SELL,151300,140500,timing
20230619,512100.SH,ETF,SELL,0,151300,timing
20230620,512100.SH,ETF,BUY,36400,36400,timing
20230626,512100.SH,ETF,SELL,0,36400,timing
20230629,512100.SH,ETF,BUY,49600,49600,timing
20230630,512100.SH,ETF,BUY,128600,79000,timing
20230705,512100.SH,ETF,SELL,69900,58700,timing
20230706,512100.SH,ETF,SELL,0,69900,timing
20230711,512100.SH,ETF,BUY,52900,52900,timing
20230713,512100.SH,ETF,BUY,90600,37700,timing
20230718,512100.SH,ETF,SELL,46000,44600,timing
20230719,512100.SH,ETF,SELL,0,46000,timing
20230727,512100.SH,ETF,BUY,69100,69100,timing
20230728,512100.SH,ETF,BUY,140100,71000,timing
20230731,512100.SH,ETF,SELL,0,140100,timing
20230822,512100.SH,ETF,BUY,121300,121300,timing
20230823,512100.SH,ETF,SELL,82800,38500,timing
20230825,512100.SH,ETF,SELL,0,82800,timing
20230831,512100.SH,ETF,BUY,107800,107800,timing
20230904,512100.SH,ETF,SELL,0,107800,timing
20230905,512100.SH,ETF,BUY,41700,41700,timing
20230906,512100.SH,ETF,SELL,0,41700,timing
20230907,512100.SH,ETF,BUY,183300,183300,timing
20230908,512100.SH,ETF,SELL,108300,75000,timing
20230912,512100.SH,ETF,SELL,0,108300,timing
20230918,512100.SH,ETF,BUY,43800,43800,timing
20230919,512100.SH,ETF,BUY,83700,39900,timing
20230920,512100.SH,ETF,SELL,44500,39200,timing
20230921,512100.SH,ETF,SELL,0,44500,timing
20230926,512100.SH,ETF,BUY,98400,98400,timing
20230927,512100.SH,ETF,BUY,229700,131300,timing
20230928,512100.SH,ETF,BUY,389000,159300,timing
20231009,512100.SH,ETF,BUY,431700,42700,timing
20231010,512100.SH,ETF,BUY,522600,90900,timing
20231012,512100.SH,ETF,SELL,419400,103200,timing
20231013,512100.SH,ETF,SELL,233400,186000,timing
20231017,512100.SH,ETF,BUY,352300,118900,timing
20231018,512100.SH,ETF,BUY,395700,43400,timing
20231020,512100.SH,ETF,SELL,257400,138300,timing
20231024,512100.SH,ETF,SELL,151100,106300,timing
20231025,512100.SH,ETF,BUY,222300,71200,timing
20231026,512100.SH,ETF,BUY,380300,158000,timing
20231027,512100.SH,ETF,BUY,547600,167300,timing
20231030,512100.SH,ETF,BUY,647700,100100,timing
20231031,512100.SH,ETF,SELL,596900,50800,timing
20231101,512100.SH,ETF,SELL,467000,129900,timing
20231102,512100.SH,ETF,SELL,323600,143400,timing
20231103,512100.SH,ETF,SELL,244700,78900,timing
20231107,512100.SH,ETF,BUY,327100,82400,timing
20231108,512100.SH,ETF,BUY,477700,150600,timing
20231109,512100.SH,ETF,BUY,636600,158900,timing
20231110,512100.SH,ETF,SELL,530000,106600,timing
20231113,512100.SH,ETF,SELL,378700,151300,timing
20231114,512100.SH,ETF,SELL,248600,130100,timing
20231115,512100.SH,ETF,BUY,337600,89000,timing
20231116,512100.SH,ETF,BUY,476100,138500,timing
20231122,512100.SH,ETF,BUY,593600,117500,timing
20231123,512100.SH,ETF,BUY,680200,86600,timing
20231124,512100.SH,ETF,SELL,507100,173100,timing
20231127,512100.SH,ETF,SELL,389200,117900,timing
20231128,512100.SH,ETF,SELL,241200,148000,timing
20231130,512100.SH,ETF,SELL,0,241200,timing
20231205,512100.SH,ETF,BUY,153400,153400,timing
20231206,512100.SH,ETF,BUY,331000,177600,timing
20231208,512100.SH,ETF,SELL,270100,60900,timing
20231211,512100.SH,ETF,SELL,0,270100,timing
20231214,512100.SH,ETF,BUY,120900,120900,timing
20231215,512100.SH,ETF,BUY,273300,152400,timing
20231218,512100.SH,ETF,BUY,337000,63700,timing
20231219,512100.SH,ETF,SELL,233400,103600,timing
20231220,512100.SH,ETF,SELL,0,233400,timing
20231228,512100.SH,ETF,BUY,74000,74000,timing
20231229,512100.SH,ETF,BUY,214700,140700,timing
20240102,512100.SH,ETF,BUY,376800,162100,timing
20240103,512100.SH,ETF,BUY,580400,203600,timing
20240105,512100.SH,ETF,SELL,396700,183700,timing
20240108,512100.SH,ETF,SELL,0,396700,timing
20240112,512100.SH,ETF,BUY,62900,62900,timing
20240118,512100.SH,ETF,BUY,151900,89000,timing
20240119,512100.SH,ETF,BUY,247800,95900,timing
20240123,512100.SH,ETF,SELL,155300,92500,timing
20240125,512100.SH,ETF,BUY,343800,188500,timing
20240126,512100.SH,ETF,BUY,673900,330100,timing
20240129,512100.SH,ETF,BUY,733800,59900,timing
20240130,512100.SH,ETF,SELL,487100,246700,timing
20240131,512100.SH,ETF,SELL,0,487100,timing
20240208,512100.SH,ETF,BUY,122000,122000,timing
20240219,512100.SH,ETF,BUY,361300,239300,timing
20240220,512100.SH,ETF,BUY,521800,160500,timing
20240221,512100.SH,ETF,BUY,691600,169800,timing
20240222,512100.SH,ETF,BUY,813200,121600,timing
20240223,512100.SH,ETF,BUY,867900,54700,timing
20240226,512100.SH,ETF,BUY,943600,75700,timing
20240227,512100.SH,ETF,BUY,1009400,65800,timing
20240229,512100.SH,ETF,SELL,839200,170200,timing
20240301,512100.SH,ETF,SELL,763300,75900,timing
20240304,512100.SH,ETF,SELL,627200,136100,timing
20240305,512100.SH,ETF,BUY,684100,56900,timing
20240306,512100.SH,ETF,SELL,528500,155600,timing
20240308,512100.SH,ETF,SELL,442500,86000,timing
20240313,512100.SH,ETF,BUY,501900,59400,timing
20240314,512100.SH,ETF,BUY,599600,97700,timing
20240315,512100.SH,ETF,SELL,460900,138700,timing
20240319,512100.SH,ETF,BUY,588100,127200,timing
20240320,512100.SH,ETF,BUY,735700,147600,timing
20240321,512100.SH,ETF,BUY,821900,86200,timing
20240325,512100.SH,ETF,SELL,778100,43800,timing
20240326,512100.SH,ETF,SELL,502900,275200,timing
20240327,512100.SH,ETF,SELL,311500,191400,timing
20240328,512100.SH,ETF,SELL,0,311500,timing
20240329,512100.SH,ETF,BUY,164200,164200,timing
20240401,512100.SH,ETF,BUY,226300,62100,timing
20240402,512100.SH,ETF,BUY,482200,255900,timing
20240403,512100.SH,ETF,BUY,577400,95200,timing
20240409,512100.SH,ETF,SELL,350500,226900,timing
20240410,512100.SH,ETF,SELL,0,350500,timing
20240419,512100.SH,ETF,BUY,101500,101500,timing
20240422,512100.SH,ETF,BUY,226700,125200,timing
20240423,512100.SH,ETF,SELL,0,226700,timing
20240426,512100.SH,ETF,BUY,95700,95700,timing
20240429,512100.SH,ETF,BUY,151900,56200,timing
20240430,512100.SH,ETF,BUY,286200,134300,timing
20240507,512100.SH,ETF,BUY,384500,98300,timing
20240509,512100.SH,ETF,BUY,430200,45700,timing
20240513,512100.SH,ETF,SELL,241600,188600,timing
20240514,512100.SH,ETF,SELL,0,241600,timing
20240520,512100.SH,ETF,BUY,175200,175200,timing
20240521,512100.SH,ETF,BUY,284500,109300,timing
20240522,512100.SH,ETF,SELL,224700,59800,timing
20240523,512100.SH,ETF,SELL,0,224700,timing
20240527,512100.SH,ETF,BUY,65400,65400,timing
20240528,512100.SH,ETF,SELL,0,65400,timing
20240613,512100.SH,ETF,BUY,175700,175700,timing
20240618,512100.SH,ETF,SELL,0,175700,timing
20240619,512100.SH,ETF,BUY,94100,94100,timing
20240620,512100.SH,ETF,BUY,225400,131300,timing
20240624,512100.SH,ETF,SELL,122300,103100,timing
20240625,512100.SH,ETF,SELL,0,122300,timing
20240704,512100.SH,ETF,BUY,95800,95800,timing
20240708,512100.SH,ETF,SELL,0,95800,timing
20240712,512100.SH,ETF,BUY,185700,185700,timing
20240716,512100.SH,ETF,SELL,134100,51600,timing
20240717,512100.SH,ETF,SELL,0,134100,timing
20240729,512100.SH,ETF,BUY,91900,91900,timing
20240730,512100.SH,ETF,BUY,384500,292600,timing
20240731,512100.SH,ETF,BUY,599600,215100,timing
20240801,512100.SH,ETF,BUY,743000,143400,timing
20240805,512100.SH,ETF,SELL,669500,73500,timing
20240806,512100.SH,ETF,SELL,511000,158500,timing
20240807,512100.SH,ETF,SELL,432500,78500,timing
20240809,512100.SH,ETF,SELL,298900,133600,timing
20240812,512100.SH,ETF,SELL,0,298900,timing
20240816,512100.SH,ETF,BUY,178700,178700,timing
20240819,512100.SH,ETF,BUY,271000,92300,timing
20240820,512100.SH,ETF,SELL,197600,73400,timing
20240821,512100.SH,ETF,SELL,0,197600,timing
20240829,512100.SH,ETF,BUY,65000,65000,timing
20240902,512100.SH,ETF,BUY,235900,170900,timing
20240906,512100.SH,ETF,BUY,479100,243200,timing
20240909,512100.SH,ETF,BUY,536200,57100,timing
20240911,512100.SH,ETF,SELL,368500,167700,timing
20240912,512100.SH,ETF,SELL,204800,163700,timing
20240913,512100.SH,ETF,SELL,0,204800,timing
20240918,512100.SH,ETF,BUY,57100,57100,timing
20240920,512100.SH,ETF,BUY,129900,72800,timing
20240923,512100.SH,ETF,BUY,244500,114600,timing
20240924,512100.SH,ETF,BUY,533400,288900,timing
20240925,512100.SH,ETF,BUY,713600,180200,timing
20240926,512100.SH,ETF,BUY,846900,133300,timing
20240927,512100.SH,ETF,BUY,994600,147700,timing
20240930,512100.SH,ETF,BUY,1059600,65000,timing
20241010,512100.SH,ETF,SELL,883500,176100,timing
20241011,512100.SH,ETF,SELL,537500,346000,timing
20241014,512100.SH,ETF,SELL,0,537500,timing
20241017,512100.SH,ETF,BUY,277900,277900,timing
20241021,512100.SH,ETF,BUY,464100,186200,timing
20241022,512100.SH,ETF,BUY,585400,121300,timing
20241023,512100.SH,ETF,BUY,743500,158100,timing
20241029,512100.SH,ETF,BUY,852800,109300,timing
20241030,512100.SH,ETF,BUY,910800,58000,timing
20241104,512100.SH,ETF,SELL,809800,101000,timing
20241105,512100.SH,ETF,SELL,699800,110000,timing
20241107,512100.SH,ETF,BUY,809300,109500,timing
20241108,512100.SH,ETF,BUY,903300,94000,timing
20241111,512100.SH,ETF,SELL,812300,91000,timing
20241112,512100.SH,ETF,SELL,753300,59000,timing
20241113,512100.SH,ETF,SELL,575700,177600,timing
20241114,512100.SH,ETF,SELL,422800,152900,timing
20241115,512100.SH,ETF,SELL,0,422800,timing
20241118,512100.SH,ETF,BUY,86500,86500,timing
20241119,512100.SH,ETF,BUY,262300,175800,timing
20241120,512100.SH,ETF,BUY,466800,204500,timing
20241121,512100.SH,ETF,BUY,667000,200200,timing
20241122,512100.SH,ETF,BUY,793200,126200,timing
20241125,512100.SH,ETF,BUY,895200,102000,timing
20241127,512100.SH,ETF,SELL,767800,127400,timing
20241129,512100.SH,ETF,SELL,673700,94100,timing
20241202,512100.SH,ETF,BUY,801100,127400,timing
20241203,512100.SH,ETF,BUY,942100,141000,timing
20241205,512100.SH,ETF,SELL,845800,96300,timing
20241206,512100.SH,ETF,SELL,790700,55100,timing
20241210,512100.SH,ETF,BUY,827400,36700,timing
20241211,512100.SH,ETF,SELL,769200,58200,timing
20241213,512100.SH,ETF,BUY,841400,72200,timing
20241217,512100.SH,ETF,SELL,727800,113600,timing
20241218,512100.SH,ETF,SELL,413800,314000,timing
20241219,512100.SH,ETF,SELL,361300,52500,timing
20241220,512100.SH,ETF,SELL,253300,108000,timing
20241223,512100.SH,ETF,BUY,389400,136100,timing
20241224,512100.SH,ETF,SELL,216400,173000,timing
20241226,512100.SH,ETF,SELL,0,216400,timing
20241227,512100.SH,ETF,BUY,241600,241600,timing
20241230,512100.SH,ETF,SELL,196700,44900,timing
20250102,512100.SH,ETF,SELL,0,196700,timing
20250107,512100.SH,ETF,BUY,48900,48900,timing
20250108,512100.SH,ETF,BUY,181300,132400,timing
20250109,512100.SH,ETF,BUY,400200,218900,timing
20250110,512100.SH,ETF,BUY,702300,302100,timing
20250113,512100.SH,ETF,SELL,633000,69300,timing
20250114,512100.SH,ETF,SELL,426600,206400,timing
20250115,512100.SH,ETF,SELL,367100,59500,timing
20250116,512100.SH,ETF,BUY,504600,137500,timing
20250117,512100.SH,ETF,BUY,742500,237900,timing
20250120,512100.SH,ETF,SELL,610700,131800,timing
20250121,512100.SH,ETF,SELL,535400,75300,timing
20250122,512100.SH,ETF,SELL,387300,148100,timing
20250123,512100.SH,ETF,SELL,327900,59400,timing
20250124,512100.SH,ETF,SELL,188800,139100,timing
20250205,512100.SH,ETF,SELL,0,188800,timing
20250206,512100.SH,ETF,BUY,82800,82800,timing
20250207,512100.SH,ETF,BUY,227800,145000,timing
20250210,512100.SH,ETF,BUY,567300,339500,timing
20250211,512100.SH,ETF,BUY,838700,271400,timing
20250212,512100.SH,ETF,BUY,912200,73500,timing
20250214,512100.SH,ETF,SELL,730000,182200,timing
20250219,512100.SH,ETF,SELL,606100,123900,timing
20250224,512100.SH,ETF,BUY,750500,144400,timing
20250225,512100.SH,ETF,SELL,698100,52400,timing
20250226,512100.SH,ETF,SELL,542900,155200,timing
20250227,512100.SH,ETF,SELL,446100,96800,timing
20250228,512100.SH,ETF,SELL,392800,53300,timing
20250303,512100.SH,ETF,SELL,277800,115000,timing
20250304,512100.SH,ETF,SELL,0,277800,timing
20250306,512100.SH,ETF,BUY,48800,48800,timing
20250307,512100.SH,ETF,BUY,221300,172500,timing
20250312,512100.SH,ETF,SELL,162400,58900,timing
20250313,512100.SH,ETF,BUY,295700,133300,timing
20250317,512100.SH,ETF,BUY,397700,102000,timing
20250319,512100.SH,ETF,BUY,502100,104400,timing
20250320,512100.SH,ETF,SELL,387500,114600,timing
20250324,512100.SH,ETF,SELL,327800,59700,timing
20250325,512100.SH,ETF,SELL,266500,61300,timing
20250326,512100.SH,ETF,SELL,0,266500,timing
20250410,512100.SH,ETF,BUY,193400,193400,timing
20250411,512100.SH,ETF,BUY,525700,332300,timing
20250416,512100.SH,ETF,SELL,326500,199200,timing
20250417,512100.SH,ETF,SELL,238600,87900,timing
20250422,512100.SH,ETF,BUY,438200,199600,timing
20250425,512100.SH,ETF,SELL,246400,191800,timing
20250428,512100.SH,ETF,SELL,0,246400,timing
20250507,512100.SH,ETF,BUY,212300,212300,timing
20250508,512100.SH,ETF,BUY,424400,212100,timing
20250509,512100.SH,ETF,BUY,544800,120400,timing
20250512,512100.SH,ETF,SELL,368900,175900,timing
20250513,512100.SH,ETF,SELL,250800,118100,timing
20250514,512100.SH,ETF,SELL,155400,95400,timing
20250515,512100.SH,ETF,BUY,335100,179700,timing
20250516,512100.SH,ETF,BUY,444100,109000,timing
20250519,512100.SH,ETF,BUY,606300,162200,timing
20250520,512100.SH,ETF,BUY,736700,130400,timing
20250521,512100.SH,ETF,BUY,822500,85800,timing
20250522,512100.SH,ETF,SELL,744900,77600,timing
20250523,512100.SH,ETF,SELL,447400,297500,timing
20250526,512100.SH,ETF,SELL,0,447400,timing
20250527,512100.SH,ETF,BUY,46400,46400,timing
20250528,512100.SH,ETF,BUY,262300,215900,timing
20250529,512100.SH,ETF,BUY,414500,152200,timing
20250530,512100.SH,ETF,BUY,612000,197500,timing
20250603,512100.SH,ETF,SELL,467900,144100,timing
20250605,512100.SH,ETF,SELL,400500,67400,timing
20250606,512100.SH,ETF,BUY,459200,58700,timing
20250609,512100.SH,ETF,SELL,349100,110100,timing
20250611,512100.SH,ETF,BUY,410600,61500,timing
20250612,512100.SH,ETF,BUY,475800,65200,timing
20250613,512100.SH,ETF,BUY,537200,61400,timing
20250616,512100.SH,ETF,SELL,417200,120000,timing
20250618,512100.SH,ETF,SELL,0,417200,timing
20250619,512100.SH,ETF,BUY,46900,46900,timing
20250620,512100.SH,ETF,SELL,0,46900,timing
20250624,512100.SH,ETF,BUY,151500,151500,timing
20250625,512100.SH,ETF,BUY,325900,174400,timing
20250626,512100.SH,ETF,BUY,567100,241200,timing
20250630,512100.SH,ETF,SELL,483600,83500,timing
20250702,512100.SH,ETF,SELL,385400,98200,timing
20250704,512100.SH,ETF,SELL,287800,97600,timing
20250707,512100.SH,ETF,SELL,152400,135400,timing
20250708,512100.SH,ETF,BUY,232100,79700,timing
20250709,512100.SH,ETF,BUY,278700,46600,timing
20250710,512100.SH,ETF,BUY,441500,162800,timing
20250711,512100.SH,ETF,BUY,521800,80300,timing
20250714,512100.SH,ETF,BUY,566700,44900,timing
20250716,512100.SH,ETF,SELL,462000,104700,timing
20250718,512100.SH,ETF,BUY,502900,40900,timing
20250721,512100.SH,ETF,BUY,596300,93400,timing
20250722,512100.SH,ETF,BUY,693100,96800,timing
20250723,512100.SH,ETF,BUY,803800,110700,timing
20250724,512100.SH,ETF,SELL,754000,49800,timing
20250725,512100.SH,ETF,SELL,659200,94800,timing
20250728,512100.SH,ETF,SELL,353800,305400,timing
20250729,512100.SH,ETF,SELL,246200,107600,timing
20250730,512100.SH,ETF,SELL,124600,121600,timing
20250731,512100.SH,ETF,BUY,238900,114300,timing
20250801,512100.SH,ETF,BUY,331000,92100,timing
20250806,512100.SH,ETF,SELL,278400,52600,timing
20250807,512100.SH,ETF,BUY,351500,73100,timing
20250814,512100.SH,ETF,BUY,513200,161700,timing
20250815,512100.SH,ETF,SELL,418700,94500,timing
20250818,512100.SH,ETF,BUY,485000,66300,timing
20250820,512100.SH,ETF,BUY,659100,174100,timing
20250822,512100.SH,ETF,SELL,363300,295800,timing
20250825,512100.SH,ETF,SELL,244500,118800,timing
20250827,512100.SH,ETF,BUY,403500,159000,timing
20250828,512100.SH,ETF,SELL,322600,80900,timing
20250901,512100.SH,ETF,SELL,232800,89800,timing
20250902,512100.SH,ETF,BUY,391600,158800,timing
20250903,512100.SH,ETF,SELL,339600,52000,timing
20250904,512100.SH,ETF,SELL,272500,67100,timing
20250905,512100.SH,ETF,SELL,0,272500,timing
20250908,512100.SH,ETF,BUY,48000,48000,timing
20250909,512100.SH,ETF,BUY,102700,54700,timing
20250910,512100.SH,ETF,BUY,151800,49100,timing
20250912,512100.SH,ETF,BUY,207600,55800,timing
20250915,512100.SH,ETF,BUY,314400,106800,timing
20250922,512100.SH,ETF,SELL,204500,109900,timing
20250923,512100.SH,ETF,SELL,109900,94600,timing
20250925,512100.SH,ETF,BUY,211300,101400,timing
20250929,512100.SH,ETF,SELL,117000,94300,timing
20250930,512100.SH,ETF,SELL,0,117000,timing
20251009,512100.SH,ETF,BUY,49400,49400,timing
20251010,512100.SH,ETF,BUY,159700,110300,timing
20251014,512100.SH,ETF,SELL,106100,53600,timing
20251015,512100.SH,ETF,SELL,0,106100,timing
20251022,512100.SH,ETF,BUY,145200,145200,timing
20251023,512100.SH,ETF,BUY,331900,186700,timing
20251027,512100.SH,ETF,SELL,228100,103800,timing
20251028,512100.SH,ETF,SELL,164800,63300,timing
20251029,512100.SH,ETF,BUY,235200,70400,timing
20251030,512100.SH,ETF,BUY,335000,99800,timing
20251103,512100.SH,ETF,SELL,208100,126900,timing
20251104,512100.SH,ETF,SELL,162000,46100,timing
20251105,512100.SH,ETF,BUY,218500,56500,timing
20251106,512100.SH,ETF,BUY,382500,164000,timing
20251107,512100.SH,ETF,BUY,437600,55100,timing
20251110,512100.SH,ETF,BUY,501300,63700,timing
20251111,512100.SH,ETF,SELL,446800,54500,timing
20251114,512100.SH,ETF,BUY,585500,138700,timing
20251118,512100.SH,ETF,BUY,702200,116700,timing
20251119,512100.SH,ETF,SELL,529500,172700,timing
20251120,512100.SH,ETF,SELL,451700,77800,timing
20251121,512100.SH,ETF,SELL,0,451700,timing
20251126,512100.SH,ETF,BUY,147300,147300,timing
20251127,512100.SH,ETF,BUY,364100,216800,timing
20251128,512100.SH,ETF,SELL,302200,61900,timing
20251201,512100.SH,ETF,SELL,220700,81500,timing
20251203,512100.SH,ETF,BUY,330700,110000,timing
20251205,512100.SH,ETF,SELL,203200,127500,timing
20251208,512100.SH,ETF,SELL,143100,60100,timing
20251209,512100.SH,ETF,BUY,249600,106500,timing
20251210,512100.SH,ETF,BUY,412500,162900,timing
20251211,512100.SH,ETF,BUY,480000,67500,timing
20251212,512100.SH,ETF,SELL,292700,187300,timing
20251216,512100.SH,ETF,SELL,221900,70800,timing
20251218,512100.SH,ETF,SELL,0,221900,timing
20251222,512100.SH,ETF,BUY,189900,189900,timing
20251223,512100.SH,ETF,BUY,405000,215100,timing
20251225,512100.SH,ETF,BUY,444400,39400,timing
20251226,512100.SH,ETF,BUY,524300,79900,timing
20251229,512100.SH,ETF,BUY,656600,132300,timing
20251231,512100.SH,ETF,SELL,551800,104800,timing
20260105,512100.SH,ETF,SELL,415000,136800,timing
20260107,512100.SH,ETF,BUY,551600,136600,timing
20260108,512100.SH,ETF,BUY,657100,105500,timing
20260109,512100.SH,ETF,BUY,773300,116200,timing
20260113,512100.SH,ETF,BUY,848900,75600,timing
20260114,512100.SH,ETF,SELL,775100,73800,timing
20260115,512100.SH,ETF,SELL,695200,79900,timing
20260116,512100.SH,ETF,SELL,383000,312200,timing
20260119,512100.SH,ETF,SELL,0,383000,timing
20260122,512100.SH,ETF,BUY,90000,90000,timing
20260123,512100.SH,ETF,BUY,156800,66800,timing
20260126,512100.SH,ETF,BUY,307900,151100,timing
20260129,512100.SH,ETF,SELL,245800,62100,timing
20260130,512100.SH,ETF,BUY,323500,77700,timing
20260202,512100.SH,ETF,SELL,227400,96100,timing
20260203,512100.SH,ETF,SELL,0,227400,timing
20260205,512100.SH,ETF,BUY,99000,99000,timing
20260206,512100.SH,ETF,BUY,174500,75500,timing
20260209,512100.SH,ETF,SELL,0,174500,timing
20260210,512100.SH,ETF,BUY,51400,51400,timing
20260211,512100.SH,ETF,BUY,177300,125900,timing
20260212,512100.SH,ETF,BUY,234000,56700,timing
20260224,512100.SH,ETF,SELL,0,234000,timing
20260225,512100.SH,ETF,BUY,75200,75200,timing
20260226,512100.SH,ETF,BUY,126400,51200,timing
20260227,512100.SH,ETF,BUY,255400,129000,timing
20260302,512100.SH,ETF,BUY,355300,99900,timing
20260304,512100.SH,ETF,BUY,417000,61700,timing
20260305,512100.SH,ETF,SELL,262400,154600,timing
20260306,512100.SH,ETF,SELL,0,262400,timing
20260311,512100.SH,ETF,BUY,54800,54800,timing
20260312,512100.SH,ETF,BUY,93600,38800,timing
20260313,512100.SH,ETF,BUY,161200,67600,timing
20260316,512100.SH,ETF,SELL,91400,69800,timing
20260317,512100.SH,ETF,SELL,0,91400,timing
20260326,512100.SH,ETF,BUY,246900,246900,timing
20260327,512100.SH,ETF,BUY,377000,130100,timing
20260331,512100.SH,ETF,SELL,226100,150900,timing
20260401,512100.SH,ETF,SELL,186500,39600,timing
20260402,512100.SH,ETF,SELL,0,186500,timing
20260409,512100.SH,ETF,BUY,111200,111200,timing
20260410,512100.SH,ETF,BUY,231100,119900,timing
20260415,512100.SH,ETF,BUY,276500,45400,timing
20260420,512100.SH,ETF,BUY,323400,46900,timing
20260421,512100.SH,ETF,BUY,512900,189500,timing
20260423,512100.SH,ETF,SELL,388400,124500,timing
20260424,512100.SH,ETF,SELL,213500,174900,timing
20260427,512100.SH,ETF,SELL,0,213500,timing
20260506,512100.SH,ETF,BUY,63000,63000,timing
20260507,512100.SH,ETF,BUY,205600,142600,timing
20260508,512100.SH,ETF,BUY,350200,144600,timing
20260511,512100.SH,ETF,BUY,452800,102600,timing
20260512,512100.SH,ETF,BUY,493800,41000,timing
20260513,512100.SH,ETF,SELL,419000,74800,timing
20260515,512100.SH,ETF,SELL,320800,98200,timing
20260518,512100.SH,ETF,SELL,206700,114100,timing
20260519,512100.SH,ETF,SELL,0,206700,timing
20260520,512100.SH,ETF,BUY,92500,92500,timing
20260521,512100.SH,ETF,BUY,189100,96600,timing
20260522,512100.SH,ETF,SELL,134800,54300,timing
20260527,512100.SH,ETF,BUY,174400,39600,timing
20260528,512100.SH,ETF,SELL,0,174400,timing
20260617,512100.SH,ETF,BUY,134500,134500,timing
20260618,512100.SH,ETF,BUY,255400,120900,timing
20260625,512100.SH,ETF,SELL,215500,39900,timing
20260626,512100.SH,ETF,SELL,144700,70800,timing
20260629,512100.SH,ETF,SELL,0,144700,timing
20260702,512100.SH,ETF,BUY,87600,87600,timing
20260707,512100.SH,ETF,SELL,0,87600,timing
20260724,512100.SH,ETF,BUY,95200,95200,timing
20260727,512100.SH,ETF,SELL,0,95200,timing
20260728,512100.SH,ETF,BUY,183300,183300,timing
20260729,512100.SH,ETF,SELL,141100,42200,timing
20260730,512100.SH,ETF,BUY,237200,96100,timing
20260731,512100.SH,ETF,SELL,0,237200,timing
20260803,512100.SH,ETF,BUY,83700,83700,timing
20260805,512100.SH,ETF,BUY,329400,245700,timing
20260806,512100.SH,ETF,BUY,552700,223300,timing
