trade_date,decision_date,scs_ma3,raw_target,b0_target,b1_target,is_month_start
20230103,20221230,51.42,0.5284,0.5284,0.5284,True
20230104,20230103,62.25,0.7451,0.7451,0.3725,False
20230105,20230104,54.96,0.5992,0.5992,0.4859,False
20230106,20230105,43.86,0.3771,0.3771,0.4315,False
20230109,20230106,23.32,0.0,0.0,0.0,False
20230110,20230109,20.81,0.0,0.0,0.0,False
20230111,20230110,22.12,0.0,0.0,0.0,False
20230112,20230111,29.71,0.0942,0.0942,0.0471,False
20230113,20230112,31.62,0.1323,0.1323,0.0897,False
20230116,20230113,30.08,0.1016,0.1016,0.0897,False
20230117,20230116,35.03,0.2005,0.2005,0.1451,False
20230118,20230117,35.78,0.2156,0.2156,0.1451,False
20230119,20230118,40.31,0.3063,0.3063,0.2257,False
20230120,20230119,28.15,0.0631,0.0631,0.1444,False
20230130,20230120,26.18,0.0235,0.0235,0.084,False
20230131,20230130,39.57,0.2913,0.2913,0.1876,False
20230201,20230131,52.15,0.543,0.543,0.3653,True
20230202,20230201,70.79,0.9159,0.9159,0.6406,False
20230203,20230202,54.22,0.5844,0.5844,0.6406,False
20230206,20230203,48.73,0.4746,0.4746,0.5576,False
20230207,20230206,37.28,0.2456,0.2456,0.4016,False
20230208,20230207,48.64,0.4727,0.4727,0.4016,False
20230209,20230208,48.2,0.4639,0.4639,0.4016,False
20230210,20230209,47.6,0.452,0.452,0.4016,False
20230213,20230210,31.96,0.1392,0.1392,0.2704,False
20230214,20230213,43.86,0.3771,0.3771,0.3238,False
20230215,20230214,31.89,0.1378,0.1378,0.2308,False
20230216,20230215,41.76,0.3353,0.3353,0.283,False
20230217,20230216,18.68,0.0,0.0,0.0,False
20230220,20230217,19.23,0.0,0.0,0.0,False
20230221,20230220,11.95,0.0,0.0,0.0,False
20230222,20230221,17.67,0.0,0.0,0.0,False
20230223,20230222,26.57,0.0315,0.0315,0.0,False
20230224,20230223,27.45,0.049,0.049,0.0,False
20230227,20230224,30.17,0.1033,0.1033,0.0517,False
20230228,20230227,17.9,0.0,0.0,0.0,False
20230301,20230228,22.62,0.0,0.0,0.0,True
20230302,20230301,24.78,0.0,0.0,0.0,False
20230303,20230302,32.92,0.1585,0.1585,0.0792,False
20230306,20230303,22.81,0.0,0.0,0.0,False
20230307,20230306,21.21,0.0,0.0,0.0,False
20230308,20230307,22.9,0.0,0.0,0.0,False
20230309,20230308,33.89,0.1778,0.1778,0.0889,False
20230310,20230309,42.9,0.3581,0.3581,0.2235,False
20230313,20230310,39.62,0.2924,0.2924,0.2235,False
20230314,20230313,37.62,0.2523,0.2523,0.2235,False
20230315,20230314,33.41,0.1682,0.1682,0.2235,False
20230316,20230315,45.23,0.4045,0.4045,0.314,False
20230317,20230316,44.94,0.3989,0.3989,0.3564,False
20230320,20230317,52.26,0.5452,0.5452,0.4508,False
20230321,20230320,46.25,0.425,0.425,0.4508,False
20230322,20230321,56.32,0.6264,0.6264,0.5386,False
20230323,20230322,41.4,0.328,0.328,0.4333,False
20230324,20230323,38.0,0.2599,0.2599,0.3466,False
20230327,20230324,20.26,0.0,0.0,0.0,False
20230328,20230327,29.54,0.0909,0.0909,0.0454,False
20230329,20230328,20.16,0.0,0.0,0.0,False
20230330,20230329,18.67,0.0,0.0,0.0,False
20230331,20230330,9.41,0.0,0.0,0.0,False
20230403,20230331,17.13,0.0,0.0,0.0,True
20230404,20230403,28.26,0.0652,0.0652,0.0,False
20230406,20230404,33.69,0.1738,0.1738,0.0869,False
20230407,20230406,40.19,0.3038,0.3038,0.1953,False
20230410,20230407,38.86,0.2772,0.2772,0.2363,False
20230411,20230410,27.2,0.044,0.044,0.1401,False
20230412,20230411,15.3,0.0,0.0,0.0,False
20230413,20230412,18.78,0.0,0.0,0.0,False
20230414,20230413,23.38,0.0,0.0,0.0,False
20230417,20230414,24.01,0.0,0.0,0.0,False
20230418,20230417,8.21,0.0,0.0,0.0,False
20230419,20230418,6.63,0.0,0.0,0.0,False
20230420,20230419,11.75,0.0,0.0,0.0,False
20230421,20230420,14.55,0.0,0.0,0.0,False
20230424,20230421,11.53,0.0,0.0,0.0,False
20230425,20230424,13.89,0.0,0.0,0.0,False
20230426,20230425,11.32,0.0,0.0,0.0,False
20230427,20230426,20.02,0.0,0.0,0.0,False
20230428,20230427,9.59,0.0,0.0,0.0,False
20230504,20230428,19.67,0.0,0.0,0.0,True
20230505,20230504,25.2,0.0039,0.0039,0.0,False
20230508,20230505,30.51,0.1103,0.1103,0.0551,False
20230509,20230508,38.11,0.2622,0.2622,0.1587,False
20230510,20230509,23.89,0.0,0.0,0.0,False
20230511,20230510,20.89,0.0,0.0,0.0,False
20230512,20230511,11.21,0.0,0.0,0.0,False
20230515,20230512,11.21,0.0,0.0,0.0,False
20230516,20230515,12.35,0.0,0.0,0.0,False
20230517,20230516,3.45,0.0,0.0,0.0,False
20230518,20230517,17.36,0.0,0.0,0.0,False
20230519,20230518,22.51,0.0,0.0,0.0,False
20230522,20230519,27.23,0.0446,0.0446,0.0,False
20230523,20230522,23.1,0.0,0.0,0.0,False
20230524,20230523,24.31,0.0,0.0,0.0,False
20230525,20230524,41.6,0.3321,0.3321,0.166,False
20230526,20230525,52.46,0.5492,0.5492,0.3576,False
20230529,20230526,52.3,0.5459,0.5459,0.4518,False
20230530,20230529,43.91,0.3781,0.3781,0.4518,False
20230531,20230530,40.62,0.3125,0.3125,0.3821,False
20230601,20230531,41.25,0.3249,0.3249,0.3821,True
20230602,20230601,40.07,0.3014,0.3014,0.3418,False
20230605,20230602,30.63,0.1126,0.1126,0.2272,False
20230606,20230605,27.1,0.042,0.042,0.1346,False
20230607,20230606,21.82,0.0,0.0,0.0,False
20230608,20230607,31.9,0.138,0.138,0.069,False
20230609,20230608,30.24,0.1049,0.1049,0.069,False
20230612,20230609,39.56,0.2913,0.2913,0.1801,False
20230613,20230612,40.07,0.3015,0.3015,0.2408,False
20230614,20230613,46.22,0.4244,0.4244,0.3326,False
20230615,20230614,39.27,0.2854,0.2854,0.3326,False
20230616,20230615,25.71,0.0142,0.0142,0.1734,False
20230619,20230616,24.33,0.0,0.0,0.0,False
20230620,20230619,29.23,0.0845,0.0845,0.0423,False
20230621,20230620,28.47,0.0695,0.0695,0.0423,False
20230626,20230621,18.62,0.0,0.0,0.0,False
20230627,20230626,11.74,0.0,0.0,0.0,False
20230628,20230627,24.23,0.0,0.0,0.0,False
20230629,20230628,30.59,0.1118,0.1118,0.0559,False
20230630,20230629,36.71,0.2343,0.2343,0.1451,False
20230703,20230630,29.48,0.0896,0.0896,0.1451,True
20230704,20230703,29.48,0.0896,0.0896,0.1451,False
20230705,20230704,25.75,0.0151,0.0151,0.0801,False
20230706,20230705,19.01,0.0,0.0,0.0,False
20230707,20230706,27.08,0.0417,0.0417,0.0,False
20230710,20230707,20.8,0.0,0.0,0.0,False
20230711,20230710,30.99,0.1199,0.1199,0.0599,False
20230712,20230711,27.29,0.0458,0.0458,0.0599,False
20230713,20230712,32.23,0.1445,0.1445,0.1022,False
20230714,20230713,31.87,0.1374,0.1374,0.1022,False
20230717,20230714,32.32,0.1463,0.1463,0.1022,False
20230718,20230717,25.09,0.0018,0.0018,0.052,False
20230719,20230718,13.52,0.0,0.0,0.0,False
20230720,20230719,9.81,0.0,0.0,0.0,False
20230721,20230720,22.46,0.0,0.0,0.0,False
20230724,20230721,27.43,0.0487,0.0487,0.0,False
20230725,20230724,20.24,0.0,0.0,0.0,False
20230726,20230725,26.74,0.0348,0.0348,0.0,False
20230727,20230726,32.76,0.1551,0.1551,0.0776,False
20230728,20230727,36.65,0.233,0.233,0.1553,False
20230731,20230728,24.37,0.0,0.0,0.0,False
20230801,20230731,28.06,0.0613,0.0613,0.0,True
20230802,20230801,26.13,0.0226,0.0226,0.0,False
20230803,20230802,24.44,0.0,0.0,0.0,False
20230804,20230803,10.87,0.0,0.0,0.0,False
20230807,20230804,13.99,0.0,0.0,0.0,False
20230808,20230807,22.65,0.0,0.0,0.0,False
20230809,20230808,23.8,0.0,0.0,0.0,False
20230810,20230809,23.95,0.0,0.0,0.0,False
20230811,20230810,13.27,0.0,0.0,0.0,False
20230814,20230811,13.78,0.0,0.0,0.0,False
20230815,20230814,13.34,0.0,0.0,0.0,False
20230816,20230815,17.86,0.0,0.0,0.0,False
20230817,20230816,16.05,0.0,0.0,0.0,False
20230818,20230817,28.7,0.074,0.074,0.0,False
20230821,20230818,25.57,0.0114,0.0114,0.0,False
20230822,20230821,37.75,0.2549,0.2549,0.1275,False
20230823,20230822,27.32,0.0464,0.0464,0.0869,False
20230824,20230823,28.75,0.075,0.075,0.0869,False
20230825,20230824,21.36,0.0,0.0,0.0,False
20230828,20230825,14.08,0.0,0.0,0.0,False
20230829,20230828,19.08,0.0,0.0,0.0,False
20230830,20230829,27.23,0.0447,0.0447,0.0,False
20230831,20230830,36.43,0.2287,0.2287,0.1143,False
20230901,20230831,33.97,0.1793,0.1793,0.1143,True
20230904,20230901,20.65,0.0,0.0,0.0,False
20230905,20230904,29.47,0.0894,0.0894,0.0447,False
20230906,20230905,24.44,0.0,0.0,0.0,False
20230907,20230906,44.64,0.3928,0.3928,0.1964,False
20230908,20230907,26.62,0.0323,0.0323,0.1144,False
20230911,20230908,32.53,0.1506,0.1506,0.1144,False
20230912,20230911,16.4,0.0,0.0,0.0,False
20230913,20230912,24.64,0.0,0.0,0.0,False
20230914,20230913,19.85,0.0,0.0,0.0,False
20230915,20230914,22.18,0.0,0.0,0.0,False
20230918,20230915,29.61,0.0921,0.0921,0.0461,False
20230919,20230918,31.53,0.1305,0.1305,0.0883,False
20230920,20230919,25.24,0.0049,0.0049,0.0466,False
20230921,20230920,10.48,0.0,0.0,0.0,False
20230922,20230921,9.95,0.0,0.0,0.0,False
20230925,20230922,18.5,0.0,0.0,0.0,False
20230926,20230925,35.29,0.2059,0.2059,0.1029,False
20230927,20230926,43.79,0.3758,0.3758,0.2394,False
20230928,20230927,53.78,0.5756,0.5756,0.4075,False
20231009,20230928,49.94,0.4988,0.4988,0.4531,True
20231010,20231009,57.21,0.6443,0.6443,0.5487,False
20231011,20231010,49.86,0.4973,0.4973,0.5487,False
20231012,20231011,41.66,0.3332,0.3332,0.4409,False
20231013,20231012,27.45,0.049,0.049,0.245,False
20231016,20231013,34.11,0.1821,0.1821,0.245,False
20231017,20231016,49.52,0.4903,0.4903,0.3677,False
20231018,20231017,47.77,0.4553,0.4553,0.4115,False
20231019,20231018,44.86,0.3973,0.3973,0.4115,False
20231020,20231019,30.77,0.1155,0.1155,0.2635,False
20231023,20231020,34.91,0.1983,0.1983,0.2635,False
20231024,20231023,26.92,0.0384,0.0384,0.1509,False
20231025,20231024,40.04,0.3008,0.3008,0.2259,False
20231026,20231025,52.35,0.547,0.547,0.3864,False
20231027,20231026,61.55,0.731,0.731,0.5587,False
20231030,20231027,63.62,0.7725,0.7725,0.6656,False
20231031,20231030,53.38,0.5677,0.5677,0.6166,False
20231101,20231031,42.41,0.3482,0.3482,0.4824,True
20231102,20231101,34.24,0.1849,0.1849,0.3336,False
20231103,20231102,33.42,0.1683,0.1683,0.251,False
20231106,20231103,38.46,0.2691,0.2691,0.251,False
20231107,20231106,46.66,0.4332,0.4332,0.3421,False
20231108,20231107,58.03,0.6606,0.6606,0.5013,False
20231109,20231108,66.85,0.8371,0.8371,0.6692,False
20231110,20231109,47.13,0.4427,0.4427,0.5559,False
20231113,20231110,37.0,0.2401,0.2401,0.398,False
20231114,20231113,31.33,0.1266,0.1266,0.2623,False
20231115,20231114,47.85,0.457,0.457,0.3596,False
20231116,20231115,57.49,0.6499,0.6499,0.5048,False
20231117,20231116,47.59,0.4517,0.4517,0.5048,False
20231120,20231117,48.88,0.4776,0.4776,0.5048,False
20231121,20231120,50.36,0.5073,0.5073,0.5048,False
20231122,20231121,62.77,0.7554,0.7554,0.6301,False
20231123,20231122,65.44,0.8089,0.8089,0.7195,False
20231124,20231123,42.81,0.3562,0.3562,0.5378,False
20231127,20231124,39.14,0.2828,0.2828,0.4103,False
20231128,20231127,29.88,0.0976,0.0976,0.254,False
20231129,20231128,35.17,0.2034,0.2034,0.254,False
20231130,20231129,23.67,0.0,0.0,0.0,False
20231201,20231130,14.39,0.0,0.0,0.0,True
20231204,20231201,19.98,0.0,0.0,0.0,False
20231205,20231204,41.11,0.3222,0.3222,0.1611,False
20231206,20231205,51.25,0.525,0.525,0.343,False
20231207,20231206,44.44,0.3889,0.3889,0.343,False
20231208,20231207,35.91,0.2183,0.2183,0.2806,False
20231211,20231208,23.62,0.0,0.0,0.0,False
20231212,20231211,21.05,0.0,0.0,0.0,False
20231213,20231212,22.61,0.0,0.0,0.0,False
20231214,20231213,37.67,0.2533,0.2533,0.1267,False
20231215,20231214,47.14,0.4429,0.4429,0.2848,False
20231218,20231215,45.55,0.411,0.411,0.3479,False
20231219,20231218,31.52,0.1304,0.1304,0.2391,False
20231220,20231219,21.95,0.0,0.0,0.0,False
20231221,20231220,21.3,0.0,0.0,0.0,False
20231222,20231221,22.99,0.0,0.0,0.0,False
20231225,20231222,19.66,0.0,0.0,0.0,False
20231226,20231225,15.95,0.0,0.0,0.0,False
20231227,20231226,27.57,0.0515,0.0515,0.0,False
20231228,20231227,32.33,0.1466,0.1466,0.0733,False
20231229,20231228,43.05,0.361,0.361,0.2172,False
20240102,20231229,52.67,0.5533,0.5533,0.3852,True
20240103,20240102,64.74,0.7948,0.7948,0.59,False
20240104,20240103,52.45,0.5489,0.5489,0.59,False
20240105,20240104,35.65,0.2129,0.2129,0.4015,False
20240108,20240105,18.46,0.0,0.0,0.0,False
20240109,20240108,18.58,0.0,0.0,0.0,False
20240110,20240109,12.91,0.0,0.0,0.0,False
20240111,20240110,23.73,0.0,0.0,0.0,False
20240112,20240111,31.21,0.1242,0.1242,0.0621,False
20240115,20240112,27.55,0.0511,0.0511,0.0621,False
20240116,20240115,29.82,0.0964,0.0964,0.0621,False
20240117,20240116,28.29,0.0657,0.0657,0.0621,False
20240118,20240117,36.36,0.2273,0.2273,0.1447,False
20240119,20240118,41.2,0.3241,0.3241,0.2344,False
20240122,20240119,34.16,0.1832,0.1832,0.2344,False
20240123,20240122,27.22,0.0444,0.0444,0.1394,False
20240124,20240123,31.42,0.1284,0.1284,0.1394,False
20240125,20240124,49.69,0.4938,0.4938,0.3166,False
20240126,20240125,72.68,0.9535,0.9535,0.635,False
20240129,20240126,62.14,0.7428,0.7428,0.6889,False
20240130,20240129,35.81,0.2162,0.2162,0.4526,False
20240131,20240130,11.59,0.0,0.0,0.0,False
20240201,20240131,2.01,0.0,0.0,0.0,True
20240202,20240201,5.87,0.0,0.0,0.0,False
20240205,20240202,5.87,0.0,0.0,0.0,False
20240206,20240205,3.85,0.0,0.0,0.0,False
20240207,20240206,19.09,0.0,0.0,0.0,False
20240208,20240207,35.96,0.2192,0.2192,0.1096,False
20240219,20240208,52.95,0.5589,0.5589,0.3343,False
20240220,20240219,56.16,0.6233,0.6233,0.4788,False
20240221,20240220,64.68,0.7936,0.7936,0.6362,False
20240222,20240221,68.28,0.8656,0.8656,0.7509,False
20240223,20240222,67.97,0.8593,0.8593,0.8051,False
20240226,20240223,72.53,0.9505,0.9505,0.8778,False
20240227,20240226,77.03,1.0,1.0,0.9389,False
20240228,20240227,84.1,1.0,1.0,0.9389,False
20240229,20240228,56.02,0.6204,0.6204,0.7797,False
20240301,20240229,57.6,0.652,0.652,0.7158,True
20240304,20240301,48.24,0.4647,0.4647,0.5903,False
20240305,20240304,59.77,0.6954,0.6954,0.6428,False
20240306,20240305,42.44,0.3487,0.3487,0.4958,False
20240307,20240306,47.47,0.4493,0.4493,0.4958,False
20240308,20240307,41.51,0.3302,0.3302,0.413,False
20240311,20240308,42.07,0.3414,0.3414,0.413,False
20240312,20240311,41.78,0.3356,0.3356,0.413,False
20240313,20240312,52.13,0.5426,0.5426,0.4778,False
20240314,20240313,58.27,0.6654,0.6654,0.5716,False
20240315,20240314,40.2,0.304,0.304,0.4378,False
20240318,20240315,49.68,0.4935,0.4935,0.4378,False
20240319,20240318,59.96,0.6992,0.6992,0.5685,False
20240320,20240319,67.51,0.8501,0.8501,0.7093,False
20240321,20240320,69.04,0.8808,0.8808,0.7951,False
20240322,20240321,63.41,0.7683,0.7683,0.7951,False
20240325,20240322,60.28,0.7056,0.7056,0.7503,False
20240326,20240325,35.71,0.2142,0.2142,0.4822,False
20240327,20240326,30.66,0.1133,0.1133,0.2978,False
20240328,20240327,22.59,0.0,0.0,0.0,False
20240329,20240328,40.69,0.3138,0.3138,0.1569,False
20240401,20240329,39.06,0.2812,0.2812,0.219,True
20240402,20240401,61.36,0.7271,0.7271,0.4731,False
20240403,20240402,57.87,0.6574,0.6574,0.5652,False
20240408,20240403,51.36,0.5272,0.5272,0.5652,False
20240409,20240408,30.69,0.1139,0.1139,0.3396,False
20240410,20240409,19.23,0.0,0.0,0.0,False
20240411,20240410,13.14,0.0,0.0,0.0,False
20240412,20240411,21.21,0.0,0.0,0.0,False
20240415,20240412,27.19,0.0438,0.0438,0.0,False
20240416,20240415,25.76,0.0153,0.0153,0.0,False
20240417,20240416,13.36,0.0,0.0,0.0,False
20240418,20240417,25.56,0.0111,0.0111,0.0,False
20240419,20240418,34.54,0.1908,0.1908,0.0954,False
20240422,20240419,41.47,0.3294,0.3294,0.2124,False
20240423,20240422,15.92,0.0,0.0,0.0,False
20240424,20240423,15.69,0.0,0.0,0.0,False
20240425,20240424,21.15,0.0,0.0,0.0,False
20240426,20240425,34.09,0.1818,0.1818,0.0909,False
20240429,20240426,35.2,0.2039,0.2039,0.1474,False
20240430,20240429,45.84,0.4168,0.4168,0.2821,False
20240506,20240430,36.29,0.2258,0.2258,0.2821,True
20240507,20240506,49.04,0.4808,0.4808,0.3815,False
20240508,20240507,41.63,0.3326,0.3326,0.3815,False
20240509,20240508,48.27,0.4654,0.4654,0.4234,False
20240510,20240509,43.28,0.3657,0.3657,0.4234,False
20240513,20240510,27.66,0.0532,0.0532,0.2383,False
20240514,20240513,19.62,0.0,0.0,0.0,False
20240515,20240514,13.61,0.0,0.0,0.0,False
20240516,20240515,18.33,0.0,0.0,0.0,False
20240517,20240516,28.5,0.0701,0.0701,0.0,False
20240520,20240517,42.4,0.3479,0.3479,0.174,False
20240521,20240520,44.59,0.3919,0.3919,0.2829,False
20240522,20240521,33.04,0.1609,0.1609,0.2219,False
20240523,20240522,24.65,0.0,0.0,0.0,False
20240524,20240523,27.29,0.0459,0.0459,0.0,False
20240527,20240524,31.27,0.1255,0.1255,0.0627,False
20240528,20240527,16.08,0.0,0.0,0.0,False
20240529,20240528,10.85,0.0,0.0,0.0,False
20240530,20240529,11.98,0.0,0.0,0.0,False
20240531,20240530,12.41,0.0,0.0,0.0,False
20240603,20240531,17.07,0.0,0.0,0.0,True
20240604,20240603,11.95,0.0,0.0,0.0,False
20240605,20240604,19.0,0.0,0.0,0.0,False
20240606,20240605,10.86,0.0,0.0,0.0,False
20240607,20240606,11.48,0.0,0.0,0.0,False
20240611,20240607,15.85,0.0,0.0,0.0,False
20240612,20240611,22.4,0.0,0.0,0.0,False
20240613,20240612,41.47,0.3293,0.3293,0.1647,False
20240614,20240613,35.7,0.214,0.214,0.1647,False
20240617,20240614,34.26,0.1853,0.1853,0.1647,False
20240618,20240617,24.6,0.0,0.0,0.0,False
20240619,20240618,33.85,0.177,0.177,0.0885,False
20240620,20240619,41.46,0.3292,0.3292,0.2089,False
20240621,20240620,36.93,0.2386,0.2386,0.2089,False
20240624,20240621,25.68,0.0136,0.0136,0.1112,False
20240625,20240624,12.78,0.0,0.0,0.0,False
20240626,20240625,14.42,0.0,0.0,0.0,False
20240627,20240626,23.84,0.0,0.0,0.0,False
20240628,20240627,25.91,0.0181,0.0181,0.0,False
20240701,20240628,19.94,0.0,0.0,0.0,True
20240702,20240701,11.22,0.0,0.0,0.0,False
20240703,20240702,25.26,0.0053,0.0053,0.0,False
20240704,20240703,33.49,0.1697,0.1697,0.0849,False
20240705,20240704,26.76,0.0352,0.0352,0.0849,False
20240708,20240705,21.63,0.0,0.0,0.0,False
20240709,20240708,11.62,0.0,0.0,0.0,False
20240710,20240709,28.14,0.0629,0.0629,0.0,False
20240711,20240710,22.34,0.0,0.0,0.0,False
20240712,20240711,41.53,0.3306,0.3306,0.1653,False
20240715,20240712,31.6,0.1321,0.1321,0.1653,False
20240716,20240715,28.51,0.0702,0.0702,0.1177,False
20240717,20240716,18.58,0.0,0.0,0.0,False
20240718,20240717,23.01,0.0,0.0,0.0,False
20240719,20240718,23.2,0.0,0.0,0.0,False
20240722,20240719,24.68,0.0,0.0,0.0,False
20240723,20240722,22.05,0.0,0.0,0.0,False
20240724,20240723,23.76,0.0,0.0,0.0,False
20240725,20240724,15.63,0.0,0.0,0.0,False
20240726,20240725,20.85,0.0,0.0,0.0,False
20240729,20240726,32.89,0.1577,0.1577,0.0789,False
20240730,20240729,53.81,0.5763,0.5763,0.3276,False
20240731,20240730,59.92,0.6983,0.6983,0.5129,False
20240801,20240731,64.24,0.7848,0.7848,0.6489,True
20240802,20240801,59.28,0.6856,0.6856,0.6489,False
20240805,20240802,50.47,0.5095,0.5095,0.5792,False
20240806,20240805,40.08,0.3017,0.3017,0.4404,False
20240807,20240806,40.26,0.3052,0.3052,0.3728,False
20240808,20240807,40.28,0.3056,0.3056,0.3728,False
20240809,20240808,32.25,0.1451,0.1451,0.2589,False
20240812,20240809,13.51,0.0,0.0,0.0,False
20240813,20240812,2.57,0.0,0.0,0.0,False
20240814,20240813,8.69,0.0,0.0,0.0,False
20240815,20240814,24.02,0.0,0.0,0.0,False
20240816,20240815,40.29,0.3058,0.3058,0.1529,False
20240819,20240816,40.37,0.3075,0.3075,0.2302,False
20240820,20240819,30.32,0.1064,0.1064,0.1683,False
20240821,20240820,14.05,0.0,0.0,0.0,False
20240822,20240821,20.74,0.0,0.0,0.0,False
20240823,20240822,15.46,0.0,0.0,0.0,False
20240826,20240823,19.65,0.0,0.0,0.0,False
20240827,20240826,20.62,0.0,0.0,0.0,False
20240828,20240827,27.31,0.0461,0.0461,0.0,False
20240829,20240828,30.31,0.1062,0.1062,0.0531,False
20240830,20240829,30.1,0.1021,0.1021,0.0531,False
20240902,20240830,42.27,0.3455,0.3455,0.1993,True
20240903,20240902,35.13,0.2026,0.2026,0.1993,False
20240904,20240903,35.91,0.2182,0.2182,0.1993,False
20240905,20240904,35.18,0.2035,0.2035,0.1993,False
20240906,20240905,55.36,0.6071,0.6071,0.4032,False
20240909,20240906,49.32,0.4865,0.4865,0.4448,False
20240910,20240909,47.05,0.4409,0.4409,0.4448,False
20240911,20240910,33.24,0.1649,0.1649,0.3049,False
20240912,20240911,26.78,0.0357,0.0357,0.1703,False
20240913,20240912,24.83,0.0,0.0,0.0,False
20240918,20240913,29.67,0.0934,0.0934,0.0467,False
20240919,20240918,26.11,0.0222,0.0222,0.0467,False
20240920,20240919,33.41,0.1682,0.1682,0.1074,False
20240923,20240920,39.78,0.2955,0.2955,0.2015,False
20240924,20240923,59.29,0.6859,0.6859,0.4437,False
20240925,20240924,63.55,0.7709,0.7709,0.6073,False
20240926,20240925,66.51,0.8301,0.8301,0.7187,False
20240927,20240926,76.03,1.0,1.0,0.8594,False
20240930,20240927,80.59,1.0,1.0,0.9297,False
20241008,20240930,90.0,1.0,1.0,0.9297,True
20241009,20241008,83.33,1.0,1.0,0.9297,False
20241010,20241009,56.19,0.6238,0.6238,0.7767,False
20241011,20241010,33.17,0.1634,0.1634,0.47,False
20241014,20241011,9.83,0.0,0.0,0.0,False
20241015,20241014,27.75,0.0551,0.0551,0.0,False
20241016,20241015,28.04,0.0608,0.0608,0.0,False
20241017,20241016,49.45,0.4889,0.4889,0.2445,False
20241018,20241017,35.76,0.2152,0.2152,0.2445,False
20241021,20241018,54.78,0.5956,0.5956,0.42,False
20241022,20241021,57.3,0.6461,0.6461,0.5331,False
20241023,20241022,66.36,0.8271,0.8271,0.6801,False
20241024,20241023,60.82,0.7165,0.7165,0.6801,False
20241025,20241024,55.34,0.6067,0.6067,0.6801,False
20241028,20241025,62.53,0.7505,0.7505,0.6801,False
20241029,20241028,69.85,0.8971,0.8971,0.7886,False
20241030,20241029,69.36,0.8873,0.8873,0.8379,False
20241031,20241030,69.36,0.8873,0.8873,0.8379,False
20241101,20241031,64.62,0.7923,0.7923,0.8379,True
20241104,20241101,57.5,0.6501,0.6501,0.744,False
20241105,20241104,52.52,0.5505,0.5505,0.6472,False
20241106,20241105,56.63,0.6326,0.6326,0.6472,False
20241107,20241106,68.19,0.8638,0.8638,0.7555,False
20241108,20241107,72.26,0.9452,0.9452,0.8504,False
20241111,20241108,58.85,0.677,0.677,0.7637,False
20241112,20241111,58.11,0.6621,0.6621,0.7129,False
20241113,20241112,43.57,0.3713,0.3713,0.5421,False
20241114,20241113,37.69,0.2538,0.2538,0.3979,False
20241115,20241114,20.37,0.0,0.0,0.0,False
20241118,20241115,32.85,0.1569,0.1569,0.0785,False
20241119,20241118,44.24,0.3848,0.3848,0.2316,False
20241120,20241119,55.38,0.6076,0.6076,0.4196,False
20241121,20241120,64.7,0.794,0.794,0.6068,False
20241122,20241121,66.88,0.8375,0.8375,0.7222,False
20241125,20241122,69.7,0.8939,0.8939,0.808,False
20241126,20241125,65.7,0.8139,0.8139,0.808,False
20241127,20241126,53.7,0.574,0.574,0.691,False
20241128,20241127,55.82,0.6164,0.6164,0.691,False
20241129,20241128,51.44,0.5287,0.5287,0.6099,False
20241202,20241129,67.54,0.8507,0.8507,0.7303,True
20241203,20241202,74.83,0.9965,0.9965,0.8634,False
20241204,20241203,71.89,0.9377,0.9377,0.8634,False
20241205,20241204,59.14,0.6829,0.6829,0.7732,False
20241206,20241205,58.85,0.677,0.677,0.7251,False
20241209,20241206,62.07,0.7413,0.7413,0.7251,False
20241210,20241209,65.37,0.8073,0.8073,0.7662,False
20241211,20241210,57.5,0.65,0.65,0.7081,False
20241212,20241211,60.21,0.7041,0.7041,0.7081,False
20241213,20241212,67.41,0.8482,0.8482,0.7781,False
20241216,20241213,60.89,0.7178,0.7178,0.7781,False
20241217,20241216,52.95,0.559,0.559,0.6686,False
20241218,20241217,29.37,0.0873,0.0873,0.378,False
20241219,20241218,39.05,0.281,0.281,0.3295,False
20241220,20241219,31.77,0.1354,0.1354,0.2324,False
20241223,20241220,49.4,0.488,0.488,0.3602,False
20241224,20241223,26.69,0.0337,0.0337,0.197,False
20241225,20241224,38.71,0.2743,0.2743,0.197,False
20241226,20241225,21.08,0.0,0.0,0.0,False
20241227,20241226,47.21,0.4442,0.4442,0.2221,False
20241230,20241227,31.97,0.1395,0.1395,0.1808,False
20241231,20241230,34.69,0.1938,0.1938,0.1808,False
20250102,20241231,17.23,0.0,0.0,0.0,True
20250103,20250102,23.57,0.0,0.0,0.0,False
20250106,20250103,28.71,0.0742,0.0742,0.0,False
20250107,20250106,29.12,0.0823,0.0823,0.0412,False
20250108,20250107,38.36,0.2672,0.2672,0.1542,False
20250109,20250108,51.08,0.5216,0.5216,0.3379,False
20250110,20250109,67.71,0.8542,0.8542,0.596,False
20250113,20250110,48.31,0.4661,0.4661,0.5311,False
20250114,20250113,34.43,0.1886,0.1886,0.3599,False
20250115,20250114,38.47,0.2694,0.2694,0.3146,False
20250116,20250115,52.49,0.5497,0.5497,0.4322,False
20250117,20250116,66.86,0.8371,0.8371,0.6347,False
20250120,20250117,45.78,0.4156,0.4156,0.5251,False
20250121,20250120,44.9,0.3979,0.3979,0.4615,False
20250122,20250121,35.26,0.2053,0.2053,0.3334,False
20250123,20250122,36.62,0.2323,0.2323,0.2829,False
20250124,20250123,26.99,0.0397,0.0397,0.1613,False
20250127,20250124,32.05,0.1411,0.1411,0.1613,False
20250205,20250127,22.79,0.0,0.0,0.0,True
20250206,20250205,32.12,0.1424,0.1424,0.0712,False
20250207,20250206,41.54,0.3309,0.3309,0.201,False
20250210,20250207,65.65,0.8131,0.8131,0.5071,False
20250211,20250210,80.8,1.0,1.0,0.7535,False
20250212,20250211,69.23,0.8847,0.8847,0.8191,False
20250213,20250212,67.51,0.8502,0.8502,0.8191,False
20250214,20250213,49.66,0.4932,0.4932,0.6561,False
20250217,20250214,54.37,0.5873,0.5873,0.6561,False
20250218,20250217,54.3,0.5861,0.5861,0.6561,False
20250219,20250218,46.42,0.4284,0.4284,0.5423,False
20250220,20250219,51.34,0.5269,0.5269,0.5423,False
20250221,20250220,50.22,0.5045,0.5045,0.5423,False
20250224,20250221,66.57,0.8314,0.8314,0.6868,False
20250225,20250224,54.34,0.5868,0.5868,0.6368,False
20250226,20250225,42.84,0.3568,0.3568,0.4968,False
20250227,20250226,41.24,0.3248,0.3248,0.4108,False
20250228,20250227,40.46,0.3092,0.3092,0.36,False
20250303,20250228,32.0,0.1399,0.1399,0.2499,True
20250304,20250303,19.3,0.0,0.0,0.0,False
20250305,20250304,19.47,0.0,0.0,0.0,False
20250306,20250305,29.51,0.0901,0.0901,0.0451,False
20250307,20250306,43.43,0.3687,0.3687,0.2069,False
20250310,20250307,37.22,0.2443,0.2443,0.2069,False
20250311,20250310,36.33,0.2267,0.2267,0.2069,False
20250312,20250311,29.92,0.0985,0.0985,0.1527,False
20250313,20250312,45.12,0.4025,0.4025,0.2776,False
20250314,20250313,38.28,0.2656,0.2656,0.2776,False
20250317,20250314,48.53,0.4706,0.4706,0.3741,False
20250318,20250317,41.35,0.327,0.327,0.3741,False
20250319,20250318,53.57,0.5715,0.5715,0.4728,False
20250320,20250319,37.75,0.2549,0.2549,0.3638,False
20250321,20250320,43.31,0.3661,0.3661,0.3638,False
20250324,20250321,37.12,0.2424,0.2424,0.3031,False
20250325,20250324,34.33,0.1866,0.1866,0.2449,False
20250326,20250325,21.2,0.0,0.0,0.0,False
20250327,20250326,24.59,0.0,0.0,0.0,False
20250328,20250327,19.19,0.0,0.0,0.0,False
20250331,20250328,13.78,0.0,0.0,0.0,False
20250401,20250331,6.22,0.0,0.0,0.0,True
20250402,20250401,19.45,0.0,0.0,0.0,False
20250403,20250402,25.67,0.0134,0.0134,0.0,False
20250407,20250403,27.61,0.0521,0.0521,0.0,False
20250408,20250407,14.32,0.0,0.0,0.0,False
20250409,20250408,28.1,0.0619,0.0619,0.0,False
20250410,20250409,41.1,0.322,0.322,0.161,False
20250411,20250410,60.73,0.7147,0.7147,0.4378,False
20250414,20250411,48.66,0.4732,0.4732,0.4378,False
20250415,20250414,47.48,0.4497,0.4497,0.4378,False
20250416,20250415,30.67,0.1134,0.1134,0.2756,False
20250417,20250416,31.17,0.1235,0.1235,0.1995,False
20250418,20250417,36.51,0.2302,0.2302,0.1995,False
20250421,20250418,38.31,0.2662,0.2662,0.1995,False
20250422,20250421,52.34,0.5468,0.5468,0.3732,False
20250423,20250422,44.2,0.3841,0.3841,0.3732,False
20250424,20250423,41.54,0.3309,0.3309,0.3732,False
20250425,20250424,27.29,0.0459,0.0459,0.2095,False
20250428,20250425,16.04,0.0,0.0,0.0,False
20250429,20250428,14.07,0.0,0.0,0.0,False
20250430,20250429,14.14,0.0,0.0,0.0,False
20250506,20250430,19.77,0.0,0.0,0.0,True
20250507,20250506,43.77,0.3755,0.3755,0.1877,False
20250508,20250507,52.8,0.5559,0.5559,0.3718,False
20250509,20250508,54.46,0.5891,0.5891,0.4805,False
20250512,20250509,33.42,0.1684,0.1684,0.3244,False
20250513,20250512,31.06,0.1212,0.1212,0.2228,False
20250514,20250513,27.55,0.0511,0.0511,0.137,False
20250515,20250514,47.68,0.4535,0.4535,0.2952,False
20250516,20250515,48.92,0.4785,0.4785,0.3869,False
20250519,20250516,58.47,0.6694,0.6694,0.5281,False
20250520,20250519,62.97,0.7594,0.7594,0.6438,False
20250521,20250520,64.88,0.7977,0.7977,0.7207,False
20250522,20250521,54.18,0.5836,0.5836,0.6522,False
20250523,20250522,31.44,0.1289,0.1289,0.3905,False
20250526,20250523,21.75,0.0,0.0,0.0,False
20250527,20250526,29.04,0.0808,0.0808,0.0404,False
20250528,20250527,45.79,0.4158,0.4158,0.2281,False
20250529,20250528,49.62,0.4925,0.4925,0.3603,False
20250530,20250529,60.6,0.712,0.712,0.5361,False
20250603,20250530,39.01,0.2801,0.2801,0.4081,True
20250604,20250603,49.22,0.4843,0.4843,0.4081,False
20250605,20250604,39.91,0.2982,0.2982,0.3531,False
20250606,20250605,48.05,0.461,0.461,0.4071,False
20250609,20250606,35.58,0.2116,0.2116,0.3094,False
20250610,20250609,39.29,0.2857,0.2857,0.3094,False
20250611,20250610,45.9,0.4181,0.4181,0.3637,False
20250612,20250611,48.96,0.4793,0.4793,0.4215,False
20250613,20250612,51.6,0.5319,0.5319,0.4767,False
20250616,20250613,37.93,0.2586,0.2586,0.3676,False
20250617,20250616,43.44,0.3689,0.3689,0.3676,False
20250618,20250617,23.58,0.0,0.0,0.0,False
20250619,20250618,29.15,0.0829,0.0829,0.0415,False
20250620,20250619,15.91,0.0,0.0,0.0,False
20250623,20250620,19.45,0.0,0.0,0.0,False
20250624,20250623,38.31,0.2662,0.2662,0.1331,False
20250625,20250624,47.45,0.4489,0.4489,0.291,False
20250626,20250625,61.54,0.7308,0.7308,0.5109,False
20250627,20250626,53.42,0.5684,0.5684,0.5109,False
20250630,20250627,43.07,0.3613,0.3613,0.4361,False
20250701,20250630,43.2,0.364,0.364,0.4361,True
20250702,20250701,38.18,0.2636,0.2636,0.3499,False
20250703,20250702,40.09,0.3018,0.3018,0.3499,False
20250704,20250703,33.54,0.1709,0.1709,0.2604,False
20250707,20250704,25.75,0.015,0.015,0.1377,False
20250708,20250707,39.12,0.2824,0.2824,0.21,False
20250709,20250708,40.02,0.3005,0.3005,0.2552,False
20250710,20250709,52.53,0.5506,0.5506,0.4029,False
20250711,20250710,52.57,0.5514,0.5514,0.4771,False
20250714,20250711,53.23,0.5646,0.5646,0.5209,False
20250715,20250714,51.8,0.5359,0.5359,0.5209,False
20250716,20250715,41.32,0.3265,0.3265,0.4237,False
20250717,20250716,44.58,0.3915,0.3915,0.4237,False
20250718,20250717,50.36,0.5072,0.5072,0.4654,False
20250721,20250718,56.96,0.6393,0.6393,0.5524,False
20250722,20250721,61.84,0.7369,0.7369,0.6446,False
20250723,20250722,67.69,0.8537,0.8537,0.7492,False
20250724,20250723,57.73,0.6546,0.6546,0.7019,False
20250725,20250724,51.55,0.5309,0.5309,0.6164,False
20250728,20250725,27.25,0.0449,0.0449,0.3306,False
20250729,20250728,31.5,0.13,0.13,0.2303,False
20250730,20250729,25.22,0.0044,0.0044,0.1174,False
20250731,20250730,41.42,0.3284,0.3284,0.2229,False
20250801,20250731,44.6,0.392,0.392,0.3074,True
20250804,20250801,39.85,0.2969,0.2969,0.3074,False
20250805,20250804,36.48,0.2295,0.2295,0.3074,False
20250806,20250805,35.81,0.2162,0.2162,0.2618,False
20250807,20250806,45.26,0.4051,0.4051,0.3335,False
20250808,20250807,43.12,0.3625,0.3625,0.3335,False
20250811,20250808,39.34,0.2867,0.2867,0.3335,False
20250812,20250811,41.27,0.3254,0.3254,0.3335,False
20250813,20250812,40.32,0.3063,0.3063,0.3335,False
20250814,20250813,57.96,0.6592,0.6592,0.4963,False
20250815,20250814,40.34,0.3069,0.3069,0.4016,False
20250818,20250815,52.18,0.5436,0.5436,0.4726,False
20250819,20250818,51.44,0.5289,0.5289,0.4726,False
20250820,20250819,65.91,0.8182,0.8182,0.6454,False
20250821,20250820,53.86,0.5773,0.5773,0.6454,False
20250822,20250821,28.37,0.0674,0.0674,0.3564,False
20250825,20250822,31.52,0.1304,0.1304,0.2434,False
20250826,20250825,36.91,0.2383,0.2383,0.2434,False
20250827,20250826,53.25,0.565,0.565,0.4042,False
20250828,20250827,36.67,0.2333,0.2333,0.3187,False
20250829,20250828,37.19,0.2438,0.2438,0.3187,False
20250901,20250829,32.4,0.148,0.148,0.2334,True
20250902,20250901,52.72,0.5544,0.5544,0.3939,False
20250903,20250902,39.0,0.28,0.28,0.337,False
20250904,20250903,34.88,0.1977,0.1977,0.2673,False
20250905,20250904,16.69,0.0,0.0,0.0,False
20250908,20250905,29.77,0.0955,0.0955,0.0477,False
20250909,20250908,32.86,0.1573,0.1573,0.1025,False
20250910,20250909,34.89,0.1979,0.1979,0.1502,False
20250911,20250910,30.93,0.1186,0.1186,0.1502,False
20250912,20250911,38.52,0.2705,0.2705,0.2103,False
20250915,20250912,46.34,0.4269,0.4269,0.3186,False
20250916,20250915,40.99,0.3199,0.3199,0.3186,False
20250917,20250916,38.94,0.2788,0.2788,0.3186,False
20250918,20250917,40.09,0.3017,0.3017,0.3186,False
20250919,20250918,43.34,0.3668,0.3668,0.3186,False
20250922,20250919,29.82,0.0965,0.0965,0.2075,False
20250923,20250922,25.84,0.0167,0.0167,0.1121,False
20250924,20250923,27.26,0.0452,0.0452,0.1121,False
20250925,20250924,41.07,0.3213,0.3213,0.2167,False
20250926,20250925,35.41,0.2081,0.2081,0.2167,False
20250929,20250926,26.0,0.02,0.02,0.1184,False
20250930,20250929,21.01,0.0,0.0,0.0,False
20251009,20250930,30.13,0.1026,0.1026,0.0513,True
20251010,20251009,39.02,0.2804,0.2804,0.1658,False
20251013,20251010,30.22,0.1044,0.1044,0.1658,False
20251014,20251013,27.65,0.0531,0.0531,0.1095,False
20251015,20251014,20.19,0.0,0.0,0.0,False
20251016,20251015,27.39,0.0478,0.0478,0.0,False
20251017,20251016,21.31,0.0,0.0,0.0,False
20251020,20251017,21.12,0.0,0.0,0.0,False
20251021,20251020,28.98,0.0795,0.0795,0.0,False
20251022,20251021,39.51,0.2902,0.2902,0.1451,False
20251023,20251022,50.88,0.5175,0.5175,0.3313,False
20251024,20251023,42.15,0.3429,0.3429,0.3313,False
20251027,20251024,31.61,0.1322,0.1322,0.2317,False
20251028,20251027,30.15,0.1029,0.1029,0.1673,False
20251029,20251028,40.55,0.3111,0.3111,0.2392,False
20251030,20251029,47.35,0.4471,0.4471,0.3431,False
20251031,20251030,38.16,0.2633,0.2633,0.3431,False
20251103,20251031,29.05,0.0809,0.0809,0.212,True
20251104,20251103,30.92,0.1184,0.1184,0.1652,False
20251105,20251104,38.64,0.2728,0.2728,0.219,False
20251106,20251105,52.84,0.5568,0.5568,0.3879,False
20251107,20251106,50.21,0.5041,0.5041,0.446,False
20251110,20251107,53.99,0.5798,0.5798,0.5129,False
20251111,20251110,45.06,0.4013,0.4013,0.4571,False
20251112,20251111,50.61,0.5121,0.5121,0.4571,False
20251113,20251112,49.29,0.4858,0.4858,0.4571,False
20251114,20251113,61.87,0.7375,0.7375,0.5973,False
20251117,20251114,58.48,0.6697,0.6697,0.5973,False
20251118,20251117,66.59,0.8319,0.8319,0.7146,False
20251119,20251118,43.05,0.3609,0.3609,0.5378,False
20251120,20251119,43.96,0.3792,0.3792,0.4585,False
20251121,20251120,24.62,0.0,0.0,0.0,False
20251124,20251121,21.59,0.0,0.0,0.0,False
20251125,20251124,27.01,0.0403,0.0403,0.0,False
20251126,20251125,39.74,0.2948,0.2948,0.1474,False
20251127,20251126,54.02,0.5804,0.5804,0.3639,False
20251128,20251127,37.03,0.2406,0.2406,0.3022,False
20251201,20251128,32.18,0.1435,0.1435,0.2229,True
20251202,20251201,34.57,0.1915,0.1915,0.2229,False
20251203,20251202,47.14,0.4428,0.4428,0.3328,False
20251204,20251203,44.0,0.3801,0.3801,0.3328,False
20251205,20251204,28.67,0.0734,0.0734,0.2031,False
20251208,20251205,29.35,0.0869,0.0869,0.145,False
20251209,20251208,43.15,0.3631,0.3631,0.2541,False
20251210,20251209,54.09,0.5818,0.5818,0.4179,False
20251211,20251210,52.94,0.5589,0.5589,0.4884,False
20251212,20251211,30.19,0.1037,0.1037,0.2961,False
20251215,20251212,37.27,0.2455,0.2455,0.2961,False
20251216,20251215,32.61,0.1521,0.1521,0.2241,False
20251217,20251216,34.53,0.1905,0.1905,0.2241,False
20251218,20251217,19.86,0.0,0.0,0.0,False
20251219,20251218,28.19,0.0638,0.0638,0.0,False
20251222,20251219,44.37,0.3874,0.3874,0.1937,False
20251223,20251222,56.76,0.6352,0.6352,0.4144,False
20251224,20251223,49.38,0.4876,0.4876,0.4144,False
20251225,20251224,50.16,0.5032,0.5032,0.4588,False
20251226,20251225,56.42,0.6283,0.6283,0.5436,False
20251229,20251226,66.03,0.8206,0.8206,0.6821,False
20251230,20251229,60.11,0.7021,0.7021,0.6821,False
20251231,20251230,48.25,0.465,0.465,0.5735,False
20260105,20251231,39.48,0.2895,0.2895,0.4315,True
20260106,20260105,46.77,0.4355,0.4355,0.4315,False
20260107,20260106,61.87,0.7374,0.7374,0.5845,False
20260108,20260107,65.41,0.8082,0.8082,0.6963,False
20260109,20260108,72.36,0.9473,0.9473,0.8218,False
20260112,20260109,67.46,0.8492,0.8492,0.8218,False
20260113,20260112,80.09,1.0,1.0,0.9109,False
20260114,20260113,62.43,0.7486,0.7486,0.8298,False
20260115,20260114,57.93,0.6586,0.6586,0.7442,False
20260116,20260115,28.94,0.0789,0.0789,0.4115,False
20260119,20260116,20.25,0.0,0.0,0.0,False
20260120,20260119,14.79,0.0,0.0,0.0,False
20260121,20260120,19.48,0.0,0.0,0.0,False
20260122,20260121,34.63,0.1926,0.1926,0.0963,False
20260123,20260122,37.1,0.2419,0.2419,0.1691,False
20260126,20260123,50.26,0.5052,0.5052,0.3372,False
20260127,20260126,39.49,0.2899,0.2899,0.3372,False
20260128,20260127,38.5,0.2701,0.2701,0.3372,False
20260129,20260128,34.79,0.1958,0.1958,0.2665,False
20260130,20260129,46.47,0.4295,0.4295,0.348,False
20260202,20260130,31.84,0.1368,0.1368,0.2424,True
20260203,20260202,19.0,0.0,0.0,0.0,False
20260204,20260203,22.3,0.0,0.0,0.0,False
20260205,20260204,35.55,0.2109,0.2109,0.1055,False
20260206,20260205,37.97,0.2594,0.2594,0.1824,False
20260209,20260206,23.19,0.0,0.0,0.0,False
20260210,20260209,30.53,0.1107,0.1107,0.0553,False
20260211,20260210,41.3,0.326,0.326,0.1907,False
20260212,20260211,40.67,0.3134,0.3134,0.252,False
20260213,20260212,36.94,0.2388,0.2388,0.252,False
20260224,20260213,23.36,0.0,0.0,0.0,False
20260225,20260224,33.15,0.163,0.163,0.0815,False
20260226,20260225,34.82,0.1963,0.1963,0.1389,False
20260227,20260226,46.16,0.4232,0.4232,0.281,False
20260302,20260227,50.14,0.5029,0.5029,0.392,True
20260303,20260302,46.51,0.4303,0.4303,0.392,False
20260304,20260303,50.05,0.501,0.501,0.4465,False
20260305,20260304,31.01,0.1202,0.1202,0.2833,False
20260306,20260305,23.8,0.0,0.0,0.0,False
20260309,20260306,18.17,0.0,0.0,0.0,False
20260310,20260309,22.25,0.0,0.0,0.0,False
20260311,20260310,31.06,0.1211,0.1211,0.0606,False
20260312,20260311,32.26,0.1453,0.1453,0.1029,False
20260313,20260312,37.52,0.2504,0.2504,0.1767,False
20260316,20260313,26.09,0.0219,0.0219,0.0993,False
20260317,20260316,14.41,0.0,0.0,0.0,False
20260318,20260317,10.08,0.0,0.0,0.0,False
20260319,20260318,16.59,0.0,0.0,0.0,False
20260320,20260319,16.59,0.0,0.0,0.0,False
20260323,20260320,14.76,0.0,0.0,0.0,False
20260324,20260323,3.18,0.0,0.0,0.0,False
20260325,20260324,26.99,0.0398,0.0398,0.0,False
20260326,20260325,50.17,0.5035,0.5035,0.2517,False
20260327,20260326,50.2,0.5041,0.5041,0.3779,False
20260330,20260327,44.67,0.3934,0.3934,0.3779,False
20260331,20260330,29.18,0.0836,0.0836,0.2307,False
20260401,20260331,32.48,0.1496,0.1496,0.1901,True
20260402,20260401,18.05,0.0,0.0,0.0,False
20260403,20260402,9.41,0.0,0.0,0.0,False
20260407,20260403,8.2,0.0,0.0,0.0,False
20260408,20260407,24.41,0.0,0.0,0.0,False
20260409,20260408,36.54,0.2309,0.2309,0.1154,False
20260410,20260409,43.42,0.3684,0.3684,0.2419,False
20260413,20260410,35.87,0.2173,0.2173,0.2419,False
20260414,20260413,36.68,0.2336,0.2336,0.2419,False
20260415,20260414,42.51,0.3502,0.3502,0.2961,False
20260416,20260415,40.17,0.3034,0.3034,0.2961,False
20260417,20260416,43.02,0.3604,0.3604,0.2961,False
20260420,20260417,45.15,0.403,0.403,0.3495,False
20260421,20260420,63.05,0.761,0.761,0.5552,False
20260422,20260421,52.69,0.5538,0.5538,0.5552,False
20260423,20260422,39.64,0.2928,0.2928,0.424,False
20260424,20260423,26.83,0.0366,0.0366,0.2303,False
20260427,20260424,22.35,0.0,0.0,0.0,False
20260428,20260427,16.38,0.0,0.0,0.0,False
20260429,20260428,15.93,0.0,0.0,0.0,False
20260430,20260429,26.66,0.0332,0.0332,0.0,False
20260506,20260430,31.91,0.1382,0.1382,0.0691,True
20260507,20260506,44.48,0.3897,0.3897,0.2294,False
20260508,20260507,52.81,0.5561,0.5561,0.3928,False
20260511,20260508,56.62,0.6324,0.6324,0.5126,False
20260512,20260511,55.5,0.61,0.61,0.5613,False
20260513,20260512,44.3,0.3859,0.3859,0.4736,False
20260514,20260513,52.55,0.5511,0.5511,0.4736,False
20260515,20260514,37.67,0.2533,0.2533,0.3635,False
20260518,20260515,30.02,0.1005,0.1005,0.232,False
20260519,20260518,17.93,0.0,0.0,0.0,False
20260520,20260519,35.49,0.2098,0.2098,0.1049,False
20260521,20260520,41.41,0.3282,0.3282,0.2166,False
20260522,20260521,29.24,0.0848,0.0848,0.1507,False
20260525,20260522,29.99,0.0998,0.0998,0.1507,False
20260526,20260525,35.25,0.205,0.205,0.1507,False
20260527,20260526,37.17,0.2435,0.2435,0.1971,False
20260528,20260527,18.4,0.0,0.0,0.0,False
20260529,20260528,17.09,0.0,0.0,0.0,False
20260601,20260529,14.99,0.0,0.0,0.0,True
20260602,20260601,23.49,0.0,0.0,0.0,False
20260603,20260602,17.44,0.0,0.0,0.0,False
20260604,20260603,26.26,0.0252,0.0252,0.0,False
20260605,20260604,24.52,0.0,0.0,0.0,False
20260608,20260605,21.53,0.0,0.0,0.0,False
20260609,20260608,19.72,0.0,0.0,0.0,False
20260610,20260609,22.79,0.0,0.0,0.0,False
20260611,20260610,23.63,0.0,0.0,0.0,False
20260612,20260611,20.61,0.0,0.0,0.0,False
20260615,20260612,15.08,0.0,0.0,0.0,False
20260616,20260615,24.48,0.0,0.0,0.0,False
20260617,20260616,40.15,0.3031,0.3031,0.1515,False
20260618,20260617,46.38,0.4276,0.4276,0.2896,False
20260622,20260618,41.65,0.3329,0.3329,0.2896,False
20260623,20260622,39.22,0.2844,0.2844,0.2896,False
20260624,20260623,36.71,0.2342,0.2342,0.2896,False
20260625,20260624,35.19,0.2038,0.2038,0.2467,False
20260626,20260625,29.23,0.0847,0.0847,0.1657,False
20260629,20260626,22.61,0.0,0.0,0.0,False
20260630,20260629,22.91,0.0,0.0,0.0,False
20260701,20260630,27.1,0.0419,0.0419,0.0,True
20260702,20260701,35.11,0.2021,0.2021,0.1011,False
20260703,20260702,33.83,0.1765,0.1765,0.1011,False
20260706,20260703,27.06,0.0413,0.0413,0.1011,False
20260707,20260706,16.42,0.0,0.0,0.0,False
20260708,20260707,10.29,0.0,0.0,0.0,False
20260709,20260708,12.18,0.0,0.0,0.0,False
20260710,20260709,21.54,0.0,0.0,0.0,False
20260713,20260710,26.28,0.0256,0.0256,0.0,False
20260714,20260713,15.37,0.0,0.0,0.0,False
20260715,20260714,16.11,0.0,0.0,0.0,False
20260716,20260715,18.14,0.0,0.0,0.0,False
20260717,20260716,23.63,0.0,0.0,0.0,False
20260720,20260717,12.26,0.0,0.0,0.0,False
20260721,20260720,9.5,0.0,0.0,0.0,False
20260722,20260721,14.62,0.0,0.0,0.0,False
20260723,20260722,17.99,0.0,0.0,0.0,False
20260724,20260723,33.92,0.1785,0.1785,0.0892,False
20260727,20260724,23.49,0.0,0.0,0.0,False
20260728,20260727,42.23,0.3446,0.3446,0.1723,False
20260729,20260728,29.49,0.0898,0.0898,0.1311,False
20260730,20260729,40.54,0.3109,0.3109,0.221,False
20260731,20260730,23.59,0.0,0.0,0.0,False
20260803,20260731,32.76,0.1553,0.1553,0.0776,True
20260804,20260803,31.71,0.1342,0.1342,0.0776,False
20260805,20260804,52.45,0.549,0.549,0.3133,False
20260806,20260805,62.75,0.755,0.755,0.5342,False
