fundingTime,fundingRate
2023-09-09 16:00:00,1.661e-05
2023-09-10 00:00:00,3.389e-05
2023-09-10 08:00:00,6.603e-05
2023-09-10 16:00:00,9.439e-05
2023-09-11 00:00:00,7.35e-05
2023-09-11 08:00:00,2.295e-05
2023-09-11 16:00:00,-4.52e-06
2023-09-12 00:00:00,4.155e-05
2023-09-12 08:00:00,5.007e-05
2023-09-12 16:00:00,6.583e-05
2023-09-13 00:00:00,2.247e-05
2023-09-13 08:00:00,-3.967e-05
2023-09-13 16:00:00,3.77e-06
2023-09-14 00:00:00,-2.862e-05
2023-09-14 08:00:00,-3.89e-06
2023-09-14 16:00:00,1.107e-05
2023-09-15 00:00:00,-1.362e-05
2023-09-15 08:00:00,1.452e-05
2023-09-15 16:00:00,7.45e-05
2023-09-16 00:00:00,-5.021e-05
2023-09-16 08:00:00,-1.001e-05
2023-09-16 16:00:00,5.574e-05
2023-09-17 00:00:00,7.234e-05
2023-09-17 08:00:00,3.727e-05
2023-09-17 16:00:00,2.862e-05
2023-09-18 00:00:00,1.53e-06
2023-09-18 08:00:00,0.0001
2023-09-18 16:00:00,4.192e-05
2023-09-19 00:00:00,5.882e-05
2023-09-19 08:00:00,5.051e-05
2023-09-19 16:00:00,8.455e-05
2023-09-20 00:00:00,5.883e-05
2023-09-20 08:00:00,3.112e-05
2023-09-20 16:00:00,2.605e-05
2023-09-21 00:00:00,3.228e-05
2023-09-21 08:00:00,5.862e-05
2023-09-21 16:00:00,2.769e-05
2023-09-22 00:00:00,-2.319e-05
2023-09-22 08:00:00,1.66e-06
2023-09-22 16:00:00,2.708e-05
2023-09-23 00:00:00,2.088e-05
2023-09-23 08:00:00,-1.691e-05
2023-09-23 16:00:00,2.647e-05
2023-09-24 00:00:00,5.368e-05
2023-09-24 08:00:00,3.652e-05
2023-09-24 16:00:00,6.269e-05
2023-09-25 00:00:00,1.607e-05
2023-09-25 08:00:00,-6.38e-06
2023-09-25 16:00:00,1.864e-05
2023-09-26 00:00:00,-5.563e-05
2023-09-26 08:00:00,1.948e-05
2023-09-26 16:00:00,4.889e-05
2023-09-27 00:00:00,-2.91e-06
2023-09-27 08:00:00,2.315e-05
2023-09-27 16:00:00,-5.203e-05
2023-09-28 00:00:00,5.036e-05
2023-09-28 08:00:00,-9.43e-06
2023-09-28 16:00:00,-3.652e-05
2023-09-29 00:00:00,-2.847e-05
2023-09-29 08:00:00,1.418e-05
2023-09-29 16:00:00,2.607e-05
2023-09-30 00:00:00,0.0001
2023-09-30 08:00:00,5.418e-05
2023-09-30 16:00:00,0.0001
2023-10-01 00:00:00,0.0001
2023-10-01 08:00:00,9.189e-05
2023-10-01 16:00:00,5.051e-05
2023-10-02 00:00:00,3.324e-05
2023-10-02 08:00:00,-4.87e-05
2023-10-02 16:00:00,-3.239e-05
2023-10-03 00:00:00,9.645e-05
2023-10-03 08:00:00,0.0001
2023-10-03 16:00:00,6.702e-05
2023-10-04 00:00:00,0.0001
2023-10-04 08:00:00,7.308e-05
2023-10-04 16:00:00,9.079e-05
2023-10-05 00:00:00,8.474e-05
2023-10-05 08:00:00,7.741e-05
2023-10-05 16:00:00,1.476e-05
2023-10-06 00:00:00,5.881e-05
2023-10-06 08:00:00,5.197e-05
2023-10-06 16:00:00,4.57e-06
2023-10-07 00:00:00,3.193e-05
2023-10-07 08:00:00,4.409e-05
2023-10-07 16:00:00,-3.952e-05
2023-10-08 00:00:00,-8.017e-05
2023-10-08 08:00:00,-1.736e-05
2023-10-08 16:00:00,3.078e-05
2023-10-09 00:00:00,-2.543e-05
2023-10-09 08:00:00,-1.491e-05
2023-10-09 16:00:00,-1.275e-05
2023-10-10 00:00:00,9.735e-05
2023-10-10 08:00:00,2.403e-05
2023-10-10 16:00:00,3.746e-05
2023-10-11 00:00:00,8.565e-05
2023-10-11 08:00:00,7.159e-05
2023-10-11 16:00:00,0.0001
2023-10-12 00:00:00,0.0001
2023-10-12 08:00:00,9.346e-05
2023-10-12 16:00:00,0.0001
2023-10-13 00:00:00,0.0001
2023-10-13 08:00:00,8.044e-05
2023-10-13 16:00:00,0.0001
2023-10-14 00:00:00,0.0001
2023-10-14 08:00:00,9.749e-05
2023-10-14 16:00:00,0.0001
2023-10-15 00:00:00,5.329e-05
2023-10-15 08:00:00,6.929e-05
2023-10-15 16:00:00,8.953e-05
2023-10-16 00:00:00,1.139e-05
2023-10-16 08:00:00,-2.151e-05
2023-10-16 16:00:00,5.177e-05
2023-10-17 00:00:00,5.47e-05
2023-10-17 08:00:00,5.961e-05
2023-10-17 16:00:00,5.1e-05
2023-10-18 00:00:00,-1.695e-05
2023-10-18 08:00:00,5.001e-05
2023-10-18 16:00:00,2.251e-05
2023-10-19 00:00:00,4.369e-05
2023-10-19 08:00:00,-2.73e-06
2023-10-19 16:00:00,1.257e-05
2023-10-20 00:00:00,-1.658e-05
2023-10-20 08:00:00,5.458e-05
2023-10-20 16:00:00,8.577e-05
2023-10-21 00:00:00,0.0001
2023-10-21 08:00:00,0.0001
2023-10-21 16:00:00,2.99e-06
2023-10-22 00:00:00,3.98e-06
2023-10-22 08:00:00,1.297e-05
2023-10-22 16:00:00,5.399e-05
2023-10-23 00:00:00,5.084e-05
2023-10-23 08:00:00,0.0001
2023-10-23 16:00:00,0.0001
2023-10-24 00:00:00,0.0001
2023-10-24 08:00:00,0.0001
2023-10-24 16:00:00,0.0001
2023-10-25 00:00:00,0.0001
2023-10-25 08:00:00,0.0001
2023-10-25 16:00:00,0.0001
2023-10-26 00:00:00,0.0001
2023-10-26 08:00:00,0.0001
2023-10-26 16:00:00,0.0001
2023-10-27 00:00:00,0.0001
2023-10-27 08:00:00,0.0001
2023-10-27 16:00:00,0.0001
2023-10-28 00:00:00,0.0001
2023-10-28 08:00:00,0.00017876
2023-10-28 16:00:00,0.0001
2023-10-29 00:00:00,0.0001
2023-10-29 08:00:00,0.0001
2023-10-29 16:00:00,0.0001
2023-10-30 00:00:00,0.0001
2023-10-30 08:00:00,0.0001
2023-10-30 16:00:00,0.0001
2023-10-31 00:00:00,0.0001
2023-10-31 08:00:00,0.0001
2023-10-31 16:00:00,0.00010516
2023-11-01 00:00:00,0.0001
2023-11-01 08:00:00,0.0001193
2023-11-01 16:00:00,0.0001
2023-11-02 00:00:00,0.00014309
2023-11-02 08:00:00,0.00018541
2023-11-02 16:00:00,0.00011649
2023-11-03 00:00:00,0.0001
2023-11-03 08:00:00,0.0001
2023-11-03 16:00:00,0.0001
2023-11-04 00:00:00,0.0001
2023-11-04 08:00:00,0.0001
2023-11-04 16:00:00,0.0001
2023-11-05 00:00:00,0.0001
2023-11-05 08:00:00,0.0001
2023-11-05 16:00:00,0.0001
2023-11-06 00:00:00,0.00012243
2023-11-06 08:00:00,0.0001
2023-11-06 16:00:00,0.00026302
2023-11-07 00:00:00,0.0001
2023-11-07 08:00:00,0.0001
2023-11-07 16:00:00,0.00010434
2023-11-08 00:00:00,0.00011888
2023-11-08 08:00:00,0.00025842
2023-11-08 16:00:00,0.000157
2023-11-09 00:00:00,0.00013904
2023-11-09 08:00:00,0.0002041
2023-11-09 16:00:00,0.0004003
2023-11-10 00:00:00,0.00018027
2023-11-10 08:00:00,0.00045315
2023-11-10 16:00:00,0.0002972
2023-11-11 00:00:00,0.0002613
2023-11-11 08:00:00,0.00023984
2023-11-11 16:00:00,0.00025548
2023-11-12 00:00:00,0.00019689
2023-11-12 08:00:00,0.00020745
2023-11-12 16:00:00,0.0002686
2023-11-13 00:00:00,0.00031492
2023-11-13 08:00:00,0.00032407
2023-11-13 16:00:00,0.00037847
2023-11-14 00:00:00,0.00014184
2023-11-14 08:00:00,0.00017047
2023-11-14 16:00:00,0.00011821
2023-11-15 00:00:00,0.0001
2023-11-15 08:00:00,0.0001
2023-11-15 16:00:00,0.0001
2023-11-16 00:00:00,0.0001
2023-11-16 08:00:00,0.00020167
2023-11-16 16:00:00,0.00014161
2023-11-17 00:00:00,0.0001
2023-11-17 08:00:00,0.0001
2023-11-17 16:00:00,0.0001
2023-11-18 00:00:00,0.0001
2023-11-18 08:00:00,0.0001
2023-11-18 16:00:00,0.0001
2023-11-19 00:00:00,0.0001
2023-11-19 08:00:00,0.0001
2023-11-19 16:00:00,0.0001
2023-11-20 00:00:00,0.0001
2023-11-20 08:00:00,0.0001
2023-11-20 16:00:00,0.00015534
2023-11-21 00:00:00,0.0001
2023-11-21 08:00:00,0.0001
2023-11-21 16:00:00,0.0001
2023-11-22 00:00:00,0.0001
2023-11-22 08:00:00,0.0001
2023-11-22 16:00:00,0.0001
2023-11-23 00:00:00,0.0001
2023-11-23 08:00:00,0.0001
2023-11-23 16:00:00,0.0001
2023-11-24 00:00:00,0.0001
2023-11-24 08:00:00,0.0001
2023-11-24 16:00:00,0.0001
2023-11-25 00:00:00,0.0001
2023-11-25 08:00:00,0.0001
2023-11-25 16:00:00,0.0001
2023-11-26 00:00:00,0.0001
2023-11-26 08:00:00,0.0001
2023-11-26 16:00:00,0.0001
2023-11-27 00:00:00,0.0001
2023-11-27 08:00:00,0.0001
2023-11-27 16:00:00,0.0001
2023-11-28 00:00:00,0.0001
2023-11-28 08:00:00,0.0001
2023-11-28 16:00:00,0.0001
2023-11-29 00:00:00,0.0001
2023-11-29 08:00:00,0.0001
2023-11-29 16:00:00,0.0001
2023-11-30 00:00:00,0.0001
2023-11-30 08:00:00,0.0001
2023-11-30 16:00:00,0.0001
2023-12-01 00:00:00,0.0001
2023-12-01 08:00:00,0.0001
2023-12-01 16:00:00,0.0001
2023-12-02 00:00:00,0.0001
2023-12-02 08:00:00,0.0001
2023-12-02 16:00:00,0.0001
2023-12-03 00:00:00,0.0001
2023-12-03 08:00:00,0.0001
2023-12-03 16:00:00,0.0001
2023-12-04 00:00:00,0.0001
2023-12-04 08:00:00,0.00039246
2023-12-04 16:00:00,0.0001
2023-12-05 00:00:00,0.0001
2023-12-05 08:00:00,0.0001
2023-12-05 16:00:00,0.0001
2023-12-06 00:00:00,0.0001
2023-12-06 08:00:00,0.0001
2023-12-06 16:00:00,0.0001
2023-12-07 00:00:00,0.0001
2023-12-07 08:00:00,0.00010721
2023-12-07 16:00:00,0.00016767
2023-12-08 00:00:00,0.00023913
2023-12-08 08:00:00,0.00044041
2023-12-08 16:00:00,0.00034051
2023-12-09 00:00:00,0.00011864
2023-12-09 08:00:00,0.00049285
2023-12-09 16:00:00,0.00032929
2023-12-10 00:00:00,0.00033498
2023-12-10 08:00:00,0.0003097
2023-12-10 16:00:00,0.00039354
2023-12-11 00:00:00,0.00033285
2023-12-11 08:00:00,0.00015948
2023-12-11 16:00:00,0.0001
2023-12-12 00:00:00,0.00021542
2023-12-12 08:00:00,0.00016545
2023-12-12 16:00:00,0.0001
2023-12-13 00:00:00,0.00018236
2023-12-13 08:00:00,0.00015492
2023-12-13 16:00:00,0.00016232
2023-12-14 00:00:00,0.00010146
2023-12-14 08:00:00,0.00012332
2023-12-14 16:00:00,0.00011106
2023-12-15 00:00:00,0.00010466
2023-12-15 08:00:00,0.00015354
2023-12-15 16:00:00,0.00013415
2023-12-16 00:00:00,0.0001
2023-12-16 08:00:00,0.00024408
2023-12-16 16:00:00,0.00017406
2023-12-17 00:00:00,0.00017286
2023-12-17 08:00:00,0.0001
2023-12-17 16:00:00,0.0001
2023-12-18 00:00:00,0.00013303
2023-12-18 08:00:00,0.0001
2023-12-18 16:00:00,0.00010731
2023-12-19 00:00:00,0.0001
2023-12-19 08:00:00,0.00017727
2023-12-19 16:00:00,0.00013946
2023-12-20 00:00:00,0.0001
2023-12-20 08:00:00,0.0001
2023-12-20 16:00:00,0.00018725
2023-12-21 00:00:00,0.000152
2023-12-21 08:00:00,0.00022504
2023-12-21 16:00:00,0.00033844
2023-12-22 00:00:00,0.00024215
2023-12-22 08:00:00,0.00030643
2023-12-22 16:00:00,0.00020031
2023-12-23 00:00:00,0.00015263
2023-12-23 08:00:00,0.0001
2023-12-23 16:00:00,0.0001
2023-12-24 00:00:00,0.0001
2023-12-24 08:00:00,0.00025197
2023-12-24 16:00:00,0.0001
2023-12-25 00:00:00,0.0001
2023-12-25 08:00:00,0.0001
2023-12-25 16:00:00,0.00018708
2023-12-26 00:00:00,0.0003048
2023-12-26 08:00:00,0.00027919
2023-12-26 16:00:00,0.00032104
2023-12-27 00:00:00,0.00040735
2023-12-27 08:00:00,0.00042225
2023-12-27 16:00:00,0.0005221
2023-12-28 00:00:00,0.00019269
2023-12-28 08:00:00,0.00038854
2023-12-28 16:00:00,0.00057322
2023-12-29 00:00:00,0.00059775
2023-12-29 08:00:00,0.00044001
2023-12-29 16:00:00,0.000435
2023-12-30 00:00:00,0.00039208
2023-12-30 08:00:00,0.00036923
2023-12-30 16:00:00,0.00024277
2023-12-31 00:00:00,0.00026419
2023-12-31 08:00:00,0.00040148
2023-12-31 16:00:00,0.00044151
2024-01-01 00:00:00,0.00043294
2024-01-01 08:00:00,0.00049955
2024-01-01 16:00:00,0.00037274
2024-01-02 00:00:00,0.00057167
2024-01-02 08:00:00,0.00049958
2024-01-02 16:00:00,0.00066228
2024-01-03 00:00:00,0.00045739
2024-01-03 08:00:00,0.00035429
2024-01-03 16:00:00,0.0001
2024-01-04 00:00:00,0.0001
2024-01-04 08:00:00,0.0001
2024-01-04 16:00:00,0.0001
2024-01-05 00:00:00,0.0001
2024-01-05 08:00:00,0.0001
2024-01-05 16:00:00,0.0001
2024-01-06 00:00:00,0.0001
2024-01-06 08:00:00,0.0001
2024-01-06 16:00:00,0.0001
2024-01-07 00:00:00,0.0001
2024-01-07 08:00:00,0.0001
2024-01-07 16:00:00,0.0001
2024-01-08 00:00:00,0.0001
2024-01-08 08:00:00,0.0001
2024-01-08 16:00:00,0.0001
2024-01-09 00:00:00,0.0001
2024-01-09 08:00:00,0.0001
2024-01-09 16:00:00,0.0001
2024-01-10 00:00:00,0.0001
2024-01-10 08:00:00,0.0001
2024-01-10 16:00:00,0.0001
2024-01-11 00:00:00,0.0001
2024-01-11 08:00:00,0.0001
2024-01-11 16:00:00,0.0001
2024-01-12 00:00:00,0.0001
2024-01-12 08:00:00,0.0001
2024-01-12 16:00:00,0.0001
2024-01-13 00:00:00,0.0001
2024-01-13 08:00:00,0.0001
2024-01-13 16:00:00,0.0001
2024-01-14 00:00:00,0.0001
2024-01-14 08:00:00,0.0001
2024-01-14 16:00:00,0.0001
2024-01-15 00:00:00,0.0001
2024-01-15 08:00:00,0.0001
2024-01-15 16:00:00,0.0001
2024-01-16 00:00:00,0.0001
2024-01-16 08:00:00,0.0001
2024-01-16 16:00:00,0.0001
2024-01-17 00:00:00,0.0001
2024-01-17 08:00:00,0.0001
2024-01-17 16:00:00,0.0001
2024-01-18 00:00:00,0.0001
2024-01-18 08:00:00,0.0001
2024-01-18 16:00:00,0.0001
2024-01-19 00:00:00,0.0001
2024-01-19 08:00:00,0.0001
2024-01-19 16:00:00,0.0001
2024-01-20 00:00:00,0.0001
2024-01-20 08:00:00,0.0001
2024-01-20 16:00:00,0.0001
2024-01-21 00:00:00,0.0001
2024-01-21 08:00:00,0.0001
2024-01-21 16:00:00,0.0001
2024-01-22 00:00:00,0.0001
2024-01-22 08:00:00,0.0001
2024-01-22 16:00:00,0.0001
2024-01-23 00:00:00,0.0001
2024-01-23 08:00:00,0.0001
2024-01-23 16:00:00,0.0001
2024-01-24 00:00:00,0.0001
2024-01-24 08:00:00,0.0001
2024-01-24 16:00:00,0.0001
2024-01-25 00:00:00,0.0001
2024-01-25 08:00:00,0.0001
2024-01-25 16:00:00,0.0001
2024-01-26 00:00:00,0.0001
2024-01-26 08:00:00,0.0001
2024-01-26 16:00:00,0.0001
2024-01-27 00:00:00,0.0001
2024-01-27 08:00:00,0.0001
2024-01-27 16:00:00,0.0001
2024-01-28 00:00:00,6.78e-06
2024-01-28 08:00:00,5.43e-06
2024-01-28 16:00:00,0.0001
2024-01-29 00:00:00,0.0001
2024-01-29 08:00:00,0.0001
2024-01-29 16:00:00,0.0001
2024-01-30 00:00:00,8.201e-05
2024-01-30 08:00:00,0.0001
2024-01-30 16:00:00,0.0001
2024-01-31 00:00:00,1.302e-05
2024-01-31 08:00:00,0.0001
2024-01-31 16:00:00,0.0001
2024-02-01 00:00:00,5.432e-05
2024-02-01 08:00:00,0.0001
2024-02-01 16:00:00,0.0001
2024-02-02 00:00:00,7.298e-05
2024-02-02 08:00:00,0.0001
2024-02-02 16:00:00,0.0001
2024-02-03 00:00:00,8.511e-05
2024-02-03 08:00:00,4.735e-05
2024-02-03 16:00:00,0.0001
2024-02-04 00:00:00,8.642e-05
2024-02-04 08:00:00,0.0001
2024-02-04 16:00:00,0.0001
2024-02-05 00:00:00,8.355e-05
2024-02-05 08:00:00,0.0001
2024-02-05 16:00:00,0.0001
2024-02-06 00:00:00,0.0001
2024-02-06 08:00:00,0.0001
2024-02-06 16:00:00,0.0001
2024-02-07 00:00:00,5.488e-05
2024-02-07 08:00:00,0.0001
2024-02-07 16:00:00,0.0001
2024-02-08 00:00:00,0.0001
2024-02-08 08:00:00,6.283e-05
2024-02-08 16:00:00,3.61e-06
2024-02-09 00:00:00,-2.88e-05
2024-02-09 08:00:00,0.0001
2024-02-09 16:00:00,0.0001
2024-02-10 00:00:00,0.0001
2024-02-10 08:00:00,0.0001
2024-02-10 16:00:00,0.0001
2024-02-11 00:00:00,0.0001
2024-02-11 08:00:00,0.0001
2024-02-11 16:00:00,0.0001
2024-02-12 00:00:00,0.0001
2024-02-12 08:00:00,0.0001
2024-02-12 16:00:00,0.0001
2024-02-13 00:00:00,0.0001
2024-02-13 08:00:00,0.0001
2024-02-13 16:00:00,0.0001
2024-02-14 00:00:00,0.0001
2024-02-14 08:00:00,0.0001
2024-02-14 16:00:00,0.00011153
2024-02-15 00:00:00,0.0001
2024-02-15 08:00:00,0.00014722
2024-02-15 16:00:00,0.00010861
2024-02-16 00:00:00,0.0001
2024-02-16 08:00:00,0.0001
2024-02-16 16:00:00,0.0001
2024-02-17 00:00:00,0.0001
2024-02-17 08:00:00,0.0001
2024-02-17 16:00:00,0.0001
2024-02-18 00:00:00,0.00012154
2024-02-18 08:00:00,0.0001
2024-02-18 16:00:00,0.0001
2024-02-19 00:00:00,0.00017748
2024-02-19 08:00:00,0.00013098
2024-02-19 16:00:00,0.00019352
2024-02-20 00:00:00,0.0001
2024-02-20 08:00:00,0.0001
2024-02-20 16:00:00,0.0001
2024-02-21 00:00:00,0.0001
2024-02-21 08:00:00,0.0001
2024-02-21 16:00:00,0.0001
2024-02-22 00:00:00,0.0001
2024-02-22 08:00:00,0.0001
2024-02-22 16:00:00,0.0001
2024-02-23 00:00:00,0.0001
2024-02-23 08:00:00,0.0001
2024-02-23 16:00:00,0.0001
2024-02-24 00:00:00,0.0001
2024-02-24 08:00:00,0.0001
2024-02-24 16:00:00,0.00010658
2024-02-25 00:00:00,0.0001
2024-02-25 08:00:00,0.0001
2024-02-25 16:00:00,0.0001
2024-02-26 00:00:00,0.0001
2024-02-26 08:00:00,0.0001
2024-02-26 16:00:00,0.0001
2024-02-27 00:00:00,0.00026308
2024-02-27 08:00:00,0.00067187
2024-02-27 16:00:00,0.00030171
2024-02-28 00:00:00,0.00023372
2024-02-28 08:00:00,0.00019212
2024-02-28 16:00:00,0.0005031
2024-02-29 00:00:00,0.00061432
2024-02-29 08:00:00,0.00072478
2024-02-29 16:00:00,0.00069292
2024-03-01 00:00:00,0.0003927
2024-03-01 08:00:00,0.00039022
2024-03-01 16:00:00,0.00040755
2024-03-02 00:00:00,0.00013237
2024-03-02 08:00:00,0.00023839
2024-03-02 16:00:00,0.00059366
2024-03-03 00:00:00,0.0005429
2024-03-03 08:00:00,0.00041238
2024-03-03 16:00:00,0.00048175
2024-03-04 00:00:00,0.00045429
2024-03-04 08:00:00,0.00067979
2024-03-04 16:00:00,0.00082996
2024-03-05 00:00:00,0.00080029
2024-03-05 08:00:00,0.00112788
2024-03-05 16:00:00,0.0009208
2024-03-06 00:00:00,0.00028173
2024-03-06 08:00:00,0.00024214
2024-03-06 16:00:00,0.00047896
2024-03-07 00:00:00,0.00027527
2024-03-07 08:00:00,0.00024008
2024-03-07 16:00:00,0.00050302
2024-03-08 00:00:00,0.00035863
2024-03-08 08:00:00,0.00040848
2024-03-08 16:00:00,0.00072305
2024-03-09 00:00:00,0.00023097
2024-03-09 08:00:00,0.0002609
2024-03-09 16:00:00,0.00028422
2024-03-10 00:00:00,0.00033129
2024-03-10 08:00:00,0.00058798
2024-03-10 16:00:00,0.00065671
2024-03-11 00:00:00,0.00041946
2024-03-11 08:00:00,0.00077869
2024-03-11 16:00:00,0.00074316
2024-03-12 00:00:00,0.00049803
2024-03-12 08:00:00,0.00051935
2024-03-12 16:00:00,0.00055529
2024-03-13 00:00:00,0.00034133
2024-03-13 08:00:00,0.0007759
2024-03-13 16:00:00,0.0004918
2024-03-14 00:00:00,0.00028643
2024-03-14 08:00:00,0.00048932
2024-03-14 16:00:00,0.00049306
2024-03-15 00:00:00,0.00050945
2024-03-15 08:00:00,0.0001
2024-03-15 16:00:00,0.0001
2024-03-16 00:00:00,0.0001
2024-03-16 08:00:00,0.0001
2024-03-16 16:00:00,0.0001
2024-03-17 00:00:00,0.0001
2024-03-17 08:00:00,0.0001
2024-03-17 16:00:00,0.00019339
2024-03-18 00:00:00,0.00013515
2024-03-18 08:00:00,0.00030244
2024-03-18 16:00:00,0.0001
2024-03-19 00:00:00,0.0001
2024-03-19 08:00:00,0.0001
2024-03-19 16:00:00,0.00011542
2024-03-20 00:00:00,0.0001
2024-03-20 08:00:00,0.0001
2024-03-20 16:00:00,0.0001
2024-03-21 00:00:00,0.0001
2024-03-21 08:00:00,0.0001
2024-03-21 16:00:00,0.0001
2024-03-22 00:00:00,0.0001
2024-03-22 08:00:00,0.0001
2024-03-22 16:00:00,0.0001
2024-03-23 00:00:00,0.0001
2024-03-23 08:00:00,0.0001
2024-03-23 16:00:00,0.0001
2024-03-24 00:00:00,0.0001
2024-03-24 08:00:00,0.0001
2024-03-24 16:00:00,0.0001
2024-03-25 00:00:00,0.0001
2024-03-25 08:00:00,0.0001
2024-03-25 16:00:00,0.00025614
2024-03-26 00:00:00,0.00010181
2024-03-26 08:00:00,0.00023139
2024-03-26 16:00:00,0.00032273
2024-03-27 00:00:00,0.00046291
2024-03-27 08:00:00,0.00032533
2024-03-27 16:00:00,0.00042313
2024-03-28 00:00:00,0.00037678
2024-03-28 08:00:00,0.00052851
2024-03-28 16:00:00,0.00047308
2024-03-29 00:00:00,0.00043346
2024-03-29 08:00:00,0.0003284
2024-03-29 16:00:00,0.00037754
2024-03-30 00:00:00,0.00026099
2024-03-30 08:00:00,0.0004336
2024-03-30 16:00:00,0.00035292
2024-03-31 00:00:00,0.0003051
2024-03-31 08:00:00,0.00044673
2024-03-31 16:00:00,0.00049276
2024-04-01 00:00:00,0.00065297
2024-04-01 08:00:00,0.00029626
2024-04-01 16:00:00,0.00024903
2024-04-02 00:00:00,0.00024486
2024-04-02 08:00:00,0.0001
2024-04-02 16:00:00,0.0001
2024-04-03 00:00:00,0.0001
2024-04-03 08:00:00,0.0001
2024-04-03 16:00:00,0.0001
2024-04-04 00:00:00,0.0001
2024-04-04 08:00:00,0.0001
2024-04-04 16:00:00,0.0001
2024-04-05 00:00:00,0.0001
2024-04-05 08:00:00,0.0001
2024-04-05 16:00:00,0.0001
2024-04-06 00:00:00,0.0001
2024-04-06 08:00:00,0.0001
2024-04-06 16:00:00,0.0001
2024-04-07 00:00:00,0.0001
2024-04-07 08:00:00,0.0001
2024-04-07 16:00:00,0.0001
2024-04-08 00:00:00,0.0001
2024-04-08 08:00:00,0.0001
2024-04-08 16:00:00,0.00021323
2024-04-09 00:00:00,0.00020982
2024-04-09 08:00:00,0.00015607
2024-04-09 16:00:00,0.00016704
2024-04-10 00:00:00,0.00011987
2024-04-10 08:00:00,0.0001
2024-04-10 16:00:00,0.0001
2024-04-11 00:00:00,0.0001
2024-04-11 08:00:00,0.0001
2024-04-11 16:00:00,0.0001
2024-04-12 00:00:00,0.0001
2024-04-12 08:00:00,0.0001
2024-04-12 16:00:00,0.0001
2024-04-13 00:00:00,0.0001
2024-04-13 08:00:00,0.0001
2024-04-13 16:00:00,0.0001
2024-04-14 00:00:00,7.356e-05
2024-04-14 08:00:00,0.0001
2024-04-14 16:00:00,0.0001
2024-04-15 00:00:00,8.288e-05
2024-04-15 08:00:00,-3.849e-05
2024-04-15 16:00:00,5.41e-06
2024-04-16 00:00:00,8.676e-05
2024-04-16 08:00:00,6.221e-05
2024-04-16 16:00:00,6.552e-05
2024-04-17 00:00:00,3.688e-05
2024-04-17 08:00:00,6.63e-06
2024-04-17 16:00:00,4.406e-05
2024-04-18 00:00:00,7.307e-05
2024-04-18 08:00:00,-4.087e-05
2024-04-18 16:00:00,-5.366e-05
2024-04-19 00:00:00,-2.998e-05
2024-04-19 08:00:00,0.0001
2024-04-19 16:00:00,5.565e-05
2024-04-20 00:00:00,3.58e-05
2024-04-20 08:00:00,9.43e-06
2024-04-20 16:00:00,-6.986e-05
2024-04-21 00:00:00,-1.858e-05
2024-04-21 08:00:00,4.833e-05
2024-04-21 16:00:00,5.023e-05
2024-04-22 00:00:00,9.377e-05
2024-04-22 08:00:00,0.0001
2024-04-22 16:00:00,-7.379e-05
2024-04-23 00:00:00,-0.00015398
2024-04-23 08:00:00,-1.744e-05
2024-04-23 16:00:00,7.572e-05
2024-04-24 00:00:00,0.0001
2024-04-24 08:00:00,0.0001
2024-04-24 16:00:00,4.93e-05
2024-04-25 00:00:00,0.0001
2024-04-25 08:00:00,-1.371e-05
2024-04-25 16:00:00,2.499e-05
2024-04-26 00:00:00,-1.077e-05
2024-04-26 08:00:00,-3.421e-05
2024-04-26 16:00:00,6.161e-05
2024-04-27 00:00:00,0.0001
2024-04-27 08:00:00,0.0001
2024-04-27 16:00:00,0.0001
2024-04-28 00:00:00,4.02e-05
2024-04-28 08:00:00,7.92e-05
2024-04-28 16:00:00,7.9e-05
2024-04-29 00:00:00,1.802e-05
2024-04-29 08:00:00,-5.782e-05
2024-04-29 16:00:00,0.0001
2024-04-30 00:00:00,1.43e-05
2024-04-30 08:00:00,6.38e-06
2024-04-30 16:00:00,8.364e-05
2024-05-01 00:00:00,0.0001
2024-05-01 08:00:00,0.0001
2024-05-01 16:00:00,5.046e-05
2024-05-02 00:00:00,1.443e-05
2024-05-02 08:00:00,0.0001
2024-05-02 16:00:00,-0.0001045
2024-05-03 00:00:00,-9.395e-05
2024-05-03 08:00:00,-5.166e-05
2024-05-03 16:00:00,-8.669e-05
2024-05-04 00:00:00,-9.541e-05
2024-05-04 08:00:00,1.769e-05
2024-05-04 16:00:00,-2.317e-05
2024-05-05 00:00:00,3.013e-05
2024-05-05 08:00:00,7.133e-05
2024-05-05 16:00:00,0.0001
2024-05-06 00:00:00,4.545e-05
2024-05-06 08:00:00,7.226e-05
2024-05-06 16:00:00,8.717e-05
2024-05-07 00:00:00,0.0001
2024-05-07 08:00:00,0.0001
2024-05-07 16:00:00,0.0001
2024-05-08 00:00:00,0.0001
2024-05-08 08:00:00,0.0001
2024-05-08 16:00:00,0.0001
2024-05-09 00:00:00,0.0001
2024-05-09 08:00:00,4.634e-05
2024-05-09 16:00:00,8.999e-05
2024-05-10 00:00:00,2.72e-06
2024-05-10 08:00:00,1.145e-05
2024-05-10 16:00:00,0.0001
2024-05-11 00:00:00,0.0001
2024-05-11 08:00:00,0.0001
2024-05-11 16:00:00,0.0001
2024-05-12 00:00:00,0.0001
2024-05-12 08:00:00,5.654e-05
2024-05-12 16:00:00,0.0001
2024-05-13 00:00:00,-1.44e-06
2024-05-13 08:00:00,9.033e-05
2024-05-13 16:00:00,9.59e-06
2024-05-14 00:00:00,-2.451e-05
2024-05-14 08:00:00,0.0001
2024-05-14 16:00:00,9.399e-05
2024-05-15 00:00:00,6.589e-05
2024-05-15 08:00:00,3.598e-05
2024-05-15 16:00:00,-6.766e-05
2024-05-16 00:00:00,3.295e-05
2024-05-16 08:00:00,6.558e-05
2024-05-16 16:00:00,2.947e-05
2024-05-17 00:00:00,0.0001
2024-05-17 08:00:00,0.0001
2024-05-17 16:00:00,0.0001
2024-05-18 00:00:00,2.216e-05
2024-05-18 08:00:00,7.849e-05
2024-05-18 16:00:00,1.546e-05
2024-05-19 00:00:00,4.445e-05
2024-05-19 08:00:00,9.105e-05
2024-05-19 16:00:00,7.228e-05
2024-05-20 00:00:00,1.894e-05
2024-05-20 08:00:00,0.0001
2024-05-20 16:00:00,6.146e-05
2024-05-21 00:00:00,0.0001
2024-05-21 08:00:00,0.0001
2024-05-21 16:00:00,0.0001
2024-05-22 00:00:00,0.0001
2024-05-22 08:00:00,0.0001
2024-05-22 16:00:00,0.0001
2024-05-23 00:00:00,0.0001
2024-05-23 08:00:00,0.00015256
2024-05-23 16:00:00,0.00010356
2024-05-24 00:00:00,0.0001
2024-05-24 08:00:00,0.0001
2024-05-24 16:00:00,0.0001
2024-05-25 00:00:00,0.0001
2024-05-25 08:00:00,0.0001
2024-05-25 16:00:00,0.0001
2024-05-26 00:00:00,0.0001
2024-05-26 08:00:00,0.0001
2024-05-26 16:00:00,0.0001
2024-05-27 00:00:00,0.0001
2024-05-27 08:00:00,0.0001
2024-05-27 16:00:00,0.0001
2024-05-28 00:00:00,0.0001
2024-05-28 08:00:00,0.0001
2024-05-28 16:00:00,0.0001
2024-05-29 00:00:00,0.0001
2024-05-29 08:00:00,0.00010687
2024-05-29 16:00:00,0.0001
2024-05-30 00:00:00,0.0001
2024-05-30 08:00:00,0.0001
2024-05-30 16:00:00,0.0001
2024-05-31 00:00:00,0.0001
2024-05-31 08:00:00,0.0001
2024-05-31 16:00:00,0.0001
2024-06-01 00:00:00,0.0001
2024-06-01 08:00:00,0.0001
2024-06-01 16:00:00,0.0001
2024-06-02 00:00:00,0.0001
2024-06-02 08:00:00,0.0001
2024-06-02 16:00:00,0.0001
2024-06-03 00:00:00,0.0001
2024-06-03 08:00:00,0.0001
2024-06-03 16:00:00,0.0001
2024-06-04 00:00:00,0.0001
2024-06-04 08:00:00,0.00016251
2024-06-04 16:00:00,0.0001
2024-06-05 00:00:00,0.0001
2024-06-05 08:00:00,0.0001104
2024-06-05 16:00:00,0.0001
2024-06-06 00:00:00,0.0001
2024-06-06 08:00:00,0.0001
2024-06-06 16:00:00,0.0001
2024-06-07 00:00:00,0.0001
2024-06-07 08:00:00,0.0001
2024-06-07 16:00:00,0.00014636
2024-06-08 00:00:00,0.00015015
2024-06-08 08:00:00,0.0001
2024-06-08 16:00:00,0.0001
2024-06-09 00:00:00,0.0001
2024-06-09 08:00:00,0.0001
2024-06-09 16:00:00,0.0001
2024-06-10 00:00:00,0.0001
2024-06-10 08:00:00,0.0001
2024-06-10 16:00:00,0.0001
2024-06-11 00:00:00,0.0001
2024-06-11 08:00:00,0.0001
2024-06-11 16:00:00,0.0001
2024-06-12 00:00:00,2.722e-05
2024-06-12 08:00:00,1.528e-05
2024-06-12 16:00:00,2.555e-05
2024-06-13 00:00:00,0.0001
2024-06-13 08:00:00,4.526e-05
2024-06-13 16:00:00,4.705e-05
2024-06-14 00:00:00,2.162e-05
2024-06-14 08:00:00,0.0001
2024-06-14 16:00:00,4.866e-05
2024-06-15 00:00:00,8.49e-06
2024-06-15 08:00:00,9.013e-05
2024-06-15 16:00:00,2.833e-05
2024-06-16 00:00:00,1.204e-05
2024-06-16 08:00:00,-1.968e-05
2024-06-16 16:00:00,-2.464e-05
2024-06-17 00:00:00,-2.987e-05
2024-06-17 08:00:00,4.1e-06
2024-06-17 16:00:00,-9.86e-06
2024-06-18 00:00:00,2.32e-06
2024-06-18 08:00:00,0.0001
2024-06-18 16:00:00,6.445e-05
2024-06-19 00:00:00,0.0001
2024-06-19 08:00:00,7.993e-05
2024-06-19 16:00:00,1.73e-06
2024-06-20 00:00:00,8.409e-05
2024-06-20 08:00:00,0.0001
2024-06-20 16:00:00,0.0001
2024-06-21 00:00:00,7.6e-05
2024-06-21 08:00:00,-1.57e-06
2024-06-21 16:00:00,-3.133e-05
2024-06-22 00:00:00,9.131e-05
2024-06-22 08:00:00,-7.713e-05
2024-06-22 16:00:00,1.375e-05
2024-06-23 00:00:00,1.361e-05
2024-06-23 08:00:00,-2.913e-05
2024-06-23 16:00:00,3.299e-05
2024-06-24 00:00:00,1.505e-05
2024-06-24 08:00:00,-6.977e-05
2024-06-24 16:00:00,-0.0001414
2024-06-25 00:00:00,-0.0001186
2024-06-25 08:00:00,-8.286e-05
2024-06-25 16:00:00,-2.683e-05
2024-06-26 00:00:00,-0.00012635
2024-06-26 08:00:00,-9.366e-05
2024-06-26 16:00:00,-6.612e-05
2024-06-27 00:00:00,-3.526e-05
2024-06-27 08:00:00,4.902e-05
2024-06-27 16:00:00,8.267e-05
2024-06-28 00:00:00,3.226e-05
2024-06-28 08:00:00,2.455e-05
2024-06-28 16:00:00,-2.545e-05
2024-06-29 00:00:00,0.0001
2024-06-29 08:00:00,-0.0001494
2024-06-29 16:00:00,5.126e-05
2024-06-30 00:00:00,-5.87e-05
2024-06-30 08:00:00,-6.335e-05
2024-06-30 16:00:00,-0.00014348
2024-07-01 00:00:00,-1.829e-05
2024-07-01 08:00:00,-0.00011856
2024-07-01 16:00:00,-3.625e-05
2024-07-02 00:00:00,-6.61e-05
2024-07-02 08:00:00,-5.81e-06
2024-07-02 16:00:00,5.178e-05
2024-07-03 00:00:00,4.183e-05
2024-07-03 08:00:00,3.338e-05
2024-07-03 16:00:00,-2.314e-05
2024-07-04 00:00:00,5.803e-05
2024-07-04 08:00:00,3.251e-05
2024-07-04 16:00:00,-2.617e-05
2024-07-05 00:00:00,4.545e-05
2024-07-05 08:00:00,0.0001
2024-07-05 16:00:00,1.577e-05
2024-07-06 00:00:00,-1.215e-05
2024-07-06 08:00:00,7.586e-05
2024-07-06 16:00:00,5.275e-05
2024-07-07 00:00:00,-5.467e-05
2024-07-07 08:00:00,0.0001
2024-07-07 16:00:00,5.711e-05
2024-07-08 00:00:00,-2.263e-05
2024-07-08 08:00:00,8.711e-05
2024-07-08 16:00:00,0.0001
2024-07-09 00:00:00,8.992e-05
2024-07-09 08:00:00,0.0001
2024-07-09 16:00:00,0.0001
2024-07-10 00:00:00,0.0001
2024-07-10 08:00:00,3.916e-05
2024-07-10 16:00:00,0.0001
2024-07-11 00:00:00,0.0001
2024-07-11 08:00:00,4.13e-05
2024-07-11 16:00:00,7.84e-06
2024-07-12 00:00:00,0.0001
2024-07-12 08:00:00,4.673e-05
2024-07-12 16:00:00,-3.418e-05
2024-07-13 00:00:00,-1.64e-06
2024-07-13 08:00:00,9.8e-07
2024-07-13 16:00:00,7.82e-05
2024-07-14 00:00:00,5.461e-05
2024-07-14 08:00:00,0.0001
2024-07-14 16:00:00,2.743e-05
2024-07-15 00:00:00,1.34e-06
2024-07-15 08:00:00,-4.93e-06
2024-07-15 16:00:00,0.0001
2024-07-16 00:00:00,-4.633e-05
2024-07-16 08:00:00,0.0001
2024-07-16 16:00:00,0.0001
2024-07-17 00:00:00,8.038e-05
2024-07-17 08:00:00,0.0001
2024-07-17 16:00:00,-1.974e-05
2024-07-18 00:00:00,2.66e-06
2024-07-18 08:00:00,5.085e-05
2024-07-18 16:00:00,1.33e-05
2024-07-19 00:00:00,9.438e-05
2024-07-19 08:00:00,0.0001
2024-07-19 16:00:00,0.0001
2024-07-20 00:00:00,9.501e-05
2024-07-20 08:00:00,4.95e-05
2024-07-20 16:00:00,3.897e-05
2024-07-21 00:00:00,8.307e-05
2024-07-21 08:00:00,6.724e-05
2024-07-21 16:00:00,0.0001
2024-07-22 00:00:00,0.0001
2024-07-22 08:00:00,0.0001
2024-07-22 16:00:00,0.0001
2024-07-23 00:00:00,5.306e-05
2024-07-23 08:00:00,0.0001
2024-07-23 16:00:00,3.978e-05
2024-07-24 00:00:00,0.0001
2024-07-24 08:00:00,0.0001
2024-07-24 16:00:00,0.0001
2024-07-25 00:00:00,0.0001
2024-07-25 08:00:00,0.0001
2024-07-25 16:00:00,0.0001
2024-07-26 00:00:00,2.176e-05
2024-07-26 08:00:00,6.204e-05
2024-07-26 16:00:00,5.936e-05
2024-07-27 00:00:00,8.304e-05
2024-07-27 08:00:00,0.0001
2024-07-27 16:00:00,0.0001
2024-07-28 00:00:00,0.0001
2024-07-28 08:00:00,0.0001
2024-07-28 16:00:00,0.0001
2024-07-29 00:00:00,0.0001
2024-07-29 08:00:00,0.0001
2024-07-29 16:00:00,0.0001
2024-07-30 00:00:00,0.0001
2024-07-30 08:00:00,-0.00011367
2024-07-30 16:00:00,7.656e-05
2024-07-31 00:00:00,0.0001
2024-07-31 08:00:00,0.0001
2024-07-31 16:00:00,4.863e-05
2024-08-01 00:00:00,9.544e-05
2024-08-01 08:00:00,7.135e-05
2024-08-01 16:00:00,3.459e-05
2024-08-02 00:00:00,0.0001
2024-08-02 08:00:00,0.0001
2024-08-02 16:00:00,2.532e-05
2024-08-03 00:00:00,2.23e-06
2024-08-03 08:00:00,-5.581e-05
2024-08-03 16:00:00,7.3e-07
2024-08-04 00:00:00,3.485e-05
2024-08-04 08:00:00,3.978e-05
2024-08-04 16:00:00,5.03e-06
2024-08-05 00:00:00,1.975e-05
2024-08-05 08:00:00,-5.92e-06
2024-08-05 16:00:00,-5.066e-05
2024-08-06 00:00:00,7.57e-06
2024-08-06 08:00:00,1.866e-05
2024-08-06 16:00:00,0.0001
2024-08-07 00:00:00,2.722e-05
2024-08-07 08:00:00,6.767e-05
2024-08-07 16:00:00,0.0001
2024-08-08 00:00:00,4.616e-05
2024-08-08 08:00:00,9.389e-05
2024-08-08 16:00:00,-2.911e-05
2024-08-09 00:00:00,-1.92e-05
2024-08-09 08:00:00,2.569e-05
2024-08-09 16:00:00,-1.845e-05
2024-08-10 00:00:00,4.448e-05
2024-08-10 08:00:00,0.0001
2024-08-10 16:00:00,5.312e-05
2024-08-11 00:00:00,8.623e-05
2024-08-11 08:00:00,3.775e-05
2024-08-11 16:00:00,-2.976e-05
2024-08-12 00:00:00,0.0001
2024-08-12 08:00:00,0.0001
2024-08-12 16:00:00,2.174e-05
2024-08-13 00:00:00,-1.23e-06
2024-08-13 08:00:00,0.0001
2024-08-13 16:00:00,4.726e-05
2024-08-14 00:00:00,-1.85e-05
2024-08-14 08:00:00,-3.16e-06
2024-08-14 16:00:00,-1.699e-05
2024-08-15 00:00:00,1.011e-05
2024-08-15 08:00:00,1.92e-05
2024-08-15 16:00:00,5.472e-05
2024-08-16 00:00:00,3.989e-05
2024-08-16 08:00:00,4.876e-05
2024-08-16 16:00:00,3.934e-05
2024-08-17 00:00:00,6.207e-05
2024-08-17 08:00:00,6.351e-05
2024-08-17 16:00:00,8.377e-05
2024-08-18 00:00:00,7.872e-05
2024-08-18 08:00:00,-3.12e-06
2024-08-18 16:00:00,1.326e-05
2024-08-19 00:00:00,1.276e-05
2024-08-19 08:00:00,-1.638e-05
2024-08-19 16:00:00,4.69e-06
2024-08-20 00:00:00,-2.908e-05
2024-08-20 08:00:00,6.912e-05
2024-08-20 16:00:00,1.082e-05
2024-08-21 00:00:00,-3.496e-05
2024-08-21 08:00:00,-2.723e-05
2024-08-21 16:00:00,9.6e-07
2024-08-22 00:00:00,-7.61e-06
2024-08-22 08:00:00,4.547e-05
2024-08-22 16:00:00,6.23e-05
2024-08-23 00:00:00,0.0001
2024-08-23 08:00:00,7.561e-05
2024-08-23 16:00:00,2.511e-05
2024-08-24 00:00:00,-2.164e-05
2024-08-24 08:00:00,8.709e-05
2024-08-24 16:00:00,9.036e-05
2024-08-25 00:00:00,0.0001
2024-08-25 08:00:00,3.955e-05
2024-08-25 16:00:00,0.0001
2024-08-26 00:00:00,8.24e-05
2024-08-26 08:00:00,3.8e-06
2024-08-26 16:00:00,6.223e-05
2024-08-27 00:00:00,8.141e-05
2024-08-27 08:00:00,7.353e-05
2024-08-27 16:00:00,0.0001
2024-08-28 00:00:00,-7.89e-06
2024-08-28 08:00:00,-5.81e-06
2024-08-28 16:00:00,-3.24e-05
2024-08-29 00:00:00,1.018e-05
2024-08-29 08:00:00,3.501e-05
2024-08-29 16:00:00,6.16e-06
2024-08-30 00:00:00,-0.0001219
2024-08-30 08:00:00,1.737e-05
2024-08-30 16:00:00,1.815e-05
2024-08-31 00:00:00,3.389e-05
2024-08-31 08:00:00,7.128e-05
2024-08-31 16:00:00,4.759e-05
2024-09-01 00:00:00,9.478e-05
2024-09-01 08:00:00,4.649e-05
2024-09-01 16:00:00,-9.28e-06
2024-09-02 00:00:00,-2.521e-05
2024-09-02 08:00:00,-4.265e-05
2024-09-02 16:00:00,3.884e-05
2024-09-03 00:00:00,2.799e-05
2024-09-03 08:00:00,2.372e-05
2024-09-03 16:00:00,7.738e-05
2024-09-04 00:00:00,4.569e-05
2024-09-04 08:00:00,3.58e-06
2024-09-04 16:00:00,-2.771e-05
2024-09-05 00:00:00,-4.165e-05
2024-09-05 08:00:00,-2.39e-06
2024-09-05 16:00:00,8.48e-06
2024-09-06 00:00:00,-4.633e-05
2024-09-06 08:00:00,-1.66e-05
2024-09-06 16:00:00,1.86e-06
2024-09-07 00:00:00,2.842e-05
2024-09-07 08:00:00,2.43e-05
2024-09-07 16:00:00,3.364e-05
2024-09-08 00:00:00,4.68e-05
2024-09-08 08:00:00,1.751e-05
2024-09-08 16:00:00,3.261e-05
2024-09-09 00:00:00,9.883e-05
2024-09-09 08:00:00,9.123e-05
2024-09-09 16:00:00,-3.54e-05
2024-09-10 00:00:00,0.0001
2024-09-10 08:00:00,1.276e-05
2024-09-10 16:00:00,9.95e-06
2024-09-11 00:00:00,4.027e-05
2024-09-11 08:00:00,1.728e-05
2024-09-11 16:00:00,9.155e-05
2024-09-12 00:00:00,3.15e-06
2024-09-12 08:00:00,6.624e-05
2024-09-12 16:00:00,2.538e-05
2024-09-13 00:00:00,3.154e-05
2024-09-13 08:00:00,-4.31e-05
2024-09-13 16:00:00,1.552e-05
2024-09-14 00:00:00,-1.724e-05
2024-09-14 08:00:00,-7.95e-06
2024-09-14 16:00:00,-2.375e-05
2024-09-15 00:00:00,7.514e-05
2024-09-15 08:00:00,2.08e-06
2024-09-15 16:00:00,7.324e-05
2024-09-16 00:00:00,3.377e-05
2024-09-16 08:00:00,2.239e-05
2024-09-16 16:00:00,4.538e-05
2024-09-17 00:00:00,0.0001
2024-09-17 08:00:00,7.666e-05
2024-09-17 16:00:00,2.251e-05
2024-09-18 00:00:00,6.48e-06
2024-09-18 08:00:00,5.549e-05
2024-09-18 16:00:00,8.846e-05
2024-09-19 00:00:00,9.784e-05
2024-09-19 08:00:00,6.603e-05
2024-09-19 16:00:00,5.137e-05
2024-09-20 00:00:00,3.807e-05
2024-09-20 08:00:00,-1.615e-05
2024-09-20 16:00:00,0.0001
2024-09-21 00:00:00,0.0
2024-09-21 08:00:00,-5.4e-06
2024-09-21 16:00:00,-1.119e-05
2024-09-22 00:00:00,-5.58e-06
2024-09-22 08:00:00,-4.374e-05
2024-09-22 16:00:00,5.468e-05
2024-09-23 00:00:00,0.0001
2024-09-23 08:00:00,-1.126e-05
2024-09-23 16:00:00,4.386e-05
2024-09-24 00:00:00,8.154e-05
2024-09-24 08:00:00,7.883e-05
2024-09-24 16:00:00,2.404e-05
2024-09-25 00:00:00,0.0001
2024-09-25 08:00:00,0.0001
2024-09-25 16:00:00,0.0001
2024-09-26 00:00:00,0.0001
2024-09-26 08:00:00,0.0001
2024-09-26 16:00:00,9.007e-05
2024-09-27 00:00:00,7.718e-05
2024-09-27 08:00:00,8.68e-05
2024-09-27 16:00:00,3.78e-05
2024-09-28 00:00:00,4.588e-05
2024-09-28 08:00:00,0.0001
2024-09-28 16:00:00,6.532e-05
2024-09-29 00:00:00,0.0001
2024-09-29 08:00:00,0.0001
2024-09-29 16:00:00,0.0001
2024-09-30 00:00:00,0.0001
2024-09-30 08:00:00,0.0001
2024-09-30 16:00:00,0.0001
2024-10-01 00:00:00,2.677e-05
2024-10-01 08:00:00,2.08e-06
2024-10-01 16:00:00,5.26e-05
2024-10-02 00:00:00,0.0001
2024-10-02 08:00:00,9.064e-05
2024-10-02 16:00:00,-9.13e-06
2024-10-03 00:00:00,7.216e-05
2024-10-03 08:00:00,0.0001
2024-10-03 16:00:00,7.355e-05
2024-10-04 00:00:00,0.0001
2024-10-04 08:00:00,8.78e-06
2024-10-04 16:00:00,6.585e-05
2024-10-05 00:00:00,1.457e-05
2024-10-05 08:00:00,3.716e-05
2024-10-05 16:00:00,7.081e-05
2024-10-06 00:00:00,0.0001
2024-10-06 08:00:00,0.0001
2024-10-06 16:00:00,4.254e-05
2024-10-07 00:00:00,1.298e-05
2024-10-07 08:00:00,1.09e-06
2024-10-07 16:00:00,8.184e-05
2024-10-08 00:00:00,-2.285e-05
2024-10-08 08:00:00,-6.39e-06
2024-10-08 16:00:00,6e-07
2024-10-09 00:00:00,2.239e-05
2024-10-09 08:00:00,8.393e-05
2024-10-09 16:00:00,8.869e-05
2024-10-10 00:00:00,2.703e-05
2024-10-10 08:00:00,5.089e-05
2024-10-10 16:00:00,6.638e-05
2024-10-11 00:00:00,7.44e-06
2024-10-11 08:00:00,4.712e-05
2024-10-11 16:00:00,0.0001
2024-10-12 00:00:00,0.0001
2024-10-12 08:00:00,0.0001
2024-10-12 16:00:00,6.714e-05
2024-10-13 00:00:00,9.18e-05
2024-10-13 08:00:00,5.896e-05
2024-10-13 16:00:00,6.966e-05
2024-10-14 00:00:00,6.128e-05
2024-10-14 08:00:00,0.0001
2024-10-14 16:00:00,0.0001
2024-10-15 00:00:00,0.0001
2024-10-15 08:00:00,0.0001
2024-10-15 16:00:00,0.0001
2024-10-16 00:00:00,0.0001
2024-10-16 08:00:00,0.0001
2024-10-16 16:00:00,0.0001
2024-10-17 00:00:00,0.0001
2024-10-17 08:00:00,0.0001
2024-10-17 16:00:00,0.0001
2024-10-18 00:00:00,8.463e-05
2024-10-18 08:00:00,0.0001
2024-10-18 16:00:00,0.0001
2024-10-19 00:00:00,0.0001
2024-10-19 08:00:00,0.0001
2024-10-19 16:00:00,0.0001
2024-10-20 00:00:00,0.0001
2024-10-20 08:00:00,0.0001
2024-10-20 16:00:00,0.0001
2024-10-21 00:00:00,0.0001
2024-10-21 08:00:00,0.0001
2024-10-21 16:00:00,0.0001
2024-10-22 00:00:00,0.0001
2024-10-22 08:00:00,0.0001
2024-10-22 16:00:00,0.0001
2024-10-23 00:00:00,0.0001
2024-10-23 08:00:00,0.0001
2024-10-23 16:00:00,0.0001
2024-10-24 00:00:00,0.0001
2024-10-24 08:00:00,0.0001
2024-10-24 16:00:00,0.0001
2024-10-25 00:00:00,0.0001
2024-10-25 08:00:00,7.097e-05
2024-10-25 16:00:00,0.0001
2024-10-26 00:00:00,7.515e-05
2024-10-26 08:00:00,0.0001
2024-10-26 16:00:00,8.614e-05
2024-10-27 00:00:00,8.659e-05
2024-10-27 08:00:00,0.0001
2024-10-27 16:00:00,9.734e-05
2024-10-28 00:00:00,0.0001
2024-10-28 08:00:00,0.0001
2024-10-28 16:00:00,0.0001
2024-10-29 00:00:00,0.0001
2024-10-29 08:00:00,0.0001
2024-10-29 16:00:00,0.0001
2024-10-30 00:00:00,0.0001
2024-10-30 08:00:00,0.0001
2024-10-30 16:00:00,0.0001
2024-10-31 00:00:00,0.0001
2024-10-31 08:00:00,0.0001
2024-10-31 16:00:00,0.0001
2024-11-01 00:00:00,0.0001
2024-11-01 08:00:00,0.0001
2024-11-01 16:00:00,0.0001
2024-11-02 00:00:00,0.0001
2024-11-02 08:00:00,0.0001
2024-11-02 16:00:00,0.0001
2024-11-03 00:00:00,0.0001
2024-11-03 08:00:00,0.0001
2024-11-03 16:00:00,0.0001
2024-11-04 00:00:00,0.0001
2024-11-04 08:00:00,0.0001
2024-11-04 16:00:00,0.0001
2024-11-05 00:00:00,0.0001
2024-11-05 08:00:00,0.0001
2024-11-05 16:00:00,0.0001
2024-11-06 00:00:00,7.377e-05
2024-11-06 08:00:00,0.0001
2024-11-06 16:00:00,0.0001
2024-11-07 00:00:00,0.0001
2024-11-07 08:00:00,0.00011201
2024-11-07 16:00:00,0.0001
2024-11-08 00:00:00,0.0001
2024-11-08 08:00:00,0.0001
2024-11-08 16:00:00,0.0001
2024-11-09 00:00:00,0.0001
2024-11-09 08:00:00,0.0001
2024-11-09 16:00:00,0.0001
2024-11-10 00:00:00,0.0001
2024-11-10 08:00:00,0.00032792
2024-11-10 16:00:00,0.00018979
2024-11-11 00:00:00,0.00039065
2024-11-11 08:00:00,0.00017995
2024-11-11 16:00:00,0.0001
2024-11-12 00:00:00,0.00038564
2024-11-12 08:00:00,0.00061844
2024-11-12 16:00:00,0.00050342
2024-11-13 00:00:00,0.00014477
2024-11-13 08:00:00,0.0001
2024-11-13 16:00:00,0.00035174
2024-11-14 00:00:00,0.0001
2024-11-14 08:00:00,0.00016549
2024-11-14 16:00:00,0.00012832
2024-11-15 00:00:00,0.0001
2024-11-15 08:00:00,0.0001
2024-11-15 16:00:00,0.0001
2024-11-16 00:00:00,0.00019471
2024-11-16 08:00:00,0.00039173
2024-11-16 16:00:00,0.00025031
2024-11-17 00:00:00,0.00029261
2024-11-17 08:00:00,0.00030785
2024-11-17 16:00:00,0.00035655
2024-11-18 00:00:00,0.00021098
2024-11-18 08:00:00,0.0005391
2024-11-18 16:00:00,0.00033111
2024-11-19 00:00:00,0.00031835
2024-11-19 08:00:00,0.00039932
2024-11-19 16:00:00,0.00024229
2024-11-20 00:00:00,0.0001
2024-11-20 08:00:00,0.00011458
2024-11-20 16:00:00,0.00016424
2024-11-21 00:00:00,0.0001
2024-11-21 08:00:00,0.00014189
2024-11-21 16:00:00,0.00017392
2024-11-22 00:00:00,0.00015928
2024-11-22 08:00:00,0.00028963
2024-11-22 16:00:00,0.00023833
2024-11-23 00:00:00,0.0001
2024-11-23 08:00:00,0.00017386
2024-11-23 16:00:00,0.00025348
2024-11-24 00:00:00,0.00034942
2024-11-24 08:00:00,0.00032388
2024-11-24 16:00:00,0.00029092
2024-11-25 00:00:00,0.00036288
2024-11-25 08:00:00,0.00035212
2024-11-25 16:00:00,0.00034875
2024-11-26 00:00:00,0.0001
2024-11-26 08:00:00,0.00012749
2024-11-26 16:00:00,0.0001
2024-11-27 00:00:00,0.00023609
2024-11-27 08:00:00,0.00023229
2024-11-27 16:00:00,0.00027093
2024-11-28 00:00:00,0.00019422
2024-11-28 08:00:00,0.00019894
2024-11-28 16:00:00,0.00023188
2024-11-29 00:00:00,0.00030861
2024-11-29 08:00:00,0.0002543
2024-11-29 16:00:00,0.00035268
2024-11-30 00:00:00,0.00016876
2024-11-30 08:00:00,0.00028189
2024-11-30 16:00:00,0.00015012
2024-12-01 00:00:00,0.0001532
2024-12-01 08:00:00,0.0003311
2024-12-01 16:00:00,0.00016625
2024-12-02 00:00:00,0.00015058
2024-12-02 08:00:00,0.00014214
2024-12-02 16:00:00,0.0001
2024-12-03 00:00:00,0.0001
2024-12-03 08:00:00,0.00025103
2024-12-03 16:00:00,0.00012348
2024-12-04 00:00:00,0.00027771
2024-12-04 08:00:00,0.00042588
2024-12-04 16:00:00,0.00036313
2024-12-05 00:00:00,0.00031187
2024-12-05 08:00:00,0.00108552
2024-12-05 16:00:00,0.00064806
2024-12-06 00:00:00,0.00013466
2024-12-06 08:00:00,0.0001
2024-12-06 16:00:00,0.0001
2024-12-07 00:00:00,0.00015125
2024-12-07 08:00:00,0.0001
2024-12-07 16:00:00,0.0001
2024-12-08 00:00:00,0.00026121
2024-12-08 08:00:00,0.00024888
2024-12-08 16:00:00,0.00029123
2024-12-09 00:00:00,0.00017858
2024-12-09 08:00:00,0.0001
2024-12-09 16:00:00,0.00015788
2024-12-10 00:00:00,0.0001
2024-12-10 08:00:00,0.0001
2024-12-10 16:00:00,0.0001
2024-12-11 00:00:00,0.0001
2024-12-11 08:00:00,0.0001
2024-12-11 16:00:00,0.0001
2024-12-12 00:00:00,0.0001
2024-12-12 08:00:00,0.0001
2024-12-12 16:00:00,0.0001
2024-12-13 00:00:00,0.0001
2024-12-13 08:00:00,0.0001
2024-12-13 16:00:00,0.0001
2024-12-14 00:00:00,0.0001
2024-12-14 08:00:00,0.0001
2024-12-14 16:00:00,0.0001
2024-12-15 00:00:00,0.0001
2024-12-15 08:00:00,0.0001
2024-12-15 16:00:00,0.0001
2024-12-16 00:00:00,0.0001
2024-12-16 08:00:00,0.0001
2024-12-16 16:00:00,0.0001
2024-12-17 00:00:00,0.0001
2024-12-17 08:00:00,0.0001
2024-12-17 16:00:00,0.0001
2024-12-18 00:00:00,0.0001
2024-12-18 08:00:00,9.332e-05
2024-12-18 16:00:00,0.0001
2024-12-19 00:00:00,6.854e-05
2024-12-19 08:00:00,-4.531e-05
2024-12-19 16:00:00,-2.748e-05
2024-12-20 00:00:00,-4.799e-05
2024-12-20 08:00:00,2.774e-05
2024-12-20 16:00:00,9.101e-05
2024-12-21 00:00:00,-2.976e-05
2024-12-21 08:00:00,-3.727e-05
2024-12-21 16:00:00,-1.912e-05
2024-12-22 00:00:00,1.532e-05
2024-12-22 08:00:00,4.56e-05
2024-12-22 16:00:00,2.233e-05
2024-12-23 00:00:00,2.123e-05
2024-12-23 08:00:00,4.35e-06
2024-12-23 16:00:00,3.701e-05
2024-12-24 00:00:00,4.98e-05
2024-12-24 08:00:00,5.237e-05
2024-12-24 16:00:00,8.079e-05
2024-12-25 00:00:00,0.0001
2024-12-25 08:00:00,0.0001
2024-12-25 16:00:00,0.0001
2024-12-26 00:00:00,0.0001
2024-12-26 08:00:00,6.989e-05
2024-12-26 16:00:00,4.138e-05
2024-12-27 00:00:00,1.089e-05
2024-12-27 08:00:00,5.263e-05
2024-12-27 16:00:00,3.27e-06
2024-12-28 00:00:00,6.93e-06
2024-12-28 08:00:00,-3.321e-05
2024-12-28 16:00:00,5.77e-06
2024-12-29 00:00:00,3.548e-05
2024-12-29 08:00:00,6e-07
2024-12-29 16:00:00,3.159e-05
2024-12-30 00:00:00,-5.981e-05
2024-12-30 08:00:00,-1.761e-05
2024-12-30 16:00:00,-2.975e-05
2024-12-31 00:00:00,8.65e-06
2024-12-31 08:00:00,-1.9e-06
2024-12-31 16:00:00,0.0001
2025-01-01 00:00:00,0.0001
2025-01-01 08:00:00,7.085e-05
2025-01-01 16:00:00,6.921e-05
2025-01-02 00:00:00,0.0001
2025-01-02 08:00:00,0.0001
2025-01-02 16:00:00,0.0001
2025-01-03 00:00:00,0.0001
2025-01-03 08:00:00,9.015e-05
2025-01-03 16:00:00,0.0001
2025-01-04 00:00:00,3.779e-05
2025-01-04 08:00:00,9.859e-05
2025-01-04 16:00:00,5.258e-05
2025-01-05 00:00:00,0.0001
2025-01-05 08:00:00,0.0001
2025-01-05 16:00:00,7.478e-05
2025-01-06 00:00:00,0.0001
2025-01-06 08:00:00,0.0001
2025-01-06 16:00:00,0.0001
2025-01-07 00:00:00,5.254e-05
2025-01-07 08:00:00,2.899e-05
2025-01-07 16:00:00,0.0001
2025-01-08 00:00:00,8.585e-05
2025-01-08 08:00:00,4.936e-05
2025-01-08 16:00:00,9.631e-05
2025-01-09 00:00:00,6.43e-05
2025-01-09 08:00:00,5.118e-05
2025-01-09 16:00:00,-8.46e-06
2025-01-10 00:00:00,6.938e-05
2025-01-10 08:00:00,9.02e-06
2025-01-10 16:00:00,7.043e-05
2025-01-11 00:00:00,6.08e-05
2025-01-11 08:00:00,6.697e-05
2025-01-11 16:00:00,4.981e-05
2025-01-12 00:00:00,8.31e-05
2025-01-12 08:00:00,6.034e-05
2025-01-12 16:00:00,8.847e-05
2025-01-13 00:00:00,9.996e-05
2025-01-13 08:00:00,7.361e-05
2025-01-13 16:00:00,6.61e-06
2025-01-14 00:00:00,0.0001
2025-01-14 08:00:00,0.0001
2025-01-14 16:00:00,0.0001
2025-01-15 00:00:00,5.343e-05
2025-01-15 08:00:00,7.032e-05
2025-01-15 16:00:00,0.0001
2025-01-16 00:00:00,5.755e-05
2025-01-16 08:00:00,0.0001
2025-01-16 16:00:00,0.0001
2025-01-17 00:00:00,7.555e-05
2025-01-17 08:00:00,0.0001
2025-01-17 16:00:00,0.0001
2025-01-18 00:00:00,9.347e-05
2025-01-18 08:00:00,0.0001
2025-01-18 16:00:00,0.0001
2025-01-19 00:00:00,0.0001
2025-01-19 08:00:00,0.0001
2025-01-19 16:00:00,0.0001
2025-01-20 00:00:00,0.0001
2025-01-20 08:00:00,0.0001
2025-01-20 16:00:00,0.0001
2025-01-21 00:00:00,0.0001
2025-01-21 08:00:00,0.0001
2025-01-21 16:00:00,0.0001
2025-01-22 00:00:00,0.0001
2025-01-22 08:00:00,0.0001
2025-01-22 16:00:00,0.0001
2025-01-23 00:00:00,0.0001
2025-01-23 08:00:00,0.0001
2025-01-23 16:00:00,0.0001
2025-01-24 00:00:00,4.386e-05
2025-01-24 08:00:00,9.463e-05
2025-01-24 16:00:00,0.0001
2025-01-25 00:00:00,0.0001
2025-01-25 08:00:00,7.472e-05
2025-01-25 16:00:00,5.217e-05
2025-01-26 00:00:00,0.0001
2025-01-26 08:00:00,0.0001
2025-01-26 16:00:00,0.0001
2025-01-27 00:00:00,0.0001
2025-01-27 08:00:00,2.53e-06
2025-01-27 16:00:00,1.349e-05
2025-01-28 00:00:00,5.81e-06
2025-01-28 08:00:00,5.241e-05
2025-01-28 16:00:00,6.59e-06
2025-01-29 00:00:00,-2.196e-05
2025-01-29 08:00:00,1.792e-05
2025-01-29 16:00:00,6.486e-05
2025-01-30 00:00:00,7.587e-05
2025-01-30 08:00:00,0.0001
2025-01-30 16:00:00,0.0001
2025-01-31 00:00:00,1.241e-05
2025-01-31 08:00:00,3.319e-05
2025-01-31 16:00:00,2.658e-05
2025-02-01 00:00:00,-0.00014857
2025-02-01 08:00:00,-0.00011979
2025-02-01 16:00:00,-2.399e-05
2025-02-02 00:00:00,-1.242e-05
2025-02-02 08:00:00,-1.722e-05
2025-02-02 16:00:00,-2.013e-05
2025-02-03 00:00:00,6.421e-05
2025-02-03 08:00:00,1.227e-05
2025-02-03 16:00:00,-5.11e-05
2025-02-04 00:00:00,-1.274e-05
2025-02-04 08:00:00,0.0001
2025-02-04 16:00:00,7.932e-05
2025-02-05 00:00:00,1.167e-05
2025-02-05 08:00:00,2.633e-05
2025-02-05 16:00:00,0.0001
2025-02-06 00:00:00,6.568e-05
2025-02-06 08:00:00,8.01e-05
2025-02-06 16:00:00,6.781e-05
2025-02-07 00:00:00,7.196e-05
2025-02-07 08:00:00,3.448e-05
2025-02-07 16:00:00,8.283e-05
2025-02-08 00:00:00,-5.658e-05
2025-02-08 08:00:00,1.686e-05
2025-02-08 16:00:00,6.56e-06
2025-02-09 00:00:00,2.052e-05
2025-02-09 08:00:00,9.27e-06
2025-02-09 16:00:00,3.139e-05
2025-02-10 00:00:00,2.217e-05
2025-02-10 08:00:00,8.57e-05
2025-02-10 16:00:00,9.182e-05
2025-02-11 00:00:00,7.625e-05
2025-02-11 08:00:00,5.578e-05
2025-02-11 16:00:00,-1.778e-05
2025-02-12 00:00:00,1.737e-05
2025-02-12 08:00:00,3.227e-05
2025-02-12 16:00:00,5.23e-06
2025-02-13 00:00:00,9.802e-05
2025-02-13 08:00:00,6.447e-05
2025-02-13 16:00:00,4.455e-05
2025-02-14 00:00:00,8.865e-05
2025-02-14 08:00:00,0.0001
2025-02-14 16:00:00,0.0001
2025-02-15 00:00:00,3.027e-05
2025-02-15 08:00:00,6.2e-07
2025-02-15 16:00:00,5.122e-05
2025-02-16 00:00:00,5.342e-05
2025-02-16 08:00:00,-1.542e-05
2025-02-16 16:00:00,3.3e-06
2025-02-17 00:00:00,9.39e-06
2025-02-17 08:00:00,3.11e-05
2025-02-17 16:00:00,4.1e-07
2025-02-18 00:00:00,2.818e-05
2025-02-18 08:00:00,1.517e-05
2025-02-18 16:00:00,9.433e-05
2025-02-19 00:00:00,9.711e-05
2025-02-19 08:00:00,0.0001
2025-02-19 16:00:00,0.0001
2025-02-20 00:00:00,0.0001
2025-02-20 08:00:00,0.0001
2025-02-20 16:00:00,7.78e-05
2025-02-21 00:00:00,1.268e-05
2025-02-21 08:00:00,8.046e-05
2025-02-21 16:00:00,3.323e-05
2025-02-22 00:00:00,0.0005139
2025-02-22 08:00:00,0.00025044
2025-02-22 16:00:00,0.0001
2025-02-23 00:00:00,0.0001
2025-02-23 08:00:00,0.0001
2025-02-23 16:00:00,0.0001
2025-02-24 00:00:00,0.0001
2025-02-24 08:00:00,0.0001
2025-02-24 16:00:00,0.0001
2025-02-25 00:00:00,0.0001
2025-02-25 08:00:00,0.0001
2025-02-25 16:00:00,0.0001
2025-02-26 00:00:00,0.0001
2025-02-26 08:00:00,0.0001
2025-02-26 16:00:00,9.698e-05
2025-02-27 00:00:00,-0.00014527
2025-02-27 08:00:00,-9.552e-05
2025-02-27 16:00:00,8.877e-05
2025-02-28 00:00:00,0.0001
2025-02-28 08:00:00,2.61e-05
2025-02-28 16:00:00,-0.00014671
2025-03-01 00:00:00,0.0001
2025-03-01 08:00:00,4.533e-05
2025-03-01 16:00:00,9.17e-06
2025-03-02 00:00:00,7.239e-05
2025-03-02 08:00:00,0.0001
2025-03-02 16:00:00,6.936e-05
2025-03-03 00:00:00,0.0001
2025-03-03 08:00:00,0.0001
2025-03-03 16:00:00,0.0001
2025-03-04 00:00:00,-3.351e-05
2025-03-04 08:00:00,2.96e-06
2025-03-04 16:00:00,1.23e-05
2025-03-05 00:00:00,0.0001
2025-03-05 08:00:00,0.0001
2025-03-05 16:00:00,0.0001
2025-03-06 00:00:00,2.585e-05
2025-03-06 08:00:00,0.0001
2025-03-06 16:00:00,1.038e-05
2025-03-07 00:00:00,1.342e-05
2025-03-07 08:00:00,8.04e-05
2025-03-07 16:00:00,0.0001
2025-03-08 00:00:00,0.0001
2025-03-08 08:00:00,6.44e-05
2025-03-08 16:00:00,1.288e-05
2025-03-09 00:00:00,3.824e-05
2025-03-09 08:00:00,4.848e-05
2025-03-09 16:00:00,-3.2e-05
2025-03-10 00:00:00,-0.00029357
2025-03-10 08:00:00,-7.275e-05
2025-03-10 16:00:00,-8.207e-05
2025-03-11 00:00:00,8.32e-06
2025-03-11 08:00:00,-1.591e-05
2025-03-11 16:00:00,6.844e-05
2025-03-12 00:00:00,8.765e-05
2025-03-12 08:00:00,7.949e-05
2025-03-12 16:00:00,4.824e-05
2025-03-13 00:00:00,5.496e-05
2025-03-13 08:00:00,8.477e-05
2025-03-13 16:00:00,-1.285e-05
2025-03-14 00:00:00,-0.00015919
2025-03-14 08:00:00,4.476e-05
2025-03-14 16:00:00,0.0001
2025-03-15 00:00:00,0.0001
2025-03-15 08:00:00,0.0001
2025-03-15 16:00:00,2.487e-05
2025-03-16 00:00:00,9.014e-05
2025-03-16 08:00:00,2.721e-05
2025-03-16 16:00:00,-6.539e-05
2025-03-17 00:00:00,-1.937e-05
2025-03-17 08:00:00,6.645e-05
2025-03-17 16:00:00,-7.12e-06
2025-03-18 00:00:00,-1.91e-05
2025-03-18 08:00:00,1.801e-05
2025-03-18 16:00:00,8.4e-07
2025-03-19 00:00:00,-6.12e-05
2025-03-19 08:00:00,7.579e-05
2025-03-19 16:00:00,7.731e-05
2025-03-20 00:00:00,1.139e-05
2025-03-20 08:00:00,7.139e-05
2025-03-20 16:00:00,-9.81e-06
2025-03-21 00:00:00,-1.414e-05
2025-03-21 08:00:00,2.088e-05
2025-03-21 16:00:00,-5.34e-06
2025-03-22 00:00:00,4.702e-05
2025-03-22 08:00:00,2.873e-05
2025-03-22 16:00:00,2.95e-06
2025-03-23 00:00:00,-1.499e-05
2025-03-23 08:00:00,1.609e-05
2025-03-23 16:00:00,-3.516e-05
2025-03-24 00:00:00,1.997e-05
2025-03-24 08:00:00,9.114e-05
2025-03-24 16:00:00,2.952e-05
2025-03-25 00:00:00,1.676e-05
2025-03-25 08:00:00,-4.48e-06
2025-03-25 16:00:00,7.84e-06
2025-03-26 00:00:00,-1.721e-05
2025-03-26 08:00:00,7.133e-05
2025-03-26 16:00:00,-4.927e-05
2025-03-27 00:00:00,-1.904e-05
2025-03-27 08:00:00,4.7e-05
2025-03-27 16:00:00,-3.998e-05
2025-03-28 00:00:00,-5.41e-06
2025-03-28 08:00:00,-7.06e-06
2025-03-28 16:00:00,3.856e-05
2025-03-29 00:00:00,3.739e-05
2025-03-29 08:00:00,-1.692e-05
2025-03-29 16:00:00,6.68e-06
2025-03-30 00:00:00,4.207e-05
2025-03-30 08:00:00,-4.333e-05
2025-03-30 16:00:00,4.13e-06
2025-03-31 00:00:00,-3.11e-06
2025-03-31 08:00:00,2.713e-05
2025-03-31 16:00:00,-3.19e-06
2025-04-01 00:00:00,-0.00011844
2025-04-01 08:00:00,2.705e-05
2025-04-01 16:00:00,1.751e-05
2025-04-02 00:00:00,2.346e-05
2025-04-02 08:00:00,-2.533e-05
2025-04-02 16:00:00,-2.791e-05
2025-04-03 00:00:00,-2.095e-05
2025-04-03 08:00:00,1.376e-05
2025-04-03 16:00:00,-8.99e-06
2025-04-04 00:00:00,0.0001
2025-04-04 08:00:00,9.307e-05
2025-04-04 16:00:00,3.029e-05
2025-04-05 00:00:00,9.537e-05
2025-04-05 08:00:00,9.739e-05
2025-04-05 16:00:00,3.366e-05
2025-04-06 00:00:00,9.173e-05
2025-04-06 08:00:00,9.894e-05
2025-04-06 16:00:00,3.77e-06
2025-04-07 00:00:00,1.25e-06
2025-04-07 08:00:00,-3.202e-05
2025-04-07 16:00:00,3.657e-05
2025-04-08 00:00:00,9.02e-06
2025-04-08 08:00:00,7.245e-05
2025-04-08 16:00:00,3.545e-05
2025-04-09 00:00:00,2.267e-05
2025-04-09 08:00:00,-2.068e-05
2025-04-09 16:00:00,0.0001
2025-04-10 00:00:00,9.218e-05
2025-04-10 08:00:00,0.0001
2025-04-10 16:00:00,4.691e-05
2025-04-11 00:00:00,-3.007e-05
2025-04-11 08:00:00,4.989e-05
2025-04-11 16:00:00,0.0001
2025-04-12 00:00:00,6.951e-05
2025-04-12 08:00:00,-9.06e-06
2025-04-12 16:00:00,1.472e-05
2025-04-13 00:00:00,7.698e-05
2025-04-13 08:00:00,1.214e-05
2025-04-13 16:00:00,-3.89e-06
2025-04-14 00:00:00,-3.415e-05
2025-04-14 08:00:00,5.162e-05
2025-04-14 16:00:00,3.854e-05
2025-04-15 00:00:00,3.92e-06
2025-04-15 08:00:00,0.0001
2025-04-15 16:00:00,7.167e-05
2025-04-16 00:00:00,-6.198e-05
2025-04-16 08:00:00,-9.053e-05
2025-04-16 16:00:00,-1.926e-05
2025-04-17 00:00:00,-9.84e-06
2025-04-17 08:00:00,8.12e-06
2025-04-17 16:00:00,-1.058e-05
2025-04-18 00:00:00,3.447e-05
2025-04-18 08:00:00,2.96e-06
2025-04-18 16:00:00,-5.146e-05
2025-04-19 00:00:00,-1.215e-05
2025-04-19 08:00:00,6.867e-05
2025-04-19 16:00:00,0.0001
2025-04-20 00:00:00,7.048e-05
2025-04-20 08:00:00,-1.807e-05
2025-04-20 16:00:00,-7.66e-05
2025-04-21 00:00:00,1.937e-05
2025-04-21 08:00:00,0.0001
2025-04-21 16:00:00,9.109e-05
2025-04-22 00:00:00,3.961e-05
2025-04-22 08:00:00,4.038e-05
2025-04-22 16:00:00,-1.936e-05
2025-04-23 00:00:00,-2.647e-05
2025-04-23 08:00:00,5.975e-05
2025-04-23 16:00:00,2.238e-05
2025-04-24 00:00:00,-3.794e-05
2025-04-24 08:00:00,1.49e-05
2025-04-24 16:00:00,-6.18e-06
2025-04-25 00:00:00,8.908e-05
2025-04-25 08:00:00,3.245e-05
2025-04-25 16:00:00,4.921e-05
2025-04-26 00:00:00,-7.485e-05
2025-04-26 08:00:00,1.459e-05
2025-04-26 16:00:00,4.978e-05
2025-04-27 00:00:00,-6.573e-05
2025-04-27 08:00:00,-1.749e-05
2025-04-27 16:00:00,-3.295e-05
2025-04-28 00:00:00,1.103e-05
2025-04-28 08:00:00,5.621e-05
2025-04-28 16:00:00,5.89e-06
2025-04-29 00:00:00,-4.385e-05
2025-04-29 08:00:00,3.872e-05
2025-04-29 16:00:00,1.268e-05
2025-04-30 00:00:00,-2.275e-05
2025-04-30 08:00:00,9.197e-05
2025-04-30 16:00:00,2.9e-07
2025-05-01 00:00:00,-4.8e-07
2025-05-01 08:00:00,5.255e-05
2025-05-01 16:00:00,3.782e-05
2025-05-02 00:00:00,-3.523e-05
2025-05-02 08:00:00,2.857e-05
2025-05-02 16:00:00,-3.03e-05
2025-05-03 00:00:00,-0.00011068
2025-05-03 08:00:00,-1.484e-05
2025-05-03 16:00:00,-6.553e-05
2025-05-04 00:00:00,3.12e-06
2025-05-04 08:00:00,4.616e-05
2025-05-04 16:00:00,3.498e-05
2025-05-05 00:00:00,-7.123e-05
2025-05-05 08:00:00,6.744e-05
2025-05-05 16:00:00,2.175e-05
2025-05-06 00:00:00,-1.78e-05
2025-05-06 08:00:00,-6.83e-06
2025-05-06 16:00:00,2.767e-05
2025-05-07 00:00:00,1.728e-05
2025-05-07 08:00:00,8.919e-05
2025-05-07 16:00:00,1.529e-05
2025-05-08 00:00:00,6.604e-05
2025-05-08 08:00:00,0.0001
2025-05-08 16:00:00,0.0001
2025-05-09 00:00:00,0.0001
2025-05-09 08:00:00,9.238e-05
2025-05-09 16:00:00,5.521e-05
2025-05-10 00:00:00,7.638e-05
2025-05-10 08:00:00,0.0001
2025-05-10 16:00:00,0.0001
2025-05-11 00:00:00,8.081e-05
2025-05-11 08:00:00,0.0001
2025-05-11 16:00:00,0.0001
2025-05-12 00:00:00,0.0001
2025-05-12 08:00:00,0.0001
2025-05-12 16:00:00,7.469e-05
2025-05-13 00:00:00,6.072e-05
2025-05-13 08:00:00,4.172e-05
2025-05-13 16:00:00,1.231e-05
2025-05-14 00:00:00,2.701e-05
2025-05-14 08:00:00,5.778e-05
2025-05-14 16:00:00,-1.591e-05
2025-05-15 00:00:00,-3.808e-05
2025-05-15 08:00:00,-2.825e-05
2025-05-15 16:00:00,3.38e-05
2025-05-16 00:00:00,-8.4e-06
2025-05-16 08:00:00,3.052e-05
2025-05-16 16:00:00,1.606e-05
2025-05-17 00:00:00,-1.98e-06
2025-05-17 08:00:00,1.723e-05
2025-05-17 16:00:00,2.515e-05
2025-05-18 00:00:00,6.156e-05
2025-05-18 08:00:00,3.858e-05
2025-05-18 16:00:00,0.0001
2025-05-19 00:00:00,0.0001
2025-05-19 08:00:00,1.146e-05
2025-05-19 16:00:00,5.514e-05
2025-05-20 00:00:00,5.531e-05
2025-05-20 08:00:00,7.096e-05
2025-05-20 16:00:00,4.4e-06
2025-05-21 00:00:00,5.146e-05
2025-05-21 08:00:00,7.956e-05
2025-05-21 16:00:00,4.226e-05
2025-05-22 00:00:00,7.967e-05
2025-05-22 08:00:00,0.0001
2025-05-22 16:00:00,9.599e-05
2025-05-23 00:00:00,2.206e-05
2025-05-23 08:00:00,5.364e-05
2025-05-23 16:00:00,6.534e-05
2025-05-24 00:00:00,2.203e-05
2025-05-24 08:00:00,3.436e-05
2025-05-24 16:00:00,4.126e-05
2025-05-25 00:00:00,7.422e-05
2025-05-25 08:00:00,0.0001
2025-05-25 16:00:00,5.451e-05
2025-05-26 00:00:00,0.0001
2025-05-26 08:00:00,0.0001
2025-05-26 16:00:00,9.627e-05
2025-05-27 00:00:00,0.0001
2025-05-27 08:00:00,3.247e-05
2025-05-27 16:00:00,2.161e-05
2025-05-28 00:00:00,-0.00015645
2025-05-28 08:00:00,-9.526e-05
2025-05-28 16:00:00,3.181e-05
2025-05-29 00:00:00,7.753e-05
2025-05-29 08:00:00,5.974e-05
2025-05-29 16:00:00,-1.219e-05
2025-05-30 00:00:00,0.0001
2025-05-30 08:00:00,9.532e-05
2025-05-30 16:00:00,0.0001
2025-05-31 00:00:00,0.0001
2025-05-31 08:00:00,0.0001
2025-05-31 16:00:00,0.0001
2025-06-01 00:00:00,0.0001
2025-06-01 08:00:00,9.391e-05
2025-06-01 16:00:00,7.421e-05
2025-06-02 00:00:00,0.0001
2025-06-02 08:00:00,6.634e-05
2025-06-02 16:00:00,5.94e-06
2025-06-03 00:00:00,2.472e-05
2025-06-03 08:00:00,-1.601e-05
2025-06-03 16:00:00,5.591e-05
2025-06-04 00:00:00,-5.82e-06
2025-06-04 08:00:00,-4.859e-05
2025-06-04 16:00:00,3.102e-05
2025-06-05 00:00:00,3.35e-06
2025-06-05 08:00:00,-2.24e-06
2025-06-05 16:00:00,1.778e-05
2025-06-06 00:00:00,6.6e-05
2025-06-06 08:00:00,4.75e-06
2025-06-06 16:00:00,1.407e-05
2025-06-07 00:00:00,-5.637e-05
2025-06-07 08:00:00,0.0001
2025-06-07 16:00:00,1.688e-05
2025-06-08 00:00:00,3.43e-05
2025-06-08 08:00:00,-1.743e-05
2025-06-08 16:00:00,-2.669e-05
2025-06-09 00:00:00,-3.739e-05
2025-06-09 08:00:00,2.264e-05
2025-06-09 16:00:00,0.0001
2025-06-10 00:00:00,8.11e-05
2025-06-10 08:00:00,8.419e-05
2025-06-10 16:00:00,0.0001
2025-06-11 00:00:00,7.171e-05
2025-06-11 08:00:00,4.509e-05
2025-06-11 16:00:00,5.768e-05
2025-06-12 00:00:00,5.521e-05
2025-06-12 08:00:00,7.557e-05
2025-06-12 16:00:00,4.748e-05
2025-06-13 00:00:00,-1.155e-05
2025-06-13 08:00:00,6.608e-05
2025-06-13 16:00:00,4.363e-05
2025-06-14 00:00:00,5.74e-06
2025-06-14 08:00:00,-1.611e-05
2025-06-14 16:00:00,-2.466e-05
2025-06-15 00:00:00,7.299e-05
2025-06-15 08:00:00,7.17e-05
2025-06-15 16:00:00,0.0001
2025-06-16 00:00:00,4.753e-05
2025-06-16 08:00:00,0.0001
2025-06-16 16:00:00,4.729e-05
2025-06-17 00:00:00,3.074e-05
2025-06-17 08:00:00,6.718e-05
2025-06-17 16:00:00,3.008e-05
2025-06-18 00:00:00,-1.427e-05
2025-06-18 08:00:00,2.43e-06
2025-06-18 16:00:00,2.945e-05
2025-06-19 00:00:00,1.655e-05
2025-06-19 08:00:00,1.318e-05
2025-06-19 16:00:00,-9.7e-07
2025-06-20 00:00:00,7.635e-05
2025-06-20 08:00:00,6.425e-05
2025-06-20 16:00:00,7.09e-06
2025-06-21 00:00:00,3.019e-05
2025-06-21 08:00:00,-2.522e-05
2025-06-21 16:00:00,3.388e-05
2025-06-22 00:00:00,-5.39e-06
2025-06-22 08:00:00,7.054e-05
2025-06-22 16:00:00,6.17e-06
2025-06-23 00:00:00,-8.53e-06
2025-06-23 08:00:00,1.988e-05
2025-06-23 16:00:00,-3.379e-05
2025-06-24 00:00:00,3.432e-05
2025-06-24 08:00:00,5.734e-05
2025-06-24 16:00:00,6.19e-06
2025-06-25 00:00:00,-2.753e-05
2025-06-25 08:00:00,4.784e-05
2025-06-25 16:00:00,-2.087e-05
2025-06-26 00:00:00,-7.601e-05
2025-06-26 08:00:00,6.85e-06
2025-06-26 16:00:00,-6.6e-07
2025-06-27 00:00:00,-1.85e-05
2025-06-27 08:00:00,1.488e-05
2025-06-27 16:00:00,3.673e-05
2025-06-28 00:00:00,-4.711e-05
2025-06-28 08:00:00,1.239e-05
2025-06-28 16:00:00,6.048e-05
2025-06-29 00:00:00,4.098e-05
2025-06-29 08:00:00,1.443e-05
2025-06-29 16:00:00,8.52e-06
2025-06-30 00:00:00,1.024e-05
2025-06-30 08:00:00,4.958e-05
2025-06-30 16:00:00,-9.29e-06
2025-07-01 00:00:00,-3.21e-06
2025-07-01 08:00:00,-2.184e-05
2025-07-01 16:00:00,1.879e-05
2025-07-02 00:00:00,4.989e-05
2025-07-02 08:00:00,6.496e-05
2025-07-02 16:00:00,5.727e-05
2025-07-03 00:00:00,5.264e-05
2025-07-03 08:00:00,5.847e-05
2025-07-03 16:00:00,7.064e-05
2025-07-04 00:00:00,5.716e-05
2025-07-04 08:00:00,2.295e-05
2025-07-04 16:00:00,2.892e-05
2025-07-05 00:00:00,0.0001
2025-07-05 08:00:00,6.637e-05
2025-07-05 16:00:00,6.102e-05
2025-07-06 00:00:00,1.647e-05
2025-07-06 08:00:00,1.14e-06
2025-07-06 16:00:00,4.813e-05
2025-07-07 00:00:00,8.67e-05
2025-07-07 08:00:00,7.141e-05
2025-07-07 16:00:00,2.928e-05
2025-07-08 00:00:00,-5.019e-05
2025-07-08 08:00:00,3.413e-05
2025-07-08 16:00:00,3.93e-05
2025-07-09 00:00:00,3.556e-05
2025-07-09 08:00:00,4.809e-05
2025-07-09 16:00:00,6.67e-05
2025-07-10 00:00:00,8.704e-05
2025-07-10 08:00:00,6.1e-05
2025-07-10 16:00:00,7.94e-05
2025-07-11 00:00:00,0.0001
2025-07-11 08:00:00,0.0001
2025-07-11 16:00:00,0.0001
2025-07-12 00:00:00,0.0001
2025-07-12 08:00:00,0.0001
2025-07-12 16:00:00,0.0001
2025-07-13 00:00:00,7.909e-05
2025-07-13 08:00:00,8.875e-05
2025-07-13 16:00:00,9.26e-05
2025-07-14 00:00:00,6.157e-05
2025-07-14 08:00:00,0.0001
2025-07-14 16:00:00,0.0001
2025-07-15 00:00:00,0.0001
2025-07-15 08:00:00,0.0001
2025-07-15 16:00:00,0.0001
2025-07-16 00:00:00,0.0001
2025-07-16 08:00:00,0.0001
2025-07-16 16:00:00,0.0001
2025-07-17 00:00:00,0.0001
2025-07-17 08:00:00,0.0001
2025-07-17 16:00:00,0.0001
2025-07-18 00:00:00,0.0001
2025-07-18 08:00:00,0.0001
2025-07-18 16:00:00,0.0001
2025-07-19 00:00:00,0.0001
2025-07-19 08:00:00,0.0001
2025-07-19 16:00:00,0.0001
2025-07-20 00:00:00,0.0001
2025-07-20 08:00:00,0.0001
2025-07-20 16:00:00,0.0001
2025-07-21 00:00:00,0.0001
2025-07-21 08:00:00,0.0001
2025-07-21 16:00:00,0.0001
2025-07-22 00:00:00,0.0001
2025-07-22 08:00:00,0.0001
2025-07-22 16:00:00,0.0001
2025-07-23 00:00:00,0.00011431
2025-07-23 08:00:00,0.0001
2025-07-23 16:00:00,0.0001
2025-07-24 00:00:00,0.0001
2025-07-24 08:00:00,0.0001
2025-07-24 16:00:00,0.0001
2025-07-25 00:00:00,0.0001
2025-07-25 08:00:00,0.0001
2025-07-25 16:00:00,0.0001
2025-07-26 00:00:00,0.0001
2025-07-26 08:00:00,0.0001
2025-07-26 16:00:00,0.0001
2025-07-27 00:00:00,0.0001
2025-07-27 08:00:00,0.0001
2025-07-27 16:00:00,0.0001
2025-07-28 00:00:00,0.0001
2025-07-28 08:00:00,0.0001
2025-07-28 16:00:00,0.0001
2025-07-29 00:00:00,0.0001
2025-07-29 08:00:00,0.0001
2025-07-29 16:00:00,0.0001
2025-07-30 00:00:00,0.0001
2025-07-30 08:00:00,0.0001
2025-07-30 16:00:00,0.0001
2025-07-31 00:00:00,0.0001
2025-07-31 08:00:00,0.0001
2025-07-31 16:00:00,0.0001
2025-08-01 00:00:00,-1.656e-05
2025-08-01 08:00:00,-6.328e-05
2025-08-01 16:00:00,3.78e-05
2025-08-02 00:00:00,0.0001
2025-08-02 08:00:00,0.0001
2025-08-02 16:00:00,0.0001
2025-08-03 00:00:00,0.0001
2025-08-03 08:00:00,0.0001
2025-08-03 16:00:00,7.948e-05
2025-08-04 00:00:00,4.923e-05
2025-08-04 08:00:00,5.76e-05
2025-08-04 16:00:00,1.817e-05
2025-08-05 00:00:00,7.602e-05
2025-08-05 08:00:00,0.0001
2025-08-05 16:00:00,4.579e-05
2025-08-06 00:00:00,0.0001
2025-08-06 08:00:00,0.0001
2025-08-06 16:00:00,8.685e-05
2025-08-07 00:00:00,7.728e-05
2025-08-07 08:00:00,9.173e-05
2025-08-07 16:00:00,1.388e-05
2025-08-08 00:00:00,-3.108e-05
2025-08-08 08:00:00,3.508e-05
2025-08-08 16:00:00,8.916e-05
2025-08-09 00:00:00,2.37e-06
2025-08-09 08:00:00,7.59e-05
2025-08-09 16:00:00,-3.166e-05
2025-08-10 00:00:00,1.96e-06
2025-08-10 08:00:00,0.0001
2025-08-10 16:00:00,0.0001
2025-08-11 00:00:00,0.0001
2025-08-11 08:00:00,0.0001
2025-08-11 16:00:00,0.0001
2025-08-12 00:00:00,0.0001
2025-08-12 08:00:00,0.0001
2025-08-12 16:00:00,3.101e-05
2025-08-13 00:00:00,0.0001
2025-08-13 08:00:00,0.0001
2025-08-13 16:00:00,0.0001
2025-08-14 00:00:00,0.0001
2025-08-14 08:00:00,0.0001
2025-08-14 16:00:00,0.0001
2025-08-15 00:00:00,9.395e-05
2025-08-15 08:00:00,0.0001
2025-08-15 16:00:00,0.0001
2025-08-16 00:00:00,3.229e-05
2025-08-16 08:00:00,5.518e-05
2025-08-16 16:00:00,5.028e-05
2025-08-17 00:00:00,-7.25e-06
2025-08-17 08:00:00,6.699e-05
2025-08-17 16:00:00,6.233e-05
2025-08-18 00:00:00,0.0001
2025-08-18 08:00:00,9.278e-05
2025-08-18 16:00:00,2.41e-05
2025-08-19 00:00:00,5.472e-05
2025-08-19 08:00:00,-9.7e-06
2025-08-19 16:00:00,2.078e-05
2025-08-20 00:00:00,0.0001
2025-08-20 08:00:00,0.0001
2025-08-20 16:00:00,0.0001
2025-08-21 00:00:00,8.933e-05
2025-08-21 08:00:00,0.0001
2025-08-21 16:00:00,0.0001
2025-08-22 00:00:00,7.466e-05
2025-08-22 08:00:00,0.0001
2025-08-22 16:00:00,7.665e-05
2025-08-23 00:00:00,0.0001
2025-08-23 08:00:00,0.0001
2025-08-23 16:00:00,0.0001
2025-08-24 00:00:00,0.0001
2025-08-24 08:00:00,0.0001
2025-08-24 16:00:00,0.0001
2025-08-25 00:00:00,0.0001
2025-08-25 08:00:00,0.0001
2025-08-25 16:00:00,0.0001
2025-08-26 00:00:00,0.0001
2025-08-26 08:00:00,0.0001
2025-08-26 16:00:00,0.0001
2025-08-27 00:00:00,0.0001
2025-08-27 08:00:00,0.0001
2025-08-27 16:00:00,4.016e-05
2025-08-28 00:00:00,3.951e-05
2025-08-28 08:00:00,8.813e-05
2025-08-28 16:00:00,7.6e-05
2025-08-29 00:00:00,4.099e-05
2025-08-29 08:00:00,3.251e-05
2025-08-29 16:00:00,4.476e-05
2025-08-30 00:00:00,0.0001
2025-08-30 08:00:00,0.0001
2025-08-30 16:00:00,0.0001
2025-08-31 00:00:00,0.0001
2025-08-31 08:00:00,3.706e-05
2025-08-31 16:00:00,5.329e-05
2025-09-01 00:00:00,4.929e-05
2025-09-01 08:00:00,0.0001
2025-09-01 16:00:00,0.0001
2025-09-02 00:00:00,0.0001
2025-09-02 08:00:00,0.0001
2025-09-02 16:00:00,0.0001
2025-09-03 00:00:00,0.0001
2025-09-03 08:00:00,0.0001
2025-09-03 16:00:00,0.0001
2025-09-04 00:00:00,9.011e-05
2025-09-04 08:00:00,5.43e-05
2025-09-04 16:00:00,5.321e-05
2025-09-05 00:00:00,9.591e-05
2025-09-05 08:00:00,0.0001
2025-09-05 16:00:00,9.934e-05
2025-09-06 00:00:00,8.521e-05
2025-09-06 08:00:00,4.635e-05
2025-09-06 16:00:00,-8.97e-06
2025-09-07 00:00:00,4.448e-05
2025-09-07 08:00:00,0.0001
2025-09-07 16:00:00,7.039e-05
2025-09-08 00:00:00,0.0001
2025-09-08 08:00:00,2.857e-05
2025-09-08 16:00:00,7.948e-05
2025-09-09 00:00:00,2.551e-05
2025-09-09 08:00:00,1.604e-05
2025-09-09 16:00:00,1.388e-05
2025-09-10 00:00:00,3.935e-05
2025-09-10 08:00:00,0.0001
2025-09-10 16:00:00,7.774e-05
2025-09-11 00:00:00,8.19e-06
2025-09-11 08:00:00,4.762e-05
2025-09-11 16:00:00,0.0001
2025-09-12 00:00:00,9.416e-05
2025-09-12 08:00:00,6.127e-05
2025-09-12 16:00:00,9.896e-05
2025-09-13 00:00:00,-3.243e-05
2025-09-13 08:00:00,3.148e-05
2025-09-13 16:00:00,6.08e-05
2025-09-14 00:00:00,2.142e-05
2025-09-14 08:00:00,-1.938e-05
2025-09-14 16:00:00,5.701e-05
2025-09-15 00:00:00,7.622e-05
2025-09-15 08:00:00,0.0001
2025-09-15 16:00:00,7.98e-05
2025-09-16 00:00:00,0.0001
2025-09-16 08:00:00,0.0001
2025-09-16 16:00:00,3.464e-05
2025-09-17 00:00:00,8.059e-05
2025-09-17 08:00:00,4.581e-05
2025-09-17 16:00:00,4.605e-05
2025-09-18 00:00:00,0.0001
2025-09-18 08:00:00,0.0001
2025-09-18 16:00:00,8.669e-05
2025-09-19 00:00:00,6.74e-05
2025-09-19 08:00:00,6.754e-05
2025-09-19 16:00:00,3.193e-05
2025-09-20 00:00:00,2.92e-05
2025-09-20 08:00:00,8.845e-05
2025-09-20 16:00:00,0.0001
2025-09-21 00:00:00,6.911e-05
2025-09-21 08:00:00,0.0001
2025-09-21 16:00:00,8.065e-05
2025-09-22 00:00:00,4.095e-05
2025-09-22 08:00:00,8.326e-05
2025-09-22 16:00:00,8.6e-07
2025-09-23 00:00:00,3.469e-05
2025-09-23 08:00:00,-1.646e-05
2025-09-23 16:00:00,-2.302e-05
2025-09-24 00:00:00,-2.517e-05
2025-09-24 08:00:00,1.004e-05
2025-09-24 16:00:00,6.94e-05
2025-09-25 00:00:00,4.029e-05
2025-09-25 08:00:00,-3.74e-06
2025-09-25 16:00:00,-2.638e-05
2025-09-26 00:00:00,5.93e-05
2025-09-26 08:00:00,3.018e-05
2025-09-26 16:00:00,7.381e-05
2025-09-27 00:00:00,6.796e-05
2025-09-27 08:00:00,6.45e-05
2025-09-27 16:00:00,6.911e-05
2025-09-28 00:00:00,0.0001
2025-09-28 08:00:00,1.443e-05
2025-09-28 16:00:00,5.984e-05
2025-09-29 00:00:00,0.0001
2025-09-29 08:00:00,6.586e-05
2025-09-29 16:00:00,0.0001
2025-09-30 00:00:00,6.638e-05
2025-09-30 08:00:00,8.111e-05
2025-09-30 16:00:00,1.288e-05
2025-10-01 00:00:00,0.0001
2025-10-01 08:00:00,0.0001
2025-10-01 16:00:00,2.801e-05
2025-10-02 00:00:00,4.183e-05
2025-10-02 08:00:00,6.812e-05
2025-10-02 16:00:00,9.106e-05
2025-10-03 00:00:00,1.482e-05
2025-10-03 08:00:00,6.6e-07
2025-10-03 16:00:00,1.396e-05
2025-10-04 00:00:00,8.84e-06
2025-10-04 08:00:00,5.991e-05
2025-10-04 16:00:00,4.757e-05
2025-10-05 00:00:00,0.0001
2025-10-05 08:00:00,0.0001
2025-10-05 16:00:00,7.664e-05
2025-10-06 00:00:00,9.618e-05
2025-10-06 08:00:00,0.0001
2025-10-06 16:00:00,7.58e-05
2025-10-07 00:00:00,2.46e-06
2025-10-07 08:00:00,-2.887e-05
2025-10-07 16:00:00,0.0001
2025-10-08 00:00:00,0.0001
2025-10-08 08:00:00,0.0001
2025-10-08 16:00:00,0.0001
2025-10-09 00:00:00,3.109e-05
2025-10-09 08:00:00,3.706e-05
2025-10-09 16:00:00,5.581e-05
2025-10-10 00:00:00,0.0001
2025-10-10 08:00:00,0.0001
2025-10-10 16:00:00,4.578e-05
2025-10-11 00:00:00,-0.00014131
2025-10-11 08:00:00,0.0001
2025-10-11 16:00:00,0.0001
2025-10-12 00:00:00,-7.37e-06
2025-10-12 08:00:00,2.84e-05
2025-10-12 16:00:00,6.092e-05
2025-10-13 00:00:00,0.0001
2025-10-13 08:00:00,0.0001
2025-10-13 16:00:00,4.824e-05
2025-10-14 00:00:00,7.775e-05
2025-10-14 08:00:00,-2.259e-05
2025-10-14 16:00:00,3e-07
2025-10-15 00:00:00,9.62e-06
2025-10-15 08:00:00,2.225e-05
2025-10-15 16:00:00,-1.58e-06
2025-10-16 00:00:00,3.29e-06
2025-10-16 08:00:00,-4.75e-06
2025-10-16 16:00:00,-3.787e-05
2025-10-17 00:00:00,9.25e-06
2025-10-17 08:00:00,-8.91e-06
2025-10-17 16:00:00,1.371e-05
2025-10-18 00:00:00,-2.473e-05
2025-10-18 08:00:00,-1.289e-05
2025-10-18 16:00:00,5.928e-05
2025-10-19 00:00:00,3.953e-05
2025-10-19 08:00:00,3.762e-05
2025-10-19 16:00:00,0.0001
2025-10-20 00:00:00,5.677e-05
2025-10-20 08:00:00,0.0001
2025-10-20 16:00:00,0.0001
2025-10-21 00:00:00,7.228e-05
2025-10-21 08:00:00,1.871e-05
2025-10-21 16:00:00,8.799e-05
2025-10-22 00:00:00,2.025e-05
2025-10-22 08:00:00,4.647e-05
2025-10-22 16:00:00,5.5e-05
2025-10-23 00:00:00,5.646e-05
2025-10-23 08:00:00,0.0001
2025-10-23 16:00:00,6.755e-05
2025-10-24 00:00:00,-1.64e-06
2025-10-24 08:00:00,0.0001
2025-10-24 16:00:00,4.654e-05
2025-10-25 00:00:00,3.168e-05
2025-10-25 08:00:00,0.0001
2025-10-25 16:00:00,0.0001
2025-10-26 00:00:00,9.909e-05
2025-10-26 08:00:00,5.578e-05
2025-10-26 16:00:00,0.0001
2025-10-27 00:00:00,0.0001
2025-10-27 08:00:00,0.0001
2025-10-27 16:00:00,5.882e-05
2025-10-28 00:00:00,1.045e-05
2025-10-28 08:00:00,3.558e-05
2025-10-28 16:00:00,8.991e-05
2025-10-29 00:00:00,-3.96e-06
2025-10-29 08:00:00,1.593e-05
2025-10-29 16:00:00,1.663e-05
2025-10-30 00:00:00,2.081e-05
2025-10-30 08:00:00,3.62e-05
2025-10-30 16:00:00,-2.633e-05
2025-10-31 00:00:00,2.357e-05
2025-10-31 08:00:00,0.0001
2025-10-31 16:00:00,5.658e-05
2025-11-01 00:00:00,2.475e-05
2025-11-01 08:00:00,2.432e-05
2025-11-01 16:00:00,6.744e-05
2025-11-02 00:00:00,5.819e-05
2025-11-02 08:00:00,4.76e-05
2025-11-02 16:00:00,1.946e-05
2025-11-03 00:00:00,2.067e-05
2025-11-03 08:00:00,-4.708e-05
2025-11-03 16:00:00,5.29e-05
2025-11-04 00:00:00,3.846e-05
2025-11-04 08:00:00,-1.217e-05
2025-11-04 16:00:00,4.548e-05
2025-11-05 00:00:00,4.865e-05
2025-11-05 08:00:00,1.344e-05
2025-11-05 16:00:00,-1.14e-05
2025-11-06 00:00:00,2.099e-05
2025-11-06 08:00:00,3.291e-05
2025-11-06 16:00:00,4.827e-05
2025-11-07 00:00:00,-3.307e-05
2025-11-07 08:00:00,3.929e-05
2025-11-07 16:00:00,2.52e-05
2025-11-08 00:00:00,7.924e-05
2025-11-08 08:00:00,8.47e-06
2025-11-08 16:00:00,-7.44e-06
2025-11-09 00:00:00,-1.71e-06
2025-11-09 08:00:00,3.745e-05
2025-11-09 16:00:00,7.699e-05
2025-11-10 00:00:00,9.233e-05
2025-11-10 08:00:00,8.068e-05
2025-11-10 16:00:00,4.716e-05
2025-11-11 00:00:00,1.35e-05
2025-11-11 08:00:00,-4.885e-05
2025-11-11 16:00:00,5.706e-05
2025-11-12 00:00:00,6.811e-05
2025-11-12 08:00:00,3.386e-05
2025-11-12 16:00:00,9.323e-05
2025-11-13 00:00:00,-1.163e-05
2025-11-13 08:00:00,1.427e-05
2025-11-13 16:00:00,2.564e-05
2025-11-14 00:00:00,-4.056e-05
2025-11-14 08:00:00,1.296e-05
2025-11-14 16:00:00,5.789e-05
2025-11-15 00:00:00,4.552e-05
2025-11-15 08:00:00,7.12e-05
2025-11-15 16:00:00,4.47e-05
2025-11-16 00:00:00,9.79e-06
2025-11-16 08:00:00,3.754e-05
2025-11-16 16:00:00,4.955e-05
2025-11-17 00:00:00,5.953e-05
2025-11-17 08:00:00,0.0001
2025-11-17 16:00:00,7.101e-05
2025-11-18 00:00:00,8.162e-05
2025-11-18 08:00:00,4.31e-05
2025-11-18 16:00:00,0.0001
2025-11-19 00:00:00,4.908e-05
2025-11-19 08:00:00,-4.34e-06
2025-11-19 16:00:00,-9.81e-06
2025-11-20 00:00:00,4.555e-05
2025-11-20 08:00:00,0.0001
2025-11-20 16:00:00,1.338e-05
2025-11-21 00:00:00,-4.79e-06
2025-11-21 08:00:00,-7.26e-06
2025-11-21 16:00:00,5.602e-05
2025-11-22 00:00:00,3.39e-05
2025-11-22 08:00:00,2.259e-05
2025-11-22 16:00:00,6.123e-05
2025-11-23 00:00:00,4.974e-05
2025-11-23 08:00:00,4.368e-05
2025-11-23 16:00:00,9.31e-06
2025-11-24 00:00:00,-1.427e-05
2025-11-24 08:00:00,-3.212e-05
2025-11-24 16:00:00,-1.6e-07
2025-11-25 00:00:00,-6.725e-05
2025-11-25 08:00:00,-4.14e-06
2025-11-25 16:00:00,-4.901e-05
2025-11-26 00:00:00,-9.27e-06
2025-11-26 08:00:00,-2.68e-06
2025-11-26 16:00:00,1.62e-06
2025-11-27 00:00:00,3.41e-05
2025-11-27 08:00:00,-3.03e-06
2025-11-27 16:00:00,-8.01e-06
2025-11-28 00:00:00,1.7e-06
2025-11-28 08:00:00,-3.78e-06
2025-11-28 16:00:00,-7.46e-06
2025-11-29 00:00:00,-9.691e-05
2025-11-29 08:00:00,-9.76e-06
2025-11-29 16:00:00,1.029e-05
2025-11-30 00:00:00,7.307e-05
2025-11-30 08:00:00,5.238e-05
2025-11-30 16:00:00,1.622e-05
2025-12-01 00:00:00,7.5e-06
2025-12-01 08:00:00,-6.05e-06
2025-12-01 16:00:00,-1.07e-06
2025-12-02 00:00:00,-9.17e-06
2025-12-02 08:00:00,4.832e-05
2025-12-02 16:00:00,1.79e-05
2025-12-03 00:00:00,9.24e-06
2025-12-03 08:00:00,2.73e-05
2025-12-03 16:00:00,3.174e-05
2025-12-04 00:00:00,7.408e-05
2025-12-04 08:00:00,3.057e-05
2025-12-04 16:00:00,-8.57e-06
2025-12-05 00:00:00,1.741e-05
2025-12-05 08:00:00,4.438e-05
2025-12-05 16:00:00,-8.68e-06
2025-12-06 00:00:00,-5.86e-06
2025-12-06 08:00:00,-3.31e-05
2025-12-06 16:00:00,-4.707e-05
2025-12-07 00:00:00,-8.28e-06
2025-12-07 08:00:00,-1.167e-05
2025-12-07 16:00:00,2.284e-05
2025-12-08 00:00:00,2.87e-05
2025-12-08 08:00:00,8.354e-05
2025-12-08 16:00:00,3.817e-05
2025-12-09 00:00:00,-1.767e-05
2025-12-09 08:00:00,1.299e-05
2025-12-09 16:00:00,1.324e-05
2025-12-10 00:00:00,3.203e-05
2025-12-10 08:00:00,1.545e-05
2025-12-10 16:00:00,1.461e-05
2025-12-11 00:00:00,3.674e-05
2025-12-11 08:00:00,-2.557e-05
2025-12-11 16:00:00,3.62e-05
2025-12-12 00:00:00,8.389e-05
2025-12-12 08:00:00,9.806e-05
2025-12-12 16:00:00,2.758e-05
2025-12-13 00:00:00,-3.41e-06
2025-12-13 08:00:00,-2.63e-06
2025-12-13 16:00:00,3.709e-05
2025-12-14 00:00:00,3.698e-05
2025-12-14 08:00:00,1.145e-05
2025-12-14 16:00:00,-7.81e-06
2025-12-15 00:00:00,4.88e-06
2025-12-15 08:00:00,2.867e-05
2025-12-15 16:00:00,3.887e-05
2025-12-16 00:00:00,7.57e-06
2025-12-16 08:00:00,-1.351e-05
2025-12-16 16:00:00,5.556e-05
2025-12-17 00:00:00,4.598e-05
2025-12-17 08:00:00,1.137e-05
2025-12-17 16:00:00,8.443e-05
2025-12-18 00:00:00,1.63e-06
2025-12-18 08:00:00,7.539e-05
2025-12-18 16:00:00,0.0001
2025-12-19 00:00:00,-6.76e-06
2025-12-19 08:00:00,1.709e-05
2025-12-19 16:00:00,7.296e-05
2025-12-20 00:00:00,3.18e-05
2025-12-20 08:00:00,-7.1e-06
2025-12-20 16:00:00,-3.557e-05
2025-12-21 00:00:00,1.724e-05
2025-12-21 08:00:00,-5.37e-06
2025-12-21 16:00:00,-1.499e-05
2025-12-22 00:00:00,5.372e-05
2025-12-22 08:00:00,5.485e-05
2025-12-22 16:00:00,6.76e-05
2025-12-23 00:00:00,-2.911e-05
2025-12-23 08:00:00,-1.673e-05
2025-12-23 16:00:00,1.491e-05
2025-12-24 00:00:00,2.786e-05
2025-12-24 08:00:00,-2.072e-05
2025-12-24 16:00:00,4.572e-05
2025-12-25 00:00:00,9.492e-05
2025-12-25 08:00:00,7.46e-05
2025-12-25 16:00:00,5.249e-05
2025-12-26 00:00:00,3.744e-05
2025-12-26 08:00:00,0.0001
2025-12-26 16:00:00,0.0001
2025-12-27 00:00:00,3.048e-05
2025-12-27 08:00:00,2.438e-05
2025-12-27 16:00:00,6.103e-05
2025-12-28 00:00:00,5.786e-05
2025-12-28 08:00:00,0.0001
2025-12-28 16:00:00,9.813e-05
2025-12-29 00:00:00,3.373e-05
2025-12-29 08:00:00,0.0001
2025-12-29 16:00:00,-2.482e-05
2025-12-30 00:00:00,5.475e-05
2025-12-30 08:00:00,-3.667e-05
2025-12-30 16:00:00,6.054e-05
2025-12-31 00:00:00,3.257e-05
2025-12-31 08:00:00,9.464e-05
2025-12-31 16:00:00,0.0001
2026-01-01 00:00:00,3.574e-05
2026-01-01 08:00:00,8.507e-05
2026-01-01 16:00:00,9.47e-06
2026-01-02 00:00:00,0.0001
2026-01-02 08:00:00,0.0001
2026-01-02 16:00:00,5.313e-05
2026-01-03 00:00:00,-2.524e-05
2026-01-03 08:00:00,2.096e-05
2026-01-03 16:00:00,5.118e-05
2026-01-04 00:00:00,0.0001
2026-01-04 08:00:00,6.052e-05
2026-01-04 16:00:00,-7.9e-07
2026-01-05 00:00:00,-1.535e-05
2026-01-05 08:00:00,5.121e-05
2026-01-05 16:00:00,4.996e-05
2026-01-06 00:00:00,-4.661e-05
2026-01-06 08:00:00,-2.22e-05
2026-01-06 16:00:00,4.68e-05
2026-01-07 00:00:00,9.017e-05
2026-01-07 08:00:00,9.575e-05
2026-01-07 16:00:00,2.304e-05
2026-01-08 00:00:00,8.564e-05
2026-01-08 08:00:00,-1.38e-05
2026-01-08 16:00:00,5.29e-05
2026-01-09 00:00:00,2.24e-06
2026-01-09 08:00:00,5.446e-05
2026-01-09 16:00:00,1.388e-05
2026-01-10 00:00:00,5.876e-05
2026-01-10 08:00:00,0.0001
2026-01-10 16:00:00,8.103e-05
2026-01-11 00:00:00,4.147e-05
2026-01-11 08:00:00,9.574e-05
2026-01-11 16:00:00,4.794e-05
2026-01-12 00:00:00,3.946e-05
2026-01-12 08:00:00,2.655e-05
2026-01-12 16:00:00,5.58e-06
2026-01-13 00:00:00,2.203e-05
2026-01-13 08:00:00,0.0001
2026-01-13 16:00:00,8.533e-05
2026-01-14 00:00:00,7.769e-05
2026-01-14 08:00:00,0.0001
2026-01-14 16:00:00,0.0001
2026-01-15 00:00:00,-7.68e-06
2026-01-15 08:00:00,1.93e-06
2026-01-15 16:00:00,-4.41e-06
2026-01-16 00:00:00,-3.671e-05
2026-01-16 08:00:00,5.038e-05
2026-01-16 16:00:00,3.96e-06
2026-01-17 00:00:00,6.897e-05
2026-01-17 08:00:00,1.796e-05
2026-01-17 16:00:00,4.64e-06
2026-01-18 00:00:00,4.95e-06
2026-01-18 08:00:00,4.877e-05
2026-01-18 16:00:00,1.662e-05
2026-01-19 00:00:00,-1.073e-05
2026-01-19 08:00:00,-2.772e-05
2026-01-19 16:00:00,2.1e-05
2026-01-20 00:00:00,3.081e-05
2026-01-20 08:00:00,-1.587e-05
2026-01-20 16:00:00,-1.241e-05
2026-01-21 00:00:00,3.191e-05
2026-01-21 08:00:00,3.3e-06
2026-01-21 16:00:00,4.007e-05
2026-01-22 00:00:00,5.715e-05
2026-01-22 08:00:00,3.047e-05
2026-01-22 16:00:00,4.6e-07
2026-01-23 00:00:00,4.883e-05
2026-01-23 08:00:00,2.626e-05
2026-01-23 16:00:00,-3.242e-05
2026-01-24 00:00:00,-9.22e-06
2026-01-24 08:00:00,-2.571e-05
2026-01-24 16:00:00,-2.308e-05
2026-01-25 00:00:00,-2.888e-05
2026-01-25 08:00:00,4.576e-05
2026-01-25 16:00:00,3.977e-05
2026-01-26 00:00:00,-2.42e-06
2026-01-26 08:00:00,4.497e-05
2026-01-26 16:00:00,3.7e-05
2026-01-27 00:00:00,3.771e-05
2026-01-27 08:00:00,1.233e-05
2026-01-27 16:00:00,-3.249e-05
2026-01-28 00:00:00,5.878e-05
2026-01-28 08:00:00,7.136e-05
2026-01-28 16:00:00,4.604e-05
2026-01-29 00:00:00,2.277e-05
2026-01-29 08:00:00,1.655e-05
2026-01-29 16:00:00,-6.85e-06
2026-01-30 00:00:00,-1.576e-05
2026-01-30 08:00:00,-6.865e-05
2026-01-30 16:00:00,-4.013e-05
2026-01-31 00:00:00,9.175e-05
2026-01-31 08:00:00,4.577e-05
2026-01-31 16:00:00,2.269e-05
2026-02-01 00:00:00,8.18e-06
2026-02-01 08:00:00,-1.777e-05
2026-02-01 16:00:00,1.922e-05
2026-02-02 00:00:00,5.086e-05
2026-02-02 08:00:00,3.33e-06
2026-02-02 16:00:00,-2.239e-05
2026-02-03 00:00:00,-2.664e-05
2026-02-03 08:00:00,2.969e-05
2026-02-03 16:00:00,-4.127e-05
2026-02-04 00:00:00,2.78e-06
2026-02-04 08:00:00,9.059e-05
2026-02-04 16:00:00,4.301e-05
2026-02-05 00:00:00,4.71e-05
2026-02-05 08:00:00,2.503e-05
2026-02-05 16:00:00,2.066e-05
2026-02-06 00:00:00,8.72e-06
2026-02-06 08:00:00,-7.84e-06
2026-02-06 16:00:00,-9.333e-05
2026-02-07 00:00:00,-6.377e-05
2026-02-07 08:00:00,1.339e-05
2026-02-07 16:00:00,2.463e-05
2026-02-08 00:00:00,6.51e-06
2026-02-08 08:00:00,-4.565e-05
2026-02-08 16:00:00,-9.66e-06
2026-02-09 00:00:00,1.522e-05
2026-02-09 08:00:00,-1.797e-05
2026-02-09 16:00:00,-3.862e-05
2026-02-10 00:00:00,6.1e-05
2026-02-10 08:00:00,-4.32e-05
2026-02-10 16:00:00,-5.877e-05
2026-02-11 00:00:00,-2.347e-05
2026-02-11 08:00:00,-6.234e-05
2026-02-11 16:00:00,-8.41e-06
2026-02-12 00:00:00,9.04e-06
2026-02-12 08:00:00,7.205e-05
2026-02-12 16:00:00,0.0001
2026-02-13 00:00:00,1.48e-06
2026-02-13 08:00:00,3.691e-05
2026-02-13 16:00:00,3.088e-05
2026-02-14 00:00:00,-1.529e-05
2026-02-14 08:00:00,-1.51e-05
2026-02-14 16:00:00,8.737e-05
2026-02-15 00:00:00,6.207e-05
2026-02-15 08:00:00,3.283e-05
2026-02-15 16:00:00,2.12e-05
2026-02-16 00:00:00,7.436e-05
2026-02-16 08:00:00,3.523e-05
2026-02-16 16:00:00,-2.246e-05
2026-02-17 00:00:00,3.206e-05
2026-02-17 08:00:00,1.909e-05
2026-02-17 16:00:00,-1.232e-05
2026-02-18 00:00:00,1.873e-05
2026-02-18 08:00:00,-1.7e-06
2026-02-18 16:00:00,4.04e-06
2026-02-19 00:00:00,-1.595e-05
2026-02-19 08:00:00,5.2e-05
2026-02-19 16:00:00,9.29e-06
2026-02-20 00:00:00,0.0001
2026-02-20 08:00:00,0.0001
2026-02-20 16:00:00,7.455e-05
2026-02-21 00:00:00,0.0001
2026-02-21 08:00:00,9.803e-05
2026-02-21 16:00:00,8.445e-05
2026-02-22 00:00:00,1.996e-05
2026-02-22 08:00:00,-2.637e-05
2026-02-22 16:00:00,-7.55e-06
2026-02-23 00:00:00,-2.32e-06
2026-02-23 08:00:00,-6.028e-05
2026-02-23 16:00:00,1.294e-05
2026-02-24 00:00:00,-4.456e-05
2026-02-24 08:00:00,-8.39e-05
2026-02-24 16:00:00,2.037e-05
2026-02-25 00:00:00,1.405e-05
2026-02-25 08:00:00,0.0001
2026-02-25 16:00:00,5.544e-05
2026-02-26 00:00:00,3.563e-05
2026-02-26 08:00:00,0.0001
2026-02-26 16:00:00,4.048e-05
2026-02-27 00:00:00,3.949e-05
2026-02-27 08:00:00,-6.7e-06
2026-02-27 16:00:00,-1.23e-06
2026-02-28 00:00:00,-1.3e-05
2026-02-28 08:00:00,-4.555e-05
2026-02-28 16:00:00,-2.304e-05
2026-03-01 00:00:00,2.72e-05
2026-03-01 08:00:00,9.248e-05
2026-03-01 16:00:00,6.513e-05
2026-03-02 00:00:00,1.312e-05
2026-03-02 08:00:00,3.004e-05
2026-03-02 16:00:00,2.662e-05
2026-03-03 00:00:00,1.835e-05
2026-03-03 08:00:00,1.216e-05
2026-03-03 16:00:00,7.04e-06
2026-03-04 00:00:00,2.232e-05
2026-03-04 08:00:00,-5.33e-06
2026-03-04 16:00:00,3.549e-05
2026-03-05 00:00:00,-5.395e-05
2026-03-05 08:00:00,-4.077e-05
2026-03-05 16:00:00,-4.675e-05
2026-03-06 00:00:00,-6.5e-06
2026-03-06 08:00:00,1.7e-06
2026-03-06 16:00:00,-3.68e-06
2026-03-07 00:00:00,-5.886e-05
2026-03-07 08:00:00,-2.954e-05
2026-03-07 16:00:00,-1.84e-05
2026-03-08 00:00:00,-3.754e-05
2026-03-08 08:00:00,-4.305e-05
2026-03-08 16:00:00,-3.147e-05
2026-03-09 00:00:00,-3.904e-05
2026-03-09 08:00:00,-2.969e-05
2026-03-09 16:00:00,-4.027e-05
2026-03-10 00:00:00,-6.036e-05
2026-03-10 08:00:00,5.053e-05
2026-03-10 16:00:00,3.653e-05
2026-03-11 00:00:00,-0.00010651
2026-03-11 08:00:00,-4.524e-05
2026-03-11 16:00:00,-3.643e-05
2026-03-12 00:00:00,-6.084e-05
2026-03-12 08:00:00,-5.94e-05
2026-03-12 16:00:00,-3.673e-05
2026-03-13 00:00:00,-4.285e-05
2026-03-13 08:00:00,5.018e-05
2026-03-13 16:00:00,8.1e-07
2026-03-14 00:00:00,-6.159e-05
2026-03-14 08:00:00,-3.443e-05
2026-03-14 16:00:00,-8.727e-05
2026-03-15 00:00:00,-5.834e-05
2026-03-15 08:00:00,4.94e-06
2026-03-15 16:00:00,3.891e-05
2026-03-16 00:00:00,-1.303e-05
2026-03-16 08:00:00,6.555e-05
2026-03-16 16:00:00,-9.1e-07
2026-03-17 00:00:00,9.33e-05
2026-03-17 08:00:00,4.348e-05
2026-03-17 16:00:00,-3.818e-05
2026-03-18 00:00:00,4.29e-06
2026-03-18 08:00:00,1.092e-05
2026-03-18 16:00:00,-3.817e-05
2026-03-19 00:00:00,1.783e-05
2026-03-19 08:00:00,1.935e-05
2026-03-19 16:00:00,2.36e-06
2026-03-20 00:00:00,5.293e-05
2026-03-20 08:00:00,4.069e-05
2026-03-20 16:00:00,1.439e-05
2026-03-21 00:00:00,5.021e-05
2026-03-21 08:00:00,3.867e-05
2026-03-21 16:00:00,-2.305e-05
2026-03-22 00:00:00,-9.613e-05
2026-03-22 08:00:00,-6.035e-05
2026-03-22 16:00:00,-1.448e-05
2026-03-23 00:00:00,-3.128e-05
2026-03-23 08:00:00,9.98e-06
2026-03-23 16:00:00,5.61e-05
2026-03-24 00:00:00,3.782e-05
2026-03-24 08:00:00,1.995e-05
2026-03-24 16:00:00,5.202e-05
2026-03-25 00:00:00,5.529e-05
2026-03-25 08:00:00,0.0001
2026-03-25 16:00:00,-5.1e-07
2026-03-26 00:00:00,8.72e-06
2026-03-26 08:00:00,-6.81e-06
2026-03-26 16:00:00,7.21e-06
2026-03-27 00:00:00,6.279e-05
2026-03-27 08:00:00,1.085e-05
2026-03-27 16:00:00,-4.22e-05
2026-03-28 00:00:00,6.645e-05
2026-03-28 08:00:00,-1.938e-05
2026-03-28 16:00:00,-3.452e-05
2026-03-29 00:00:00,-1.612e-05
2026-03-29 08:00:00,-2.567e-05
2026-03-29 16:00:00,1.795e-05
2026-03-30 00:00:00,1.496e-05
2026-03-30 08:00:00,-8.47e-06
2026-03-30 16:00:00,-6.93e-06
2026-03-31 00:00:00,-4.15e-05
2026-03-31 08:00:00,3.004e-05
2026-03-31 16:00:00,2.679e-05
2026-04-01 00:00:00,1.245e-05
2026-04-01 08:00:00,8.087e-05
2026-04-01 16:00:00,2.341e-05
2026-04-02 00:00:00,-5.38e-06
2026-04-02 08:00:00,-5.339e-05
2026-04-02 16:00:00,-5.711e-05
2026-04-03 00:00:00,2.082e-05
2026-04-03 08:00:00,-2.173e-05
2026-04-03 16:00:00,1.606e-05
2026-04-04 00:00:00,4.64e-05
2026-04-04 08:00:00,3.085e-05
2026-04-04 16:00:00,1.429e-05
2026-04-05 00:00:00,2.88e-06
2026-04-05 08:00:00,-3.078e-05
2026-04-05 16:00:00,1.708e-05
2026-04-06 00:00:00,4.917e-05
2026-04-06 08:00:00,6.702e-05
2026-04-06 16:00:00,-1.085e-05
2026-04-07 00:00:00,-6.556e-05
2026-04-07 08:00:00,-2.482e-05
2026-04-07 16:00:00,3.37e-06
2026-04-08 00:00:00,8.173e-05
2026-04-08 08:00:00,7.604e-05
2026-04-08 16:00:00,3.729e-05
2026-04-09 00:00:00,1.289e-05
2026-04-09 08:00:00,2.268e-05
2026-04-09 16:00:00,6.094e-05
2026-04-10 00:00:00,8.631e-05
2026-04-10 08:00:00,0.0001
2026-04-10 16:00:00,5.532e-05
2026-04-11 00:00:00,-1.994e-05
2026-04-11 08:00:00,-3.168e-05
2026-04-11 16:00:00,3.19e-06
2026-04-12 00:00:00,3.126e-05
2026-04-12 08:00:00,-1.32e-05
2026-04-12 16:00:00,1.26e-06
2026-04-13 00:00:00,-3.174e-05
2026-04-13 08:00:00,2.357e-05
2026-04-13 16:00:00,-5.728e-05
2026-04-14 00:00:00,-2.325e-05
2026-04-14 08:00:00,7.874e-05
2026-04-14 16:00:00,-5.4e-07
2026-04-15 00:00:00,-0.00016192
2026-04-15 08:00:00,-7.656e-05
2026-04-15 16:00:00,-7.156e-05
2026-04-16 00:00:00,-1.653e-05
2026-04-16 08:00:00,-3.46e-05
2026-04-16 16:00:00,-8.038e-05
2026-04-17 00:00:00,1.867e-05
2026-04-17 08:00:00,-1.646e-05
2026-04-17 16:00:00,-1.54e-06
2026-04-18 00:00:00,-8.918e-05
2026-04-18 08:00:00,-7.785e-05
2026-04-18 16:00:00,-9.15e-05
2026-04-19 00:00:00,-2.841e-05
2026-04-19 08:00:00,-1.889e-05
2026-04-19 16:00:00,5.26e-06
2026-04-20 00:00:00,-1.423e-05
2026-04-20 08:00:00,-1.42e-05
2026-04-20 16:00:00,-6.7e-07
2026-04-21 00:00:00,-8.607e-05
2026-04-21 08:00:00,-6.603e-05
2026-04-21 16:00:00,-3.805e-05
2026-04-22 00:00:00,1.119e-05
2026-04-22 08:00:00,2.767e-05
2026-04-22 16:00:00,-5.123e-05
2026-04-23 00:00:00,-6.104e-05
2026-04-23 08:00:00,-5.324e-05
2026-04-23 16:00:00,2.2e-07
2026-04-24 00:00:00,-3.354e-05
2026-04-24 08:00:00,2.763e-05
2026-04-24 16:00:00,-4.07e-05
2026-04-25 00:00:00,-5.45e-06
2026-04-25 08:00:00,-2.79e-06
2026-04-25 16:00:00,-3.09e-05
2026-04-26 00:00:00,1.835e-05
2026-04-26 08:00:00,2.842e-05
2026-04-26 16:00:00,8.89e-06
2026-04-27 00:00:00,4.45e-06
2026-04-27 08:00:00,2.977e-05
2026-04-27 16:00:00,-1.593e-05
2026-04-28 00:00:00,1.46e-05
2026-04-28 08:00:00,-7.225e-05
2026-04-28 16:00:00,-8.35e-06
2026-04-29 00:00:00,-1.99e-06
2026-04-29 08:00:00,-5.559e-05
2026-04-29 16:00:00,-5.871e-05
2026-04-30 00:00:00,-3.31e-06
2026-04-30 08:00:00,-2.85e-05
2026-04-30 16:00:00,-4.675e-05
2026-05-01 00:00:00,-5.18e-05
2026-05-01 08:00:00,-2.354e-05
2026-05-01 16:00:00,-2.639e-05
2026-05-02 00:00:00,-7.815e-05
2026-05-02 08:00:00,-4.432e-05
2026-05-02 16:00:00,-3.682e-05
2026-05-03 00:00:00,2.292e-05
2026-05-03 08:00:00,-3.062e-05
2026-05-03 16:00:00,6.191e-05
2026-05-04 00:00:00,6.88e-05
2026-05-04 08:00:00,3.395e-05
2026-05-04 16:00:00,-3.68e-05
2026-05-05 00:00:00,-6.316e-05
2026-05-05 08:00:00,1.73e-06
2026-05-05 16:00:00,-2.771e-05
2026-05-06 00:00:00,-9.189e-05
2026-05-06 08:00:00,-3.041e-05
2026-05-06 16:00:00,2.016e-05
2026-05-07 00:00:00,-2.988e-05
2026-05-07 08:00:00,9.17e-06
2026-05-07 16:00:00,4.301e-05
2026-05-08 00:00:00,4.014e-05
2026-05-08 08:00:00,3.823e-05
2026-05-08 16:00:00,2.934e-05
2026-05-09 00:00:00,2.557e-05
2026-05-09 08:00:00,-1.618e-05
2026-05-09 16:00:00,2.584e-05
2026-05-10 00:00:00,-3.074e-05
2026-05-10 08:00:00,5.8e-06
2026-05-10 16:00:00,3.436e-05
2026-05-11 00:00:00,2.867e-05
2026-05-11 08:00:00,5.033e-05
2026-05-11 16:00:00,1.899e-05
2026-05-12 00:00:00,1.583e-05
2026-05-12 08:00:00,-2.496e-05
2026-05-12 16:00:00,1.992e-05
2026-05-13 00:00:00,-7.54e-06
2026-05-13 08:00:00,5.038e-05
2026-05-13 16:00:00,-1.024e-05
2026-05-14 00:00:00,5.522e-05
2026-05-14 08:00:00,2.389e-05
2026-05-14 16:00:00,-7e-08
2026-05-15 00:00:00,-5.569e-05
2026-05-15 08:00:00,-1.847e-05
2026-05-15 16:00:00,-1.843e-05
2026-05-16 00:00:00,-4.507e-05
2026-05-16 08:00:00,-1.859e-05
2026-05-16 16:00:00,2.209e-05
2026-05-17 00:00:00,4.075e-05
2026-05-17 08:00:00,1.199e-05
2026-05-17 16:00:00,2.6e-07
2026-05-18 00:00:00,-1.269e-05
2026-05-18 08:00:00,6.193e-05
2026-05-18 16:00:00,5.491e-05
2026-05-19 00:00:00,3.957e-05
2026-05-19 08:00:00,4.736e-05
2026-05-19 16:00:00,7.452e-05
2026-05-20 00:00:00,0.0001
2026-05-20 08:00:00,9.058e-05
2026-05-20 16:00:00,8.696e-05
2026-05-21 00:00:00,2.703e-05
2026-05-21 08:00:00,4.975e-05
2026-05-21 16:00:00,4.854e-05
2026-05-22 00:00:00,6.411e-05
2026-05-22 08:00:00,1.334e-05
2026-05-22 16:00:00,7.855e-05
2026-05-23 00:00:00,4.144e-05
2026-05-23 08:00:00,-5.39e-06
2026-05-23 16:00:00,7.53e-06
2026-05-24 00:00:00,4.057e-05
2026-05-24 08:00:00,8.428e-05
2026-05-24 16:00:00,1.515e-05
2026-05-25 00:00:00,1.907e-05
2026-05-25 08:00:00,8.207e-05
2026-05-25 16:00:00,7.338e-05
2026-05-26 00:00:00,4.014e-05
2026-05-26 08:00:00,-8.67e-06
2026-05-26 16:00:00,5.99e-06
2026-05-27 00:00:00,1.507e-05
2026-05-27 08:00:00,-9.095e-05
2026-05-27 16:00:00,-5.58e-06
2026-05-28 00:00:00,3.609e-05
2026-05-28 08:00:00,1.112e-05
2026-05-28 16:00:00,8.955e-05
2026-05-29 00:00:00,0.0001
2026-05-29 08:00:00,4.155e-05
2026-05-29 16:00:00,2.605e-05
2026-05-30 00:00:00,6.986e-05
2026-05-30 08:00:00,2.284e-05
2026-05-30 16:00:00,3.917e-05
2026-05-31 00:00:00,7.356e-05
2026-05-31 08:00:00,5.136e-05
2026-05-31 16:00:00,6.798e-05
2026-06-01 00:00:00,4.369e-05
2026-06-01 08:00:00,-3.38e-06
2026-06-01 16:00:00,7.23e-05
2026-06-02 00:00:00,0.0001
2026-06-02 08:00:00,0.0001
2026-06-02 16:00:00,9.202e-05
2026-06-03 00:00:00,6.68e-06
2026-06-03 08:00:00,4.329e-05
2026-06-03 16:00:00,8.14e-05
2026-06-04 00:00:00,-4.52e-06
2026-06-04 08:00:00,3.034e-05
2026-06-04 16:00:00,-1.17e-06
2026-06-05 00:00:00,-2.403e-05
2026-06-05 08:00:00,-3.588e-05
2026-06-05 16:00:00,-2.692e-05
2026-06-06 00:00:00,2.774e-05
2026-06-06 08:00:00,3.805e-05
2026-06-06 16:00:00,-4.06e-06
2026-06-07 00:00:00,-4.138e-05
2026-06-07 08:00:00,-1.916e-05
2026-06-07 16:00:00,1.038e-05
2026-06-08 00:00:00,8.39e-06
2026-06-08 08:00:00,2.491e-05
2026-06-08 16:00:00,3.697e-05
2026-06-09 00:00:00,1.644e-05
2026-06-09 08:00:00,3.712e-05
2026-06-09 16:00:00,1.714e-05
2026-06-10 00:00:00,4.476e-05
2026-06-10 08:00:00,-4.518e-05
2026-06-10 16:00:00,3.639e-05
2026-06-11 00:00:00,-8.13e-06
2026-06-11 08:00:00,9.561e-05
2026-06-11 16:00:00,6.345e-05
2026-06-12 00:00:00,8.605e-05
2026-06-12 08:00:00,2.498e-05
2026-06-12 16:00:00,5.088e-05
2026-06-13 00:00:00,2.88e-05
2026-06-13 08:00:00,1.355e-05
2026-06-13 16:00:00,1.254e-05
2026-06-14 00:00:00,4.8e-06
2026-06-14 08:00:00,6.32e-06
2026-06-14 16:00:00,1.454e-05
2026-06-15 00:00:00,2.186e-05
2026-06-15 08:00:00,1.124e-05
2026-06-15 16:00:00,-1.115e-05
2026-06-16 00:00:00,2.767e-05
2026-06-16 08:00:00,-4.695e-05
2026-06-16 16:00:00,4.902e-05
2026-06-17 00:00:00,5.459e-05
2026-06-17 08:00:00,1.567e-05
2026-06-17 16:00:00,3.6e-06
2026-06-18 00:00:00,-3.27e-06
2026-06-18 08:00:00,-1.297e-05
2026-06-18 16:00:00,-2.986e-05
2026-06-19 00:00:00,-4.69e-05
2026-06-19 08:00:00,-3.489e-05
2026-06-19 16:00:00,-5.782e-05
2026-06-20 00:00:00,1.592e-05
2026-06-20 08:00:00,2.03e-06
2026-06-20 16:00:00,4.672e-05
2026-06-21 00:00:00,1.095e-05
2026-06-21 08:00:00,-2.58e-06
2026-06-21 16:00:00,-3.646e-05
2026-06-22 00:00:00,-1.456e-05
2026-06-22 08:00:00,1.727e-05
2026-06-22 16:00:00,4.573e-05
2026-06-23 00:00:00,2.79e-06
2026-06-23 08:00:00,1.158e-05
2026-06-23 16:00:00,-2.607e-05
2026-06-24 00:00:00,-1.764e-05
2026-06-24 08:00:00,3.367e-05
2026-06-24 16:00:00,-5.744e-05
2026-06-25 00:00:00,-3.746e-05
2026-06-25 08:00:00,-1.995e-05
2026-06-25 16:00:00,-7.541e-05
2026-06-26 00:00:00,2.172e-05
2026-06-26 08:00:00,-1.395e-05
2026-06-26 16:00:00,3.099e-05
2026-06-27 00:00:00,2.108e-05
2026-06-27 08:00:00,7.01e-06
2026-06-27 16:00:00,-8.89e-06
2026-06-28 00:00:00,-3.417e-05
2026-06-28 08:00:00,-1.071e-05
2026-06-28 16:00:00,2.349e-05
2026-06-29 00:00:00,1.585e-05
2026-06-29 08:00:00,1.68e-05
2026-06-29 16:00:00,7.079e-05
2026-06-30 00:00:00,0.0001
2026-06-30 08:00:00,-1.072e-05
2026-06-30 16:00:00,3.036e-05
2026-07-01 00:00:00,4.036e-05
2026-07-01 08:00:00,9.078e-05
2026-07-01 16:00:00,8.186e-05
2026-07-02 00:00:00,8.594e-05
2026-07-02 08:00:00,0.0001
2026-07-02 16:00:00,5.972e-05
2026-07-03 00:00:00,5.107e-05
2026-07-03 08:00:00,7.429e-05
2026-07-03 16:00:00,2.602e-05
2026-07-04 00:00:00,3.466e-05
2026-07-04 08:00:00,7.537e-05
2026-07-04 16:00:00,5.205e-05
2026-07-05 00:00:00,3.282e-05
2026-07-05 08:00:00,3.719e-05
2026-07-05 16:00:00,3.106e-05
2026-07-06 00:00:00,5.565e-05
2026-07-06 08:00:00,-7.55e-06
2026-07-06 16:00:00,9.435e-05
2026-07-07 00:00:00,0.0001
2026-07-07 08:00:00,3.22e-05
2026-07-07 16:00:00,0.0001
2026-07-08 00:00:00,4.55e-05
2026-07-08 08:00:00,3.534e-05
2026-07-08 16:00:00,6.329e-05
2026-07-09 00:00:00,8.991e-05
2026-07-09 08:00:00,5.552e-05
2026-07-09 16:00:00,5.343e-05
2026-07-10 00:00:00,7.151e-05
2026-07-10 08:00:00,0.0001
2026-07-10 16:00:00,0.0001
2026-07-11 00:00:00,0.0001
2026-07-11 08:00:00,7.282e-05
2026-07-11 16:00:00,8.697e-05
2026-07-12 00:00:00,6.748e-05
2026-07-12 08:00:00,1.256e-05
2026-07-12 16:00:00,4.795e-05
2026-07-13 00:00:00,2.717e-05
2026-07-13 08:00:00,-4.26e-05
2026-07-13 16:00:00,3.144e-05
2026-07-14 00:00:00,2.559e-05
2026-07-14 08:00:00,6.919e-05
2026-07-14 16:00:00,0.0001
2026-07-15 00:00:00,0.0001
2026-07-15 08:00:00,0.0001
2026-07-15 16:00:00,3.971e-05
2026-07-16 00:00:00,5.402e-05
2026-07-16 08:00:00,3.81e-05
2026-07-16 16:00:00,3.123e-05
2026-07-17 00:00:00,1.171e-05
2026-07-17 08:00:00,-1.184e-05
2026-07-17 16:00:00,3.69e-05
2026-07-18 00:00:00,2.879e-05
2026-07-18 08:00:00,2.942e-05
2026-07-18 16:00:00,-6.26e-06
2026-07-19 00:00:00,2.913e-05
2026-07-19 08:00:00,0.0001
2026-07-19 16:00:00,6.601e-05
2026-07-20 00:00:00,3.147e-05
2026-07-20 08:00:00,1.131e-05
2026-07-20 16:00:00,3.778e-05
2026-07-21 00:00:00,3.242e-05
2026-07-21 08:00:00,6.956e-05
2026-07-21 16:00:00,4.234e-05
2026-07-22 00:00:00,3.311e-05
2026-07-22 08:00:00,1.733e-05
2026-07-22 16:00:00,-2.153e-05
2026-07-23 00:00:00,-2.066e-05
2026-07-23 08:00:00,-3.46e-05
2026-07-23 16:00:00,7.74e-06
2026-07-24 00:00:00,1.704e-05
2026-07-24 08:00:00,4.542e-05
2026-07-24 16:00:00,-1.06e-05
2026-07-25 00:00:00,-1.854e-05
2026-07-25 08:00:00,-2.672e-05
2026-07-25 16:00:00,-4.668e-05
2026-07-26 00:00:00,-1.212e-05
2026-07-26 08:00:00,1.197e-05
2026-07-26 16:00:00,1.413e-05
2026-07-27 00:00:00,5.05e-05
2026-07-27 08:00:00,6.021e-05
2026-07-27 16:00:00,3.134e-05
2026-07-28 00:00:00,1.305e-05
2026-07-28 08:00:00,-4.604e-05
2026-07-28 16:00:00,2.835e-05
2026-07-29 00:00:00,5.251e-05
2026-07-29 08:00:00,4.34e-05
2026-07-29 16:00:00,9.584e-05
2026-07-30 00:00:00,4.388e-05
2026-07-30 08:00:00,9.495e-05
2026-07-30 16:00:00,7.271e-05
2026-07-31 00:00:00,0.0001
2026-07-31 08:00:00,-1.198e-05
2026-07-31 16:00:00,1.642e-05
2026-08-01 00:00:00,2.84e-06
2026-08-01 08:00:00,-1.066e-05
2026-08-01 16:00:00,4.871e-05
2026-08-02 00:00:00,1.631e-05
2026-08-02 08:00:00,0.0001
2026-08-02 16:00:00,8e-08
2026-08-03 00:00:00,4.142e-05
2026-08-03 08:00:00,9.21e-06
2026-08-03 16:00:00,4.861e-05
2026-08-04 00:00:00,4.654e-05
2026-08-04 08:00:00,0.0001
2026-08-04 16:00:00,6.252e-05
2026-08-05 00:00:00,3.783e-05
2026-08-05 08:00:00,5.918e-05
2026-08-05 16:00:00,3.528e-05
2026-08-06 00:00:00,-4.88e-06
2026-08-06 08:00:00,2.016e-05
2026-08-06 16:00:00,2.237e-05
2026-08-07 00:00:00,-2.858e-05
2026-08-07 08:00:00,-1.043e-05
2026-08-07 16:00:00,7.867e-05
2026-08-08 00:00:00,3.35e-06
2026-08-08 08:00:00,3.891e-05
2026-08-08 16:00:00,2.947e-05
2026-08-09 00:00:00,-6.48e-06
2026-08-09 08:00:00,9.66e-06
2026-08-09 16:00:00,7.877e-05
2026-08-10 00:00:00,9.822e-05
2026-08-10 08:00:00,5.639e-05
2026-08-10 16:00:00,3.57e-05
2026-08-11 00:00:00,4.12e-05
2026-08-11 08:00:00,2.938e-05
2026-08-11 16:00:00,3.597e-05
2026-08-12 00:00:00,2.343e-05
2026-08-12 08:00:00,7.473e-05
2026-08-12 16:00:00,4.054e-05
2026-08-13 00:00:00,1.93e-05
2026-08-13 08:00:00,6.966e-05
2026-08-13 16:00:00,5.862e-05
2026-08-14 00:00:00,5.514e-05
2026-08-14 08:00:00,7.34e-06
2026-08-14 16:00:00,2.82e-06
2026-08-15 00:00:00,6.855e-05
2026-08-15 08:00:00,4.737e-05
2026-08-15 16:00:00,4.403e-05
2026-08-16 00:00:00,3.01e-05
2026-08-16 08:00:00,1.182e-05
2026-08-16 16:00:00,3.034e-05
2026-08-17 00:00:00,6.56e-06
2026-08-17 08:00:00,6.25e-05
2026-08-17 16:00:00,5.373e-05
2026-08-18 00:00:00,7.87e-06
2026-08-18 08:00:00,4.19e-05
2026-08-18 16:00:00,3.259e-05
2026-08-19 00:00:00,1.808e-05
2026-08-19 08:00:00,2.203e-05
2026-08-19 16:00:00,9.074e-05
2026-08-20 00:00:00,6.707e-05
2026-08-20 08:00:00,0.0001
2026-08-20 16:00:00,1.028e-05
2026-08-21 00:00:00,1.411e-05
2026-08-21 08:00:00,0.0001
2026-08-21 16:00:00,0.0001
2026-08-22 00:00:00,0.0001
2026-08-22 08:00:00,0.0001
2026-08-22 16:00:00,0.0001
2026-08-23 00:00:00,0.0001
2026-08-23 08:00:00,0.0001
2026-08-23 16:00:00,0.0001
2026-08-24 00:00:00,0.0001
2026-08-24 08:00:00,0.0001
2026-08-24 16:00:00,0.0001
2026-08-25 00:00:00,3.399e-05
2026-08-25 08:00:00,0.0001
2026-08-25 16:00:00,3.529e-05
2026-08-26 00:00:00,2.82e-06
2026-08-26 08:00:00,3.851e-05
2026-08-26 16:00:00,2.805e-05
2026-08-27 00:00:00,1.149e-05
2026-08-27 08:00:00,4.524e-05
2026-08-27 16:00:00,4.435e-05
2026-08-28 00:00:00,2.538e-05
2026-08-28 08:00:00,5.545e-05
2026-08-28 16:00:00,6.678e-05
2026-08-29 00:00:00,8.981e-05
2026-08-29 08:00:00,3.404e-05
2026-08-29 16:00:00,6.594e-05
2026-08-30 00:00:00,4.222e-05
2026-08-30 08:00:00,6.716e-05
2026-08-30 16:00:00,7.004e-05
2026-08-31 00:00:00,6.499e-05
2026-08-31 08:00:00,8.566e-05
2026-08-31 16:00:00,5.905e-05
2026-09-01 00:00:00,2.179e-05
2026-09-01 08:00:00,0.0001
2026-09-01 16:00:00,2.407e-05
2026-09-02 00:00:00,2.041e-05
2026-09-02 08:00:00,8.602e-05
2026-09-02 16:00:00,5.918e-05
2026-09-03 00:00:00,6.847e-05
2026-09-03 08:00:00,9.388e-05
2026-09-03 16:00:00,8.434e-05
2026-09-04 00:00:00,7.352e-05
2026-09-04 08:00:00,6.921e-05
2026-09-04 16:00:00,4.426e-05
2026-09-05 00:00:00,-2.218e-05
2026-09-05 08:00:00,2.107e-05
2026-09-05 16:00:00,-2.21e-05
2026-09-06 00:00:00,1.606e-05
2026-09-06 08:00:00,2.086e-05
2026-09-06 16:00:00,2.976e-05
2026-09-07 00:00:00,2.607e-05
2026-09-07 08:00:00,7.45e-06
2026-09-07 16:00:00,1.982e-05
2026-09-08 00:00:00,3.603e-05
2026-09-08 08:00:00,2.994e-05
2026-09-08 16:00:00,5.769e-05
2026-09-09 00:00:00,5.357e-05
2026-09-09 08:00:00,6.898e-05
2026-09-09 16:00:00,7.774e-05
2026-09-10 00:00:00,1.277e-05
2026-09-10 08:00:00,4.095e-05
2026-09-10 16:00:00,7.636e-05
2026-09-11 00:00:00,5.091e-05
2026-09-11 08:00:00,2.005e-05
2026-09-11 16:00:00,5.602e-05
2026-09-12 00:00:00,2.19e-06
2026-09-12 08:00:00,1.549e-05
2026-09-12 16:00:00,3.813e-05
2026-09-13 00:00:00,5.721e-05
2026-09-13 08:00:00,4.304e-05
