symbol,fundingTime,fundingRate,markPrice,rateType
SKHYNIXUSDT,2026-06-02 08:00:00.001,0.00268255,1545.76179913,Regular
SKHYNIXUSDT,2026-06-02 16:00:00.001,0.0013762,1606.00000000,Regular
SKHYNIXUSDT,2026-06-03 00:00:00.001,0.0,1628.10954590,Regular
SKHYNIXUSDT,2026-06-03 08:00:00.001,-5.481e-05,1635.92021905,Regular
SKHYNIXUSDT,2026-06-03 16:00:00.001,-0.00078658,1622.11558831,Regular
SKHYNIXUSDT,2026-06-04 00:00:00.001,-0.00307661,1543.97000000,Regular
SKHYNIXUSDT,2026-06-04 08:00:00.001,0.00441883,1488.93198598,Regular
SKHYNIXUSDT,2026-06-04 16:00:00.001,0.00181916,1518.56142955,Regular
SKHYNIXUSDT,2026-06-05 00:00:00.001,-0.00342019,1447.03180679,Regular
SKHYNIXUSDT,2026-06-05 08:00:00.001,0.00319518,1336.52539360,Regular
SKHYNIXUSDT,2026-06-05 16:00:00.001,-0.00222193,1318.55373992,Regular
SKHYNIXUSDT,2026-06-06 00:00:00.001,-0.00128169,1238.66000000,Regular
SKHYNIXUSDT,2026-06-06 08:00:00.001,-0.00026144,1212.60000000,Regular
SKHYNIXUSDT,2026-06-06 16:00:00.001,-0.00023551,1203.01000000,Regular
SKHYNIXUSDT,2026-06-07 00:00:00.002,0.00015832,1213.70000000,Regular
SKHYNIXUSDT,2026-06-07 08:00:00.001,0.00061955,1240.00000000,Regular
SKHYNIXUSDT,2026-06-07 16:00:00.001,0.00144544,1289.22971392,Regular
SKHYNIXUSDT,2026-06-08 00:00:00.001,-0.00245651,1240.92621323,Regular
SKHYNIXUSDT,2026-06-08 08:00:00.001,0.00571031,1275.56967177,Regular
SKHYNIXUSDT,2026-06-08 16:00:00.001,0.00161537,1341.94263067,Regular
SKHYNIXUSDT,2026-06-09 00:00:00.001,0.00024153,1369.52150108,Regular
SKHYNIXUSDT,2026-06-09 08:00:00.001,0.0,1452.01908764,Regular
SKHYNIXUSDT,2026-06-09 16:00:00.001,-0.00495579,1392.90000000,Regular
SKHYNIXUSDT,2026-06-10 00:00:00.001,0.00025339,1385.66686566,Regular
SKHYNIXUSDT,2026-06-10 08:00:00.001,0.00463966,1335.70140979,Regular
SKHYNIXUSDT,2026-06-10 16:00:00.001,0.00017878,1366.42000000,Regular
SKHYNIXUSDT,2026-06-11 00:00:00.001,-0.00220722,1313.33000000,Regular
SKHYNIXUSDT,2026-06-11 08:00:00.001,0.0033825,1381.68000000,Regular
SKHYNIXUSDT,2026-06-11 16:00:00.001,5.254e-05,1410.63000000,Regular
SKHYNIXUSDT,2026-06-12 00:00:00.001,0.00216676,1521.00000000,Regular
SKHYNIXUSDT,2026-06-12 08:00:00.001,0.00074851,1429.09301385,Regular
SKHYNIXUSDT,2026-06-12 16:00:00.001,0.00091069,1448.24000000,Regular
SKHYNIXUSDT,2026-06-13 00:00:00.001,0.0,1474.76429381,Regular
SKHYNIXUSDT,2026-06-13 08:00:00.001,0.0,1475.75000000,Regular
SKHYNIXUSDT,2026-06-13 16:00:00.001,0.0,1483.33000000,Regular
SKHYNIXUSDT,2026-06-14 00:00:00.001,0.0,1499.36284062,Regular
SKHYNIXUSDT,2026-06-14 08:00:00.001,0.0,1510.99036190,Regular
SKHYNIXUSDT,2026-06-14 16:00:00.001,0.0,1516.51000000,Regular
SKHYNIXUSDT,2026-06-15 00:00:00.001,0.00029335,1537.29094981,Regular
SKHYNIXUSDT,2026-06-15 08:00:00.002,0.00342426,1509.77707763,Regular
SKHYNIXUSDT,2026-06-15 16:00:00.001,0.00097246,1575.75000000,Regular
SKHYNIXUSDT,2026-06-16 00:00:00.001,-0.00014432,1582.65341427,Regular
SKHYNIXUSDT,2026-06-16 08:00:00.001,0.00158824,1588.97000000,Regular
SKHYNIXUSDT,2026-06-16 16:00:00.001,-0.00248513,1558.34485500,Regular
SKHYNIXUSDT,2026-06-17 00:00:00.001,0.0,1551.66707107,Regular
SKHYNIXUSDT,2026-06-17 08:00:00.001,0.00159068,1657.78642883,Regular
SKHYNIXUSDT,2026-06-17 16:00:00.001,0.00116178,1691.82421526,Regular
SKHYNIXUSDT,2026-06-18 00:00:00.001,0.0,1686.40000000,Regular
SKHYNIXUSDT,2026-06-18 08:00:00.001,0.00072339,1746.62000000,Regular
SKHYNIXUSDT,2026-06-18 16:00:00.001,0.00146713,1797.07568284,Regular
SKHYNIXUSDT,2026-06-19 00:00:00.001,0.00035242,1851.93223451,Regular
SKHYNIXUSDT,2026-06-19 08:00:00.001,0.00213117,1799.48715750,Regular
SKHYNIXUSDT,2026-06-19 16:00:00.001,0.0,1827.25000000,Regular
SKHYNIXUSDT,2026-06-20 00:00:00.001,0.00030862,1836.90603948,Regular
SKHYNIXUSDT,2026-06-20 08:00:00.001,0.00111189,1893.52634224,Regular
SKHYNIXUSDT,2026-06-20 16:00:00.001,0.00013607,1895.62000000,Regular
SKHYNIXUSDT,2026-06-21 00:00:00.001,0.0,1916.23593558,Regular
SKHYNIXUSDT,2026-06-21 08:00:00.001,6.6e-05,1933.13511314,Regular
SKHYNIXUSDT,2026-06-21 16:00:00.001,0.0,1914.24088095,Regular
SKHYNIXUSDT,2026-06-22 00:00:00.001,-0.00295553,1845.38000000,Regular
SKHYNIXUSDT,2026-06-22 08:00:00.001,0.00402973,1896.33000000,Regular
SKHYNIXUSDT,2026-06-22 16:00:00.001,0.0,1926.12416251,Regular
SKHYNIXUSDT,2026-06-23 00:00:00.001,0.0,1931.95000000,Regular
SKHYNIXUSDT,2026-06-23 08:00:00.002,0.00580329,1677.12830759,Regular
SKHYNIXUSDT,2026-06-23 16:00:00.001,0.00032709,1720.03410559,Regular
SKHYNIXUSDT,2026-06-24 00:00:00.001,0.0,1701.71000000,Regular
SKHYNIXUSDT,2026-06-24 08:00:00.001,0.00243107,1708.69000000,Regular
SKHYNIXUSDT,2026-06-24 16:00:00.001,-0.00112959,1691.58940110,Regular
SKHYNIXUSDT,2026-06-25 00:00:00.002,0.00603242,1845.32169281,Regular
SKHYNIXUSDT,2026-06-25 08:00:00.001,0.0,1901.13690827,Regular
SKHYNIXUSDT,2026-06-25 16:00:00.001,-0.00058133,1884.06823277,Regular
SKHYNIXUSDT,2026-06-26 00:00:00.001,-0.00036501,1850.79000000,Regular
SKHYNIXUSDT,2026-06-26 08:00:00.002,0.00458019,1755.24000000,Regular
SKHYNIXUSDT,2026-06-26 16:00:00.001,0.00030982,1770.23000000,Regular
SKHYNIXUSDT,2026-06-27 00:00:00.001,0.0,1758.46908900,Regular
SKHYNIXUSDT,2026-06-27 08:00:00.001,0.0,1762.80000000,Regular
SKHYNIXUSDT,2026-06-27 16:00:00.001,0.0,1768.96000000,Regular
SKHYNIXUSDT,2026-06-28 00:00:00.002,0.0,1760.73859166,Regular
SKHYNIXUSDT,2026-06-28 08:00:00.002,0.00012761,1764.40129379,Regular
SKHYNIXUSDT,2026-06-28 16:00:00.001,0.00039503,1806.40200690,Regular
SKHYNIXUSDT,2026-06-29 00:00:00.001,-0.00157443,1748.88000000,Regular
SKHYNIXUSDT,2026-06-29 08:00:00.001,0.00288018,1695.84000000,Regular
SKHYNIXUSDT,2026-06-29 16:00:00.001,-0.00129015,1682.43000000,Regular
SKHYNIXUSDT,2026-06-30 00:00:00.000,0.00023107,1714.78807046,Regular
SKHYNIXUSDT,2026-06-30 08:00:00.000,0.00073258,1718.92000000,Regular
SKHYNIXUSDT,2026-06-30 16:00:00.001,0.00017477,1728.98000000,Regular
SKHYNIXUSDT,2026-07-01 00:00:00.000,0.0,1741.37724500,Regular
SKHYNIXUSDT,2026-07-01 08:00:00.001,0.00238242,1645.15053413,Regular
SKHYNIXUSDT,2026-07-01 16:00:00.001,-0.00199192,1595.67424912,Regular
SKHYNIXUSDT,2026-07-02 00:00:00.000,-0.0016916,1539.14000000,Regular
SKHYNIXUSDT,2026-07-02 08:00:00.001,0.00534933,1438.69178290,Regular
SKHYNIXUSDT,2026-07-02 16:00:00.001,-0.00149748,1439.59395493,Regular
SKHYNIXUSDT,2026-07-03 00:00:00.001,0.00074962,1435.07564382,Regular
SKHYNIXUSDT,2026-07-03 08:00:00.001,0.00024412,1578.06509330,Regular
SKHYNIXUSDT,2026-07-03 16:00:00.001,0.0,1590.52942576,Regular
SKHYNIXUSDT,2026-07-04 00:00:00.001,0.00054917,1622.65000000,Regular
SKHYNIXUSDT,2026-07-04 08:00:00.001,0.0,1607.70387913,Regular
SKHYNIXUSDT,2026-07-04 16:00:00.001,0.0,1604.93089107,Regular
SKHYNIXUSDT,2026-07-05 00:00:00.002,0.0,1606.82074585,Regular
SKHYNIXUSDT,2026-07-05 08:00:00.001,0.0,1615.75932960,Regular
SKHYNIXUSDT,2026-07-05 16:00:00.001,0.0,1623.12565787,Regular
SKHYNIXUSDT,2026-07-06 00:00:00.001,0.0,1605.96256035,Regular
SKHYNIXUSDT,2026-07-06 08:00:00.001,0.00247467,1534.78628354,Regular
SKHYNIXUSDT,2026-07-06 16:00:00.001,0.0,1556.10000000,Regular
SKHYNIXUSDT,2026-07-07 00:00:00.001,-0.00187311,1505.27000000,Regular
SKHYNIXUSDT,2026-07-07 08:00:00.001,0.00661515,1432.03898135,Regular
SKHYNIXUSDT,2026-07-07 16:00:00.001,-0.00087944,1421.82000000,Regular
SKHYNIXUSDT,2026-07-08 00:00:00.002,-0.00176129,1400.68000000,Regular
SKHYNIXUSDT,2026-07-08 08:00:00.001,0.00386943,1390.75598006,Regular
SKHYNIXUSDT,2026-07-08 16:00:00.001,0.00139656,1396.81028529,Regular
SKHYNIXUSDT,2026-07-09 00:00:00.001,0.00102242,1483.44000000,Regular
SKHYNIXUSDT,2026-07-09 08:00:00.001,0.00473872,1477.50149439,Regular
SKHYNIXUSDT,2026-07-09 16:00:00.001,0.00112086,1535.79254508,Regular
SKHYNIXUSDT,2026-07-10 00:00:00.001,0.0,1548.52911397,Regular
SKHYNIXUSDT,2026-07-10 08:00:00.001,0.00317264,1457.97000000,Regular
SKHYNIXUSDT,2026-07-10 16:00:00.001,0.0,1495.21490403,Regular
SKHYNIXUSDT,2026-07-11 00:00:00.001,0.0,1480.41606527,Regular
SKHYNIXUSDT,2026-07-11 08:00:00.001,0.0,1478.54000000,Regular
SKHYNIXUSDT,2026-07-11 16:00:00.001,0.0,1477.32406999,Regular
SKHYNIXUSDT,2026-07-12 00:00:00.001,-2.293e-05,1475.02000000,Regular
SKHYNIXUSDT,2026-07-12 08:00:00.001,0.0,1476.73000000,Regular
SKHYNIXUSDT,2026-07-12 16:00:00.001,0.0,1482.88452938,Regular
SKHYNIXUSDT,2026-07-13 00:00:00.001,-0.00226626,1430.17000000,Regular
SKHYNIXUSDT,2026-07-13 08:00:00.001,0.005,1244.81996422,Regular
SKHYNIXUSDT,2026-07-13 16:00:00.001,0.0,1268.41000000,Regular
SKHYNIXUSDT,2026-07-14 00:00:00.002,-0.00108201,1238.57022928,Regular
SKHYNIXUSDT,2026-07-14 08:00:00.001,0.005,1289.73398267,Regular
SKHYNIXUSDT,2026-07-14 16:00:00.001,0.00192162,1335.01000000,Regular
SKHYNIXUSDT,2026-07-14 20:00:00.001,0.00133532,1388.63000000,Regular
SKHYNIXUSDT,2026-07-15 00:00:00.001,0.00171193,1414.78000000,Regular
SKHYNIXUSDT,2026-07-15 04:00:00.001,-0.00023997,1448.64488989,Regular
SKHYNIXUSDT,2026-07-15 08:00:00.001,-0.00100191,1383.97000000,Regular
SKHYNIXUSDT,2026-07-15 12:00:00.002,0.0,1372.40222149,Regular
SKHYNIXUSDT,2026-07-15 16:00:00.001,-0.00196477,1317.93165728,Regular
SKHYNIXUSDT,2026-07-15 20:00:00.001,0.00064739,1318.65421780,Regular
SKHYNIXUSDT,2026-07-16 00:00:00.001,-0.00129085,1287.00000000,Regular
SKHYNIXUSDT,2026-07-16 04:00:00.001,0.00168949,1254.00000000,Regular
SKHYNIXUSDT,2026-07-16 08:00:00.002,0.00034557,1238.44000000,Regular
SKHYNIXUSDT,2026-07-16 12:00:00.001,-9.577e-05,1231.59980645,Regular
SKHYNIXUSDT,2026-07-16 16:00:00.001,-0.00042886,1218.89526120,Regular
SKHYNIXUSDT,2026-07-16 20:00:00.001,-0.0009732,1190.84000000,Regular
SKHYNIXUSDT,2026-07-17 00:00:00.001,-0.00092102,1188.21000000,Regular
SKHYNIXUSDT,2026-07-17 04:00:00.001,6.403e-05,1182.44801002,Regular
SKHYNIXUSDT,2026-07-17 08:00:00.001,-0.00143406,1146.11000000,Regular
SKHYNIXUSDT,2026-07-17 12:00:00.001,0.00041051,1167.56886683,Regular
SKHYNIXUSDT,2026-07-17 16:00:00.001,0.00150611,1211.66781351,Regular
SKHYNIXUSDT,2026-07-17 20:00:00.001,-0.00094887,1165.11000000,Regular
SKHYNIXUSDT,2026-07-18 00:00:00.001,0.0,1156.67000000,Regular
SKHYNIXUSDT,2026-07-18 04:00:00.002,0.0,1164.14000000,Regular
SKHYNIXUSDT,2026-07-18 08:00:00.001,0.0,1161.58000000,Regular
SKHYNIXUSDT,2026-07-18 12:00:00.001,0.0,1161.11864637,Regular
SKHYNIXUSDT,2026-07-18 16:00:00.001,-4.143e-05,1150.80000000,Regular
SKHYNIXUSDT,2026-07-18 20:00:00.001,0.0,1149.07286943,Regular
SKHYNIXUSDT,2026-07-19 00:00:00.001,0.0,1154.84000000,Regular
SKHYNIXUSDT,2026-07-19 04:00:00.001,0.0,1167.19385879,Regular
SKHYNIXUSDT,2026-07-19 08:00:00.001,8.177e-05,1185.36480444,Regular
SKHYNIXUSDT,2026-07-19 12:00:00.001,-0.00014976,1182.19000000,Regular
SKHYNIXUSDT,2026-07-19 16:00:00.001,0.0,1183.25761432,Regular
SKHYNIXUSDT,2026-07-19 20:00:00.001,0.00020692,1193.54169532,Regular
SKHYNIXUSDT,2026-07-20 00:00:00.002,-0.00031583,1174.85706611,Regular
SKHYNIXUSDT,2026-07-20 04:00:00.001,0.00166537,1209.39000000,Regular
SKHYNIXUSDT,2026-07-20 08:00:00.001,0.00052817,1206.43270265,Regular
SKHYNIXUSDT,2026-07-20 12:00:00.001,0.00060173,1243.21000000,Regular
SKHYNIXUSDT,2026-07-20 16:00:00.001,-0.00016124,1227.44000000,Regular
SKHYNIXUSDT,2026-07-20 20:00:00.001,-0.00055024,1196.97000000,Regular
SKHYNIXUSDT,2026-07-21 00:00:00.001,0.00015674,1202.73369876,Regular
SKHYNIXUSDT,2026-07-21 04:00:00.002,0.00119891,1274.40000000,Regular
SKHYNIXUSDT,2026-07-21 08:00:00.001,0.00022498,1261.76025821,Regular
SKHYNIXUSDT,2026-07-21 12:00:00.001,0.0,1262.86000000,Regular
SKHYNIXUSDT,2026-07-21 16:00:00.000,0.00068707,1290.64000000,Regular
SKHYNIXUSDT,2026-07-21 20:00:00.001,0.00010694,1323.28000000,Regular
SKHYNIXUSDT,2026-07-22 00:00:00.000,0.0,1336.81000000,Regular
SKHYNIXUSDT,2026-07-22 04:00:00.000,0.00034064,1314.02000000,Regular
SKHYNIXUSDT,2026-07-22 08:00:00.001,0.00068087,1250.28121741,Regular
SKHYNIXUSDT,2026-07-22 12:00:00.001,-0.00023337,1236.68000000,Regular
SKHYNIXUSDT,2026-07-22 16:00:00.000,0.0007125,1272.51000000,Regular
SKHYNIXUSDT,2026-07-22 20:00:00.000,-5.632e-05,1260.89000000,Regular
SKHYNIXUSDT,2026-07-23 00:00:00.000,0.0,1300.05000000,Regular
SKHYNIXUSDT,2026-07-23 04:00:00.001,0.00063342,1296.87232710,Regular
SKHYNIXUSDT,2026-07-23 08:00:00.001,6.207e-05,1304.97000000,Regular
SKHYNIXUSDT,2026-07-23 12:00:00.000,-0.00080868,1293.51906174,Regular
SKHYNIXUSDT,2026-07-23 16:00:00.001,-7.333e-05,1285.58298930,Regular
SKHYNIXUSDT,2026-07-23 20:00:00.000,-0.00015507,1286.45000000,Regular
SKHYNIXUSDT,2026-07-24 00:00:00.000,0.0,1283.66000000,Regular
SKHYNIXUSDT,2026-07-24 04:00:00.000,0.00137911,1210.35000000,Regular
SKHYNIXUSDT,2026-07-24 08:00:00.000,0.00134578,1223.17271498,Regular
SKHYNIXUSDT,2026-07-24 12:00:00.001,0.0,1230.13000000,Regular
SKHYNIXUSDT,2026-07-24 16:00:00.000,-0.00044942,1195.24000000,Regular
SKHYNIXUSDT,2026-07-24 20:00:00.000,-0.00028398,1172.12620367,Regular
SKHYNIXUSDT,2026-07-25 00:00:00.001,-5.092e-05,1169.56000000,Regular
SKHYNIXUSDT,2026-07-25 04:00:00.001,0.0004741,1190.04943771,Regular
SKHYNIXUSDT,2026-07-25 08:00:00.000,0.0,1193.24680982,Regular
SKHYNIXUSDT,2026-07-25 12:00:00.000,0.0,1201.70363078,Regular
SKHYNIXUSDT,2026-07-25 16:00:00.000,0.0,1201.32000000,Regular
SKHYNIXUSDT,2026-07-25 20:00:00.000,0.00011139,1218.76000000,Regular
SKHYNIXUSDT,2026-07-26 00:00:00.001,0.0,1226.60000000,Regular
SKHYNIXUSDT,2026-07-26 04:00:00.000,1.648e-05,1229.58000000,Regular
SKHYNIXUSDT,2026-07-26 08:00:00.001,-1.979e-05,1224.99000000,Regular
SKHYNIXUSDT,2026-07-26 12:00:00.000,0.0,1227.92000000,Regular
SKHYNIXUSDT,2026-07-26 16:00:00.001,0.0,1223.30000000,Regular
SKHYNIXUSDT,2026-07-26 20:00:00.000,0.0,1221.08249096,Regular
SKHYNIXUSDT,2026-07-27 00:00:00.001,0.00082569,1250.40000000,Regular
SKHYNIXUSDT,2026-07-27 04:00:00.000,0.00183254,1199.25000000,Regular
SKHYNIXUSDT,2026-07-27 08:00:00.001,0.00025493,1236.28038180,Regular
SKHYNIXUSDT,2026-07-27 12:00:00.001,-0.00023261,1228.34827321,Regular
SKHYNIXUSDT,2026-07-27 16:00:00.000,-0.00246424,1147.73760980,Regular
SKHYNIXUSDT,2026-07-27 20:00:00.001,8.584e-05,1141.05006246,Regular
SKHYNIXUSDT,2026-07-28 00:00:00.000,0.0,1136.69988288,Regular
SKHYNIXUSDT,2026-07-28 04:00:00.000,0.00201005,1093.20000000,Regular
SKHYNIXUSDT,2026-07-28 08:00:00.000,0.00085144,1063.15000000,Regular
SKHYNIXUSDT,2026-07-28 12:00:00.000,0.0,1059.57000000,Regular
SKHYNIXUSDT,2026-07-28 16:00:00.000,0.0007237,1070.43119599,Regular
SKHYNIXUSDT,2026-07-28 20:00:00.001,0.0,1052.48439171,Regular
SKHYNIXUSDT,2026-07-29 00:00:00.001,0.0,1070.36488680,Regular
SKHYNIXUSDT,2026-07-29 04:00:00.000,0.00384462,929.67000000,Regular
SKHYNIXUSDT,2026-07-29 08:00:00.001,0.00239035,988.55000000,Regular
SKHYNIXUSDT,2026-07-29 12:00:00.001,0.0,1000.03394168,Regular
SKHYNIXUSDT,2026-07-29 16:00:00.001,-0.00081102,974.75000000,Regular
SKHYNIXUSDT,2026-07-29 20:00:00.001,-0.00058825,959.04292850,Regular
SKHYNIXUSDT,2026-07-30 00:00:00.000,0.0,951.42000000,Regular
SKHYNIXUSDT,2026-07-30 04:00:00.000,0.00296498,932.56000000,Regular
SKHYNIXUSDT,2026-07-30 08:00:00.001,0.00022029,904.48000000,Regular
SKHYNIXUSDT,2026-07-30 12:00:00.000,0.00190902,960.53243232,Regular
SKHYNIXUSDT,2026-07-30 16:00:00.000,0.00322737,1037.27709677,Regular
SKHYNIXUSDT,2026-07-30 20:00:00.000,0.00046113,1061.22000000,Regular
SKHYNIXUSDT,2026-07-31 00:00:00.000,0.00094104,1105.22000000,Regular
SKHYNIXUSDT,2026-07-31 04:00:00.002,0.0,1151.68873646,Regular
SKHYNIXUSDT,2026-07-31 08:00:00.001,-0.00014385,1187.34000000,Regular
SKHYNIXUSDT,2026-07-31 12:00:00.001,0.0,1185.12912972,Regular
SKHYNIXUSDT,2026-07-31 16:00:00.001,-0.00194169,1111.05890139,Regular
SKHYNIXUSDT,2026-07-31 20:00:00.001,-0.00036155,1088.03672286,Regular
SKHYNIXUSDT,2026-08-01 00:00:00.001,0.0,1085.56000000,Regular
SKHYNIXUSDT,2026-08-01 04:00:00.001,0.0,1086.42742405,Regular
SKHYNIXUSDT,2026-08-01 08:00:00.002,0.0,1091.86622679,Regular
SKHYNIXUSDT,2026-08-01 12:00:00.002,0.0,1094.68374256,Regular
SKHYNIXUSDT,2026-08-01 16:00:00.002,0.0,1086.13224601,Regular
SKHYNIXUSDT,2026-08-01 20:00:00.002,-0.00024947,1070.09249342,Regular
SKHYNIXUSDT,2026-08-02 00:00:00.002,0.00025828,1087.14000000,Regular
SKHYNIXUSDT,2026-08-02 04:00:00.002,0.00048778,1112.96000000,Regular
SKHYNIXUSDT,2026-08-02 08:00:00.002,8.832e-05,1125.91830999,Regular
SKHYNIXUSDT,2026-08-02 12:00:00.002,-0.00106941,1099.50000000,Regular
SKHYNIXUSDT,2026-08-02 16:00:00.001,0.0,1104.49000000,Regular
SKHYNIXUSDT,2026-08-02 20:00:00.002,0.0004028,1129.66000000,Regular
SKHYNIXUSDT,2026-08-03 00:00:00.001,0.00039267,1143.86000000,Regular
SKHYNIXUSDT,2026-08-03 04:00:00.001,0.00028481,1110.63000000,Regular
SKHYNIXUSDT,2026-08-03 08:00:00.002,0.0,1096.40000000,Regular
SKHYNIXUSDT,2026-08-03 12:00:00.002,-0.00097538,1054.37000000,Regular
SKHYNIXUSDT,2026-08-03 16:00:00.001,0.0005409,1080.95191606,Regular
SKHYNIXUSDT,2026-08-03 20:00:00.001,0.00025665,1108.69000000,Regular
SKHYNIXUSDT,2026-08-04 00:00:00.001,0.00041085,1132.07902298,Regular
SKHYNIXUSDT,2026-08-04 04:00:00.001,0.00075196,1064.84000000,Regular
SKHYNIXUSDT,2026-08-04 08:00:00.001,0.00039926,1106.45504739,Regular
SKHYNIXUSDT,2026-08-04 12:00:00.001,0.00116925,1141.19128820,Regular
SKHYNIXUSDT,2026-08-04 16:00:00.001,0.00049299,1153.36000000,Regular
SKHYNIXUSDT,2026-08-04 20:00:00.001,4.991e-05,1172.89765045,Regular
SKHYNIXUSDT,2026-08-05 00:00:00.001,0.00033382,1181.99453486,Regular
SKHYNIXUSDT,2026-08-05 04:00:00.001,0.00043945,1184.58410557,Regular
SKHYNIXUSDT,2026-08-05 08:00:00.001,-0.00034782,1161.15971474,Regular
SKHYNIXUSDT,2026-08-05 12:00:00.001,0.0,1144.52000000,Regular
SKHYNIXUSDT,2026-08-05 16:00:00.001,0.00040349,1165.31774905,Regular
SKHYNIXUSDT,2026-08-05 20:00:00.001,-0.00041486,1142.02309473,Regular
SKHYNIXUSDT,2026-08-06 00:00:00.001,-0.00014085,1120.65832654,Regular
SKHYNIXUSDT,2026-08-06 04:00:00.001,0.00031494,1069.62000000,Regular
SKHYNIXUSDT,2026-08-06 08:00:00.002,0.00064493,1057.17000000,Regular
SKHYNIXUSDT,2026-08-06 12:00:00.002,0.0,1054.74000000,Regular
SKHYNIXUSDT,2026-08-06 16:00:00.001,0.00075401,1071.93000000,Regular
SKHYNIXUSDT,2026-08-06 20:00:00.002,-1.691e-05,1056.57000000,Regular
SKHYNIXUSDT,2026-08-07 00:00:00.001,0.0,1067.93000000,Regular
SKHYNIXUSDT,2026-08-07 04:00:00.002,0.00163356,1002.22002860,Regular
SKHYNIXUSDT,2026-08-07 08:00:00.002,0.00192454,1033.47000000,Regular
SKHYNIXUSDT,2026-08-07 12:00:00.001,0.0,1036.62871097,Regular
SKHYNIXUSDT,2026-08-07 16:00:00.002,-0.00047308,1014.54188776,Regular
SKHYNIXUSDT,2026-08-07 20:00:00.001,5.94e-06,1016.17000000,Regular
SKHYNIXUSDT,2026-08-08 00:00:00.001,0.0,1012.46225233,Regular
SKHYNIXUSDT,2026-08-08 04:00:00.002,0.0,1010.51000000,Regular
SKHYNIXUSDT,2026-08-08 08:00:00.001,0.0,1010.29939199,Regular
SKHYNIXUSDT,2026-08-08 12:00:00.001,0.0,1013.08000000,Regular
SKHYNIXUSDT,2026-08-08 16:00:00.001,0.00013019,1025.62977449,Regular
SKHYNIXUSDT,2026-08-08 20:00:00.001,0.0,1026.01177081,Regular
SKHYNIXUSDT,2026-08-09 00:00:00.001,0.0,1024.61691355,Regular
SKHYNIXUSDT,2026-08-09 04:00:00.002,0.0,1020.79000000,Regular
SKHYNIXUSDT,2026-08-09 08:00:00.001,0.0,1018.84000000,Regular
SKHYNIXUSDT,2026-08-09 12:00:00.001,0.0,1019.75306220,Regular
SKHYNIXUSDT,2026-08-09 16:00:00.001,0.0,1024.10871222,Regular
SKHYNIXUSDT,2026-08-09 20:00:00.001,0.0,1027.23340153,Regular
SKHYNIXUSDT,2026-08-10 00:00:00.002,0.0,1030.27570254,Regular
SKHYNIXUSDT,2026-08-10 04:00:00.002,0.00090197,1017.97427699,Regular
SKHYNIXUSDT,2026-08-10 08:00:00.001,0.00047178,1010.39335168,Regular
SKHYNIXUSDT,2026-08-10 12:00:00.001,-0.00039754,996.77476404,Regular
SKHYNIXUSDT,2026-08-10 16:00:00.002,5.883e-05,1001.90000000,Regular
SKHYNIXUSDT,2026-08-10 20:00:00.001,0.0,991.52000000,Regular
SKHYNIXUSDT,2026-08-11 00:00:00.001,-0.00020886,990.58634957,Regular
SKHYNIXUSDT,2026-08-11 04:00:00.002,0.00091001,1017.15000000,Regular
SKHYNIXUSDT,2026-08-11 08:00:00.001,9.006e-05,1010.84000000,Regular
SKHYNIXUSDT,2026-08-11 12:00:00.001,0.00011784,1015.54000000,Regular
SKHYNIXUSDT,2026-08-11 16:00:00.001,0.0,1016.15000000,Regular
SKHYNIXUSDT,2026-08-11 20:00:00.001,0.00010436,1023.72000000,Regular
SKHYNIXUSDT,2026-08-12 00:00:00.001,0.00011233,1033.55649602,Regular
SKHYNIXUSDT,2026-08-12 04:00:00.002,0.00014682,1076.74155862,Regular
SKHYNIXUSDT,2026-08-12 08:00:00.002,0.00049127,1071.92000000,Regular
SKHYNIXUSDT,2026-08-12 12:00:00.001,0.0,1081.48218547,Regular
SKHYNIXUSDT,2026-08-12 16:00:00.002,0.0002654,1103.19000000,Regular
SKHYNIXUSDT,2026-08-12 20:00:00.001,0.00032889,1119.73397882,Regular
SKHYNIXUSDT,2026-08-13 00:00:00.001,0.0,1120.40599363,Regular
SKHYNIXUSDT,2026-08-13 04:00:00.002,0.0,1146.09913752,Regular
SKHYNIXUSDT,2026-08-13 08:00:00.002,0.0,1112.57889212,Regular
SKHYNIXUSDT,2026-08-13 12:00:00.001,0.0,1107.96925365,Regular
SKHYNIXUSDT,2026-08-13 16:00:00.001,0.00203833,1169.96000000,Regular
SKHYNIXUSDT,2026-08-13 20:00:00.002,0.0,1185.65454201,Regular
SKHYNIXUSDT,2026-08-14 00:00:00.001,0.0,1198.59176269,Regular
SKHYNIXUSDT,2026-08-14 04:00:00.001,0.00050007,1162.88713929,Regular
SKHYNIXUSDT,2026-08-14 08:00:00.001,2.557e-05,1167.73000000,Regular
SKHYNIXUSDT,2026-08-14 12:00:00.001,0.00063289,1193.16000000,Regular
SKHYNIXUSDT,2026-08-14 16:00:00.002,-0.00089096,1165.37198670,Regular
SKHYNIXUSDT,2026-08-14 20:00:00.002,0.0,1166.44000000,Regular
SKHYNIXUSDT,2026-08-15 00:00:00.001,0.0,1170.05000000,Regular
SKHYNIXUSDT,2026-08-15 04:00:00.002,0.0,1169.16877047,Regular
SKHYNIXUSDT,2026-08-15 08:00:00.001,0.0,1172.23165970,Regular
SKHYNIXUSDT,2026-08-15 12:00:00.001,0.0,1170.80542168,Regular
SKHYNIXUSDT,2026-08-15 16:00:00.002,0.0,1173.57993641,Regular
SKHYNIXUSDT,2026-08-15 20:00:00.002,0.0,1176.29000000,Regular
SKHYNIXUSDT,2026-08-16 00:00:00.002,0.0,1175.70000000,Regular
SKHYNIXUSDT,2026-08-16 04:00:00.001,8.622e-05,1185.07610529,Regular
SKHYNIXUSDT,2026-08-16 08:00:00.002,0.0,1183.64513789,Regular
SKHYNIXUSDT,2026-08-16 12:00:00.001,0.0,1178.69000000,Regular
SKHYNIXUSDT,2026-08-16 16:00:00.001,0.0,1178.98000000,Regular
SKHYNIXUSDT,2026-08-16 20:00:00.001,0.0,1179.10000000,Regular
SKHYNIXUSDT,2026-08-17 00:00:00.001,0.0,1175.54000000,Regular
SKHYNIXUSDT,2026-08-17 04:00:00.001,0.00054999,1206.24000000,Regular
SKHYNIXUSDT,2026-08-17 08:00:00.001,0.0,1221.89380601,Regular
SKHYNIXUSDT,2026-08-17 12:00:00.001,-2.583e-05,1214.93000000,Regular
SKHYNIXUSDT,2026-08-17 16:00:00.001,0.00051212,1236.40000000,Regular
SKHYNIXUSDT,2026-08-17 20:00:00.001,-0.00059275,1218.89208670,Regular
SKHYNIXUSDT,2026-08-18 00:00:00.002,-6.556e-05,1222.98598556,Regular
SKHYNIXUSDT,2026-08-18 04:00:00.001,0.0001715,1186.94413643,Regular
SKHYNIXUSDT,2026-08-18 08:00:00.001,0.0,1173.13000000,Regular
SKHYNIXUSDT,2026-08-18 12:00:00.002,0.0,1160.23680179,Regular
SKHYNIXUSDT,2026-08-18 16:00:00.001,-0.00104867,1125.82508168,Regular
SKHYNIXUSDT,2026-08-18 20:00:00.001,0.0,1112.78439764,Regular
SKHYNIXUSDT,2026-08-19 00:00:00.001,-0.0001348,1098.09014867,Regular
SKHYNIXUSDT,2026-08-19 04:00:00.001,5.846e-05,1083.39309943,Regular
SKHYNIXUSDT,2026-08-19 08:00:00.001,0.00412968,1165.51487853,Regular
SKHYNIXUSDT,2026-08-19 12:00:00.001,0.0,1165.84000000,Regular
SKHYNIXUSDT,2026-08-19 16:00:00.001,-0.00039767,1150.02003507,Regular
SKHYNIXUSDT,2026-08-19 20:00:00.001,-9.486e-05,1136.22531458,Regular
SKHYNIXUSDT,2026-08-20 00:00:00.001,0.00045147,1163.12779620,Regular
SKHYNIXUSDT,2026-08-20 04:00:00.001,-0.00079734,1216.78000000,Regular
SKHYNIXUSDT,2026-08-20 08:00:00.002,-0.000357,1210.04000000,Regular
SKHYNIXUSDT,2026-08-20 12:00:00.002,-0.00036518,1190.66000000,Regular
SKHYNIXUSDT,2026-08-20 16:00:00.001,0.00012212,1208.26795044,Regular
SKHYNIXUSDT,2026-08-20 20:00:00.002,0.00010727,1213.89779721,Regular
SKHYNIXUSDT,2026-08-21 00:00:00.002,0.0,1207.03139903,Regular
SKHYNIXUSDT,2026-08-21 04:00:00.002,-0.00110288,1262.21232802,Regular
SKHYNIXUSDT,2026-08-21 08:00:00.001,0.0,1252.07000000,Regular
SKHYNIXUSDT,2026-08-21 12:00:00.001,0.00016996,1267.68391427,Regular
SKHYNIXUSDT,2026-08-21 16:00:00.002,0.0,1257.41229222,Regular
SKHYNIXUSDT,2026-08-21 20:00:00.001,-0.00012441,1243.01183591,Regular
SKHYNIXUSDT,2026-08-22 00:00:00.001,0.0,1245.34000000,Regular
SKHYNIXUSDT,2026-08-22 04:00:00.001,0.0,1244.52340963,Regular
SKHYNIXUSDT,2026-08-22 08:00:00.002,0.0,1245.47429703,Regular
SKHYNIXUSDT,2026-08-22 12:00:00.001,0.0,1246.36000000,Regular
SKHYNIXUSDT,2026-08-22 16:00:00.002,0.0,1243.69399210,Regular
SKHYNIXUSDT,2026-08-22 20:00:00.002,0.0,1245.08847645,Regular
SKHYNIXUSDT,2026-08-23 00:00:00.002,0.0,1245.90000000,Regular
SKHYNIXUSDT,2026-08-23 04:00:00.001,7.5e-07,1256.16000000,Regular
SKHYNIXUSDT,2026-08-23 08:00:00.001,0.0,1251.00000000,Regular
SKHYNIXUSDT,2026-08-23 12:00:00.001,0.0,1254.33354441,Regular
SKHYNIXUSDT,2026-08-23 16:00:00.001,0.00014211,1266.22000000,Regular
SKHYNIXUSDT,2026-08-23 20:00:00.001,0.0002058,1279.65253962,Regular
SKHYNIXUSDT,2026-08-24 00:00:00.002,0.00019062,1286.65000000,Regular
SKHYNIXUSDT,2026-08-24 04:00:00.002,-0.00056361,1216.98493421,Regular
SKHYNIXUSDT,2026-08-24 08:00:00.001,-0.00077977,1200.48000000,Regular
SKHYNIXUSDT,2026-08-24 12:00:00.002,0.0,1207.92671542,Regular
SKHYNIXUSDT,2026-08-24 16:00:00.002,0.0,1183.83480915,Regular
SKHYNIXUSDT,2026-08-24 20:00:00.001,0.0,1179.89000000,Regular
SKHYNIXUSDT,2026-08-25 00:00:00.001,-0.00044325,1159.37655448,Regular
SKHYNIXUSDT,2026-08-25 04:00:00.002,0.00018126,1166.77000000,Regular
SKHYNIXUSDT,2026-08-25 08:00:00.001,-0.00032551,1206.20767975,Regular
SKHYNIXUSDT,2026-08-25 12:00:00.002,0.00010524,1229.80000000,Regular
SKHYNIXUSDT,2026-08-25 16:00:00.001,0.0,1219.80822296,Regular
SKHYNIXUSDT,2026-08-25 20:00:00.002,0.0,1227.12000000,Regular
SKHYNIXUSDT,2026-08-26 00:00:00.002,0.0,1217.09992574,Regular
SKHYNIXUSDT,2026-08-26 04:00:00.002,0.0,1245.42496061,Regular
SKHYNIXUSDT,2026-08-26 08:00:00.002,-7.872e-05,1217.30824733,Regular
SKHYNIXUSDT,2026-08-26 12:00:00.001,0.0,1217.06000000,Regular
SKHYNIXUSDT,2026-08-26 16:00:00.002,0.00021122,1225.69000000,Regular
SKHYNIXUSDT,2026-08-26 20:00:00.002,0.0,1217.13935050,Regular
SKHYNIXUSDT,2026-08-27 00:00:00.001,0.00092101,1280.87000000,Regular
SKHYNIXUSDT,2026-08-27 04:00:00.002,-4.199e-05,1261.90970711,Regular
SKHYNIXUSDT,2026-08-27 08:00:00.002,0.00027072,1256.51000000,Regular
SKHYNIXUSDT,2026-08-27 12:00:00.001,0.0,1257.15000000,Regular
SKHYNIXUSDT,2026-08-27 16:00:00.002,-0.0004445,1235.48216180,Regular
SKHYNIXUSDT,2026-08-27 19:00:00.002,-8.481e-05,1225.82936063,Regular
SKHYNIXUSDT,2026-08-27 20:00:00.002,0.00016346,1240.07000000,Regular
SKHYNIXUSDT,2026-08-27 21:00:00.001,5.573e-05,1237.43663462,Regular
SKHYNIXUSDT,2026-08-27 22:00:00.002,-1.685e-05,1233.92336511,Regular
SKHYNIXUSDT,2026-08-27 23:00:00.001,0.0,1232.92000000,Regular
SKHYNIXUSDT,2026-08-27 23:00:01.002,-0.00021475,1232.92000000,Special
SKHYNIXUSDT,2026-08-28 00:00:00.002,0.0,1233.20691025,Regular
SKHYNIXUSDT,2026-08-28 04:00:00.001,0.0,1229.46934505,Regular
SKHYNIXUSDT,2026-08-28 08:00:00.001,0.0,1211.76000000,Regular
SKHYNIXUSDT,2026-08-28 12:00:00.002,0.0,1205.49924440,Regular
SKHYNIXUSDT,2026-08-28 16:00:00.002,0.0,1213.49000000,Regular
SKHYNIXUSDT,2026-08-28 20:00:00.002,-0.00011028,1202.80000000,Regular
SKHYNIXUSDT,2026-08-29 00:00:00.002,0.0,1199.58000000,Regular
SKHYNIXUSDT,2026-08-29 04:00:00.002,3.15e-06,1209.58669232,Regular
SKHYNIXUSDT,2026-08-29 08:00:00.002,0.0,1210.85000000,Regular
SKHYNIXUSDT,2026-08-29 12:00:00.002,0.0,1216.16021787,Regular
SKHYNIXUSDT,2026-08-29 16:00:00.001,0.0,1215.02000000,Regular
SKHYNIXUSDT,2026-08-29 20:00:00.002,0.00035703,1229.21000000,Regular
SKHYNIXUSDT,2026-08-30 00:00:00.001,1.874e-05,1235.49000000,Regular
SKHYNIXUSDT,2026-08-30 04:00:00.002,0.0,1235.75000000,Regular
SKHYNIXUSDT,2026-08-30 08:00:00.001,0.0,1234.89000000,Regular
SKHYNIXUSDT,2026-08-30 12:00:00.002,0.0,1235.64302306,Regular
SKHYNIXUSDT,2026-08-30 16:00:00.001,0.0,1235.01000000,Regular
SKHYNIXUSDT,2026-08-30 20:00:00.002,0.0,1231.95659956,Regular
SKHYNIXUSDT,2026-08-31 00:00:00.001,-0.00237816,1163.53269101,Regular
SKHYNIXUSDT,2026-08-31 04:00:00.001,0.00032051,1180.71000000,Regular
SKHYNIXUSDT,2026-08-31 08:00:00.001,0.0,1215.11000000,Regular
SKHYNIXUSDT,2026-08-31 12:00:00.001,0.0,1209.69942525,Regular
SKHYNIXUSDT,2026-08-31 16:00:00.002,0.0,1213.34000000,Regular
SKHYNIXUSDT,2026-08-31 20:00:00.001,2.713e-05,1228.30000000,Regular
SKHYNIXUSDT,2026-09-01 00:00:00.001,0.0,1223.78000000,Regular
SKHYNIXUSDT,2026-09-01 04:00:00.001,0.0,1235.59972298,Regular
SKHYNIXUSDT,2026-09-01 08:00:00.002,-0.00022393,1223.03251747,Regular
SKHYNIXUSDT,2026-09-01 12:00:00.013,-4.879e-05,1200.18000000,Regular
SKHYNIXUSDT,2026-09-01 16:00:00.001,0.00043214,1214.60000000,Regular
SKHYNIXUSDT,2026-09-01 20:00:00.001,0.0,1193.94282287,Regular
SKHYNIXUSDT,2026-09-02 00:00:00.001,0.0,1190.95000000,Regular
SKHYNIXUSDT,2026-09-02 04:00:00.001,0.00018046,1188.98000000,Regular
SKHYNIXUSDT,2026-09-02 08:00:00.001,0.0,1183.48544696,Regular
SKHYNIXUSDT,2026-09-02 12:00:00.001,0.0,1181.80999153,Regular
SKHYNIXUSDT,2026-09-02 16:00:00.001,0.00023348,1201.00000000,Regular
SKHYNIXUSDT,2026-09-02 20:00:00.001,0.00038827,1215.58000000,Regular
SKHYNIXUSDT,2026-09-03 00:00:00.001,0.0,1213.62000000,Regular
SKHYNIXUSDT,2026-09-03 04:00:00.001,0.00027326,1204.34873127,Regular
SKHYNIXUSDT,2026-09-03 08:00:00.001,0.0,1174.73413886,Regular
SKHYNIXUSDT,2026-09-03 12:00:00.002,0.0,1168.05030607,Regular
SKHYNIXUSDT,2026-09-03 16:00:00.001,0.00021683,1181.59626134,Regular
SKHYNIXUSDT,2026-09-03 20:00:00.001,0.0,1193.85000000,Regular
SKHYNIXUSDT,2026-09-04 00:00:00.001,0.0,1193.04103016,Regular
SKHYNIXUSDT,2026-09-04 04:00:00.002,-0.0001604,1214.30435513,Regular
SKHYNIXUSDT,2026-09-04 08:00:00.002,0.0,1217.31000000,Regular
SKHYNIXUSDT,2026-09-04 12:00:00.001,0.0,1225.31584283,Regular
SKHYNIXUSDT,2026-09-04 16:00:00.001,0.0008014,1250.62679292,Regular
SKHYNIXUSDT,2026-09-04 20:00:00.001,0.00052196,1280.29687604,Regular
SKHYNIXUSDT,2026-09-05 00:00:00.001,0.0,1275.61000000,Regular
SKHYNIXUSDT,2026-09-05 04:00:00.001,0.0,1279.22000000,Regular
SKHYNIXUSDT,2026-09-05 08:00:00.001,0.0,1278.80198309,Regular
SKHYNIXUSDT,2026-09-05 12:00:00.002,0.0,1279.47000000,Regular
SKHYNIXUSDT,2026-09-05 16:00:00.001,0.0,1275.07106038,Regular
SKHYNIXUSDT,2026-09-05 20:00:00.001,0.0,1275.94356495,Regular
SKHYNIXUSDT,2026-09-06 00:00:00.001,0.0,1277.59499631,Regular
SKHYNIXUSDT,2026-09-06 04:00:00.001,0.0,1279.40680097,Regular
SKHYNIXUSDT,2026-09-06 08:00:00.001,0.0,1286.12970530,Regular
SKHYNIXUSDT,2026-09-06 12:00:00.001,0.0,1290.97000000,Regular
SKHYNIXUSDT,2026-09-06 16:00:00.002,-2.556e-05,1282.80000000,Regular
SKHYNIXUSDT,2026-09-06 20:00:00.001,0.0,1287.88000000,Regular
SKHYNIXUSDT,2026-09-07 00:00:00.001,0.0,1289.60027892,Regular
SKHYNIXUSDT,2026-09-07 04:00:00.001,0.0,1302.12515553,Regular
SKHYNIXUSDT,2026-09-07 08:00:00.001,0.0,1321.29000000,Regular
SKHYNIXUSDT,2026-09-07 12:00:00.002,0.0,1324.48888417,Regular
SKHYNIXUSDT,2026-09-07 16:00:00.001,0.0,1324.73000000,Regular
SKHYNIXUSDT,2026-09-07 20:00:00.001,0.0,1338.26645028,Regular
SKHYNIXUSDT,2026-09-08 00:00:00.001,0.0,1337.15000000,Regular
SKHYNIXUSDT,2026-09-08 04:00:00.001,-0.00050071,1406.79519369,Regular
SKHYNIXUSDT,2026-09-08 08:00:00.001,0.0,1338.96754188,Regular
SKHYNIXUSDT,2026-09-08 12:00:00.001,0.0,1344.02000000,Regular
SKHYNIXUSDT,2026-09-08 16:00:00.002,0.00053682,1375.62000000,Regular
SKHYNIXUSDT,2026-09-08 20:00:00.001,-0.00043769,1357.28000000,Regular
SKHYNIXUSDT,2026-09-09 00:00:00.001,-4.878e-05,1346.71499685,Regular
SKHYNIXUSDT,2026-09-09 04:00:00.001,-3.9e-05,1376.17000000,Regular
SKHYNIXUSDT,2026-09-09 08:00:00.002,-0.00012406,1387.96000000,Regular
SKHYNIXUSDT,2026-09-09 12:00:00.001,0.0,1373.62200265,Regular
SKHYNIXUSDT,2026-09-09 16:00:00.001,0.0003733,1407.29430243,Regular
SKHYNIXUSDT,2026-09-09 20:00:00.001,0.00042833,1430.20954459,Regular
SKHYNIXUSDT,2026-09-10 00:00:00.001,-0.00067394,1406.40250755,Regular
SKHYNIXUSDT,2026-09-10 04:00:00.001,0.0004751,1381.47000000,Regular
SKHYNIXUSDT,2026-09-10 08:00:00.001,0.0,1383.16000000,Regular
SKHYNIXUSDT,2026-09-10 12:00:00.001,0.0,1373.22238150,Regular
SKHYNIXUSDT,2026-09-10 16:00:00.001,0.0,1369.81592836,Regular
SKHYNIXUSDT,2026-09-10 20:00:00.001,-0.00021583,1345.83000000,Regular
SKHYNIXUSDT,2026-09-11 00:00:00.001,-0.00047256,1324.26000000,Regular
SKHYNIXUSDT,2026-09-11 04:00:00.001,0.00077476,1328.23028172,Regular
SKHYNIXUSDT,2026-09-11 08:00:00.001,0.00043042,1354.97000000,Regular
SKHYNIXUSDT,2026-09-11 12:00:00.001,0.0,1367.29000000,Regular
SKHYNIXUSDT,2026-09-11 16:00:00.001,0.0,1373.66000000,Regular
SKHYNIXUSDT,2026-09-11 20:00:00.001,0.0,1364.17144386,Regular
SKHYNIXUSDT,2026-09-12 00:00:00.001,0.0,1368.29000000,Regular
SKHYNIXUSDT,2026-09-12 04:00:00.002,0.0,1372.43943690,Regular
SKHYNIXUSDT,2026-09-12 08:00:00.002,0.0,1369.43000000,Regular
SKHYNIXUSDT,2026-09-12 12:00:00.001,0.0,1367.42000000,Regular
SKHYNIXUSDT,2026-09-12 16:00:00.001,0.0,1367.43410969,Regular
SKHYNIXUSDT,2026-09-12 20:00:00.001,-0.00060448,1342.69201364,Regular
SKHYNIXUSDT,2026-09-13 00:00:00.001,0.0,1340.87000000,Regular
SKHYNIXUSDT,2026-09-13 04:00:00.001,0.0,1337.59000000,Regular
SKHYNIXUSDT,2026-09-13 08:00:00.001,-3.784e-05,1327.77000000,Regular
SKHYNIXUSDT,2026-09-13 12:00:00.001,-2.111e-05,1306.64000000,Regular
