trade_date,nav,daily_ret,nav_long,nav_short,long_ret,short_ret
20230103,0.969454,-0.030546,1.010360,0.965094,0.010360,-0.034906
20230104,0.972130,0.002760,1.015879,0.962486,0.005462,-0.002703
20230105,0.980505,0.008615,1.022621,0.964390,0.006636,0.001979
20230106,0.991122,0.010828,1.012476,0.984400,-0.009920,0.020748
20230109,0.987967,-0.003183,1.016598,0.977259,0.004071,-0.007254
20230110,0.979316,-0.008756,1.015111,0.970131,-0.001463,-0.007294
20230111,0.987799,0.008662,1.007502,0.985807,-0.007496,0.016159
20230112,0.999706,0.012053,1.006514,0.998656,-0.000981,0.013034
20230113,1.025736,0.026038,1.019558,1.011716,0.012961,0.013078
20230116,1.051963,0.025569,1.034940,1.022322,0.015086,0.010482
20230117,1.060730,0.008334,1.031175,1.034561,-0.003638,0.011972
20230118,1.071464,0.010119,1.030140,1.046069,-0.001004,0.011123
20230119,1.100588,0.027181,1.040829,1.063647,0.010377,0.016804
20230120,1.094882,-0.005184,1.049256,1.049521,0.008096,-0.013281
20230130,1.073899,-0.019164,1.057546,1.021116,0.007901,-0.027065
20230131,1.062599,-0.010522,1.057263,1.010645,-0.000267,-0.010255
20230201,1.049387,-0.012434,1.075798,0.988548,0.017531,-0.021864
20230202,1.064150,0.014068,1.079436,0.999112,0.003382,0.010686
20230203,1.061396,-0.002587,1.082603,0.993596,0.002933,-0.005521
20230206,1.066575,0.004879,1.085710,0.995592,0.002870,0.002009
20230207,1.069102,0.002370,1.087313,0.996481,0.001477,0.000893
20230208,1.075923,0.006380,1.086653,1.003444,-0.000607,0.006988
20230209,1.080597,0.004344,1.102423,0.993241,0.014512,-0.010168
20230210,1.106587,0.024051,1.115966,1.004928,0.012285,0.011767
20230213,1.100481,-0.005518,1.129544,0.987156,0.012167,-0.017685
20230214,1.107151,0.006060,1.129960,0.992775,0.000368,0.005693
20230215,1.110751,0.003252,1.138968,0.988089,0.007972,-0.004720
20230216,1.130605,0.017874,1.118733,1.023305,-0.017766,0.035640
20230217,1.130717,0.000099,1.107945,1.033273,-0.009643,0.009742
20230220,1.118441,-0.010856,1.119016,1.011731,0.009992,-0.020849
20230221,1.126039,0.006793,1.119078,1.018548,0.000056,0.006738
20230222,1.125669,-0.000329,1.119837,1.017522,0.000678,-0.001007
20230223,1.120216,-0.004844,1.113631,1.018232,-0.005542,0.000698
20230224,1.137861,0.015752,1.114178,1.033771,0.000491,0.015261
20230227,1.133208,-0.004089,1.103170,1.039757,-0.009880,0.005790
20230228,1.133570,0.000319,1.118653,1.025495,0.014035,-0.013716
20230301,1.120316,-0.011692,1.142344,1.001600,0.021178,-0.023302
20230302,1.127905,0.006774,1.141371,1.009238,-0.000852,0.007627
20230303,1.139630,0.010395,1.132825,1.027286,-0.007488,0.017883
20230306,1.138069,-0.001370,1.134452,1.024404,0.001436,-0.002806
20230307,1.121498,-0.014561,1.111338,1.030360,-0.020375,0.005814
20230308,1.133850,0.011013,1.131670,1.022857,0.018295,-0.007282
20230309,1.148572,0.012985,1.143092,1.025815,0.010093,0.002891
20230310,1.165984,0.015160,1.134759,1.048844,-0.007290,0.022450
20230313,1.166752,0.000659,1.144470,1.040558,0.008559,-0.007900
20230314,1.179386,0.010828,1.130885,1.064177,-0.011871,0.022698
20230315,1.199857,0.017358,1.134645,1.079111,0.003325,0.014033
20230316,1.195352,-0.003755,1.122481,1.086628,-0.010721,0.006966
20230317,1.196423,0.000896,1.141950,1.068755,0.017344,-0.016448
20230320,1.192521,-0.003262,1.133377,1.073292,-0.007507,0.004245
20230321,1.189824,-0.002261,1.152254,1.052988,0.016656,-0.018917
20230322,1.193626,0.003195,1.166286,1.043531,0.012177,-0.008982
20230323,1.186330,-0.006113,1.167045,1.036472,0.000651,-0.006764
20230324,1.173636,-0.010701,1.171214,1.021679,0.003572,-0.014272
20230327,1.155593,-0.015373,1.175107,1.002577,0.003324,-0.018698
20230328,1.171594,0.013846,1.164810,1.025244,-0.008763,0.022609
20230329,1.153095,-0.015790,1.156759,1.016142,-0.006912,-0.008878
20230330,1.151603,-0.001294,1.136434,1.032681,-0.017571,0.016276
20230331,1.140904,-0.009290,1.153966,1.007156,0.015427,-0.024718
20230403,1.096155,-0.039222,1.175205,0.958496,0.018405,-0.048314
20230404,1.101114,0.004524,1.170876,0.966363,-0.003683,0.008207
20230406,1.122012,0.018979,1.166669,0.988176,-0.003593,0.022573
20230407,1.122343,0.000294,1.184404,0.973446,0.015201,-0.014907
20230410,1.145727,0.020835,1.157406,1.015917,-0.022794,0.043630
20230411,1.121911,-0.020787,1.166187,0.987092,0.007587,-0.028374
20230412,1.121074,-0.000746,1.189061,0.966994,0.019614,-0.020360
20230413,1.113185,-0.007037,1.174697,0.971871,-0.012080,0.005043
20230414,1.127390,0.012761,1.176814,0.982521,0.001802,0.010959
20230417,1.119580,-0.006927,1.155168,0.993787,-0.018393,0.011466
20230418,1.108773,-0.009652,1.142826,0.994812,-0.010684,0.001032
20230419,1.098114,-0.009613,1.146454,0.982091,0.003175,-0.012788
20230420,1.058062,-0.036473,1.150670,0.942659,0.003677,-0.040150
20230421,1.057051,-0.000956,1.098363,0.984609,-0.045458,0.044502
20230424,1.059089,0.001928,1.097426,0.987347,-0.000853,0.002780
20230425,1.066061,0.006583,1.072402,1.016360,-0.022802,0.029385
20230426,1.079332,0.012449,1.072356,1.029057,-0.000043,0.012492
20230427,1.104542,0.023357,1.065439,1.059730,-0.006450,0.029807
20230428,1.082884,-0.019608,1.106072,0.998536,0.038137,-0.057745
20230504,1.074199,-0.008021,1.115407,0.990340,0.008440,-0.008208
20230505,1.096950,0.021180,1.106854,1.018909,-0.007668,0.028848
20230508,1.086721,-0.009325,1.113712,1.003094,0.006196,-0.015521
20230509,1.104502,0.016362,1.097066,1.034500,-0.014947,0.031309
20230510,1.113180,0.007857,1.095899,1.043729,-0.001064,0.008921
20230511,1.139116,0.023300,1.110883,1.053776,0.013673,0.009626
20230512,1.134492,-0.004060,1.098857,1.060906,-0.010826,0.006766
20230515,1.125040,-0.008331,1.099308,1.051631,0.000411,-0.008742
20230516,1.131363,0.005620,1.079813,1.076192,-0.017734,0.023355
20230517,1.128532,-0.002503,1.099012,1.054364,0.017780,-0.020282
20230518,1.100289,-0.025026,1.116349,1.011344,0.015775,-0.040802
20230519,1.107905,0.006922,1.114190,1.020301,-0.001934,0.008856
20230522,1.113016,0.004613,1.107723,1.030930,-0.005805,0.010418
20230523,1.129899,0.015168,1.098511,1.055141,-0.008316,0.023484
20230524,1.109657,-0.017915,1.105253,1.029762,0.006137,-0.024052
20230525,1.089245,-0.018395,1.100962,1.014818,-0.003882,-0.014513
20230526,1.062989,-0.024105,1.105327,0.986332,0.003965,-0.028069
20230529,1.032951,-0.028259,1.093527,0.968990,-0.010676,-0.017582
20230530,1.007606,-0.024536,1.106465,0.933750,0.011832,-0.036368
20230531,1.008325,0.000713,1.113235,0.928703,0.006118,-0.005405
20230601,1.004999,-0.003298,1.130395,0.919103,0.015415,-0.010337
20230602,1.021835,0.016752,1.141254,0.925671,0.009606,0.007146
20230605,1.017996,-0.003757,1.151705,0.913717,0.009157,-0.012914
20230606,1.038895,0.020530,1.134973,0.945750,-0.014528,0.035058
20230607,1.030280,-0.008292,1.148088,0.926978,0.011556,-0.019848
20230608,1.035916,0.005470,1.134476,0.943040,-0.011857,0.017327
20230609,1.038995,0.002972,1.136455,0.944198,0.001744,0.001228
20230612,1.033315,-0.005467,1.143204,0.933428,0.005939,-0.011406
20230613,1.039302,0.005794,1.156733,0.927790,0.011834,-0.006041
20230614,1.051173,0.011422,1.162741,0.933569,0.005194,0.006229
20230615,1.046645,-0.004307,1.159254,0.932347,-0.002999,-0.001309
20230616,1.036114,-0.010062,1.170181,0.914178,0.009425,-0.019487
20230619,1.011337,-0.023913,1.168048,0.893983,-0.001822,-0.022091
20230620,0.992648,-0.018480,1.155534,0.887040,-0.010714,-0.007767
20230621,1.006355,0.013809,1.123636,0.923775,-0.027604,0.041413
20230626,1.011096,0.004711,1.088943,0.956650,-0.030876,0.035587
20230627,1.018906,0.007725,1.112797,0.943083,0.021906,-0.014181
20230628,1.021341,0.002390,1.098763,0.957231,-0.012612,0.015001
20230629,0.998194,-0.022663,1.105399,0.929756,0.006039,-0.028703
20230630,1.002448,0.004261,1.116777,0.924147,0.010293,-0.006032
20230703,1.013521,0.011046,1.119515,0.939835,0.002451,0.016975
20230704,0.996887,-0.016412,1.128227,0.917096,0.007782,-0.024194
20230705,1.018695,0.021876,1.125872,0.939073,-0.002087,0.023963
20230706,1.001236,-0.017138,1.128388,0.920880,0.002235,-0.019373
20230707,1.014810,0.013557,1.123516,0.937340,-0.004317,0.017874
20230710,1.035942,0.020824,1.126403,0.954451,0.002569,0.018255
20230711,1.049659,0.013241,1.140837,0.954858,0.012814,0.000427
20230712,1.068175,0.017639,1.122244,0.987264,-0.016298,0.033937
20230713,1.063856,-0.004043,1.134452,0.972533,0.010878,-0.014920
20230714,1.063997,0.000132,1.145529,0.963165,0.009765,-0.009633
20230717,1.072539,0.008028,1.145960,0.970536,0.000376,0.007653
20230718,1.078169,0.005249,1.143058,0.978088,-0.002533,0.007782
20230719,1.078654,0.000450,1.144328,0.977441,0.001112,-0.000661
20230720,1.093754,0.013998,1.134035,0.999915,-0.008995,0.022993
20230721,1.125809,0.029308,1.133654,1.029557,-0.000336,0.029644
20230724,1.118172,-0.006784,1.136204,1.020256,0.002250,-0.009033
20230725,1.122991,0.004310,1.155897,1.006970,0.017332,-0.013023
20230726,1.145061,0.019653,1.147069,1.034451,-0.007638,0.027291
20230727,1.161836,0.014650,1.141402,1.054716,-0.004940,0.019590
20230728,1.194978,0.028525,1.146244,1.080328,0.004242,0.024283
20230731,1.205732,0.008999,1.159828,1.077247,0.011851,-0.002852
20230801,1.186883,-0.015633,1.153430,1.077695,-0.005517,0.000416
20230802,1.188777,0.001596,1.159721,1.073537,0.005454,-0.003859
20230803,1.178139,-0.008949,1.148500,1.074317,-0.009676,0.000727
20230804,1.182334,0.003561,1.150122,1.076625,0.001413,0.002148
20230807,1.159966,-0.018919,1.143427,1.062524,-0.005822,-0.013097
20230808,1.160788,0.000709,1.140515,1.065983,-0.002546,0.003255
20230809,1.160587,-0.000174,1.128856,1.076695,-0.010223,0.010049
20230810,1.175016,0.012433,1.129600,1.089372,0.000659,0.011774
20230811,1.175981,0.000822,1.113526,1.105769,-0.014230,0.015051
20230814,1.164901,-0.009422,1.119339,1.089578,0.005220,-0.014642
20230815,1.151852,-0.011202,1.110542,1.085936,-0.007859,-0.003343
20230816,1.160050,0.007117,1.096519,1.107377,-0.012627,0.019744
20230817,1.150797,-0.007977,1.121796,1.073016,0.023052,-0.031029
20230818,1.141796,-0.007821,1.114901,1.071219,-0.006147,-0.001675
20230821,1.108319,-0.029320,1.103365,1.050895,-0.010347,-0.018972
20230822,1.095506,-0.011561,1.105028,1.037162,0.001508,-0.013069
20230823,1.092053,-0.003151,1.090213,1.047798,-0.013407,0.010255
20230824,1.124191,0.029428,1.089552,1.079269,-0.000607,0.030035
20230825,1.134355,0.009042,1.058070,1.120212,-0.028894,0.037936
20230828,1.160499,0.023047,1.069500,1.133929,0.010802,0.012245
20230829,1.131477,-0.025008,1.123139,1.048700,0.050154,-0.075162
20230830,1.147828,0.014451,1.144673,1.043748,0.019174,-0.004723
20230831,1.147840,0.000011,1.146609,1.041994,0.001691,-0.001680
20230901,1.164245,0.014292,1.139916,1.073311,-0.005837,0.030055
20230904,1.172160,0.006798,1.151826,1.069394,0.010448,-0.003650
20230905,1.195779,0.020150,1.146571,1.095821,-0.004563,0.024712
20230906,1.215729,0.016684,1.155017,1.106032,0.007367,0.009317
20230907,1.215931,0.000166,1.137877,1.122629,-0.014840,0.015006
20230908,1.224593,0.007124,1.141617,1.126935,0.003287,0.003836
20230911,1.234770,0.008311,1.149909,1.128116,0.007263,0.001047
20230912,1.237071,0.001863,1.147298,1.132780,-0.002271,0.004135
20230913,1.221207,-0.012824,1.138302,1.127135,-0.007841,-0.004983
20230914,1.235987,0.012103,1.126375,1.152587,-0.010478,0.022581
20230915,1.241180,0.004202,1.121052,1.162877,-0.004726,0.008928
20230918,1.243254,0.001671,1.127979,1.157633,0.006180,-0.004509
20230919,1.245161,0.001534,1.112142,1.175662,-0.014040,0.015574
20230920,1.252444,0.005849,1.104163,1.190974,-0.007175,0.013023
20230921,1.257249,0.003837,1.096787,1.203499,-0.006680,0.010517
20230922,1.253343,-0.003106,1.120857,1.173349,0.021945,-0.025052
20230925,1.255555,0.001764,1.110725,1.186026,-0.009040,0.010804
20230926,1.264265,0.006938,1.111084,1.193870,0.000324,0.006613
20230927,1.274511,0.008105,1.120612,1.193308,0.008575,-0.000471
20230928,1.288159,0.010708,1.131944,1.194019,0.010112,0.000596
20231009,1.228115,-0.046613,1.124076,1.159862,-0.006951,-0.028607
20231010,1.227067,-0.000853,1.130319,1.152431,0.005554,-0.006407
20231011,1.213550,-0.011016,1.135246,1.134712,0.004359,-0.015375
20231012,1.235676,0.018232,1.140332,1.150317,0.004480,0.013752
20231013,1.209569,-0.021128,1.131708,1.134713,-0.007563,-0.013565
20231016,1.215700,0.005069,1.121470,1.150730,-0.009046,0.014115
20231017,1.227009,0.009303,1.125259,1.157547,0.003378,0.005924
20231018,1.216731,-0.008377,1.102716,1.171040,-0.020033,0.011656
20231019,1.250540,0.027787,1.092964,1.213936,-0.008844,0.036630
20231020,1.274177,0.018901,1.074845,1.257005,-0.016578,0.035479
20231023,1.266218,-0.006246,1.049575,1.278706,-0.023510,0.017264
20231024,1.254858,-0.008972,1.079277,1.231049,0.028298,-0.037270
20231025,1.235888,-0.015117,1.098245,1.190804,0.017575,-0.032692
20231026,1.243028,0.005777,1.104712,1.190671,0.005889,-0.000112
20231027,1.257436,0.011591,1.115503,1.192841,0.009768,0.001823
20231030,1.256029,-0.001118,1.135364,1.170269,0.017804,-0.018923
20231031,1.269560,0.010773,1.129622,1.188795,-0.005058,0.015830
20231101,1.286219,0.013122,1.133008,1.211258,0.002998,0.018896
20231102,1.316904,0.023856,1.117395,1.256846,-0.013780,0.037637
20231103,1.332142,0.011572,1.144878,1.240477,0.024595,-0.013024
20231106,1.319076,-0.009808,1.176683,1.193849,0.027781,-0.037589
20231107,1.306109,-0.009831,1.184430,1.174253,0.006583,-0.016414
20231108,1.277330,-0.022034,1.185540,1.147278,0.000938,-0.022972
20231109,1.309437,0.025136,1.181731,1.179802,-0.003213,0.028348
20231110,1.319260,0.007502,1.178513,1.191866,-0.002724,0.010226
20231113,1.310245,-0.006834,1.197274,1.164748,0.015919,-0.022753
20231114,1.291873,-0.014022,1.207555,1.138414,0.008587,-0.022609
20231115,1.287816,-0.003140,1.212862,1.129836,0.004395,-0.007536
20231116,1.282331,-0.004259,1.205811,1.131592,-0.005813,0.001555
20231117,1.297523,0.011847,1.220574,1.131144,0.012243,-0.000396
20231120,1.295551,-0.001520,1.230343,1.120372,0.008003,-0.009523
20231121,1.313172,0.013601,1.217673,1.147147,-0.010297,0.023898
20231122,1.319254,0.004632,1.203212,1.166084,-0.011876,0.016508
20231123,1.326635,0.005594,1.223506,1.152940,0.016866,-0.011272
20231124,1.331543,0.003700,1.198532,1.180739,-0.020412,0.024112
20231127,1.346072,0.010911,1.205816,1.186447,0.006077,0.004834
20231128,1.366887,0.015464,1.217464,1.193333,0.009659,0.005804
20231129,1.380036,0.009620,1.216415,1.205840,-0.000861,0.010481
20231130,1.373130,-0.005004,1.202555,1.213546,-0.011395,0.006390
20231201,1.335440,-0.027448,1.205688,1.189939,0.002605,-0.019453
20231204,1.324964,-0.007845,1.206161,1.180137,0.000392,-0.008237
20231205,1.310593,-0.010846,1.181355,1.191608,-0.020566,0.009720
20231206,1.302938,-0.005841,1.188881,1.177057,0.006370,-0.012212
20231207,1.318266,0.011764,1.190799,1.189005,0.001614,0.010151
20231208,1.320677,0.001829,1.174131,1.207822,-0.013997,0.015826
20231211,1.304049,-0.012590,1.186742,1.179642,0.010741,-0.023331
20231212,1.302215,-0.001406,1.192920,1.171843,0.005205,-0.006612
20231213,1.305750,0.002714,1.186577,1.181254,-0.005317,0.008031
20231214,1.323975,0.013958,1.181384,1.202911,-0.004376,0.018334
20231215,1.331544,0.005717,1.180459,1.210729,-0.000783,0.006499
20231218,1.316764,-0.011100,1.165567,1.212565,-0.012616,0.001516
20231219,1.314295,-0.001875,1.171643,1.203971,0.005213,-0.007088
20231220,1.318542,0.003231,1.162956,1.216787,-0.007414,0.010645
20231221,1.305340,-0.010012,1.167667,1.199676,0.004051,-0.014063
20231222,1.325543,0.015477,1.147054,1.239422,-0.017653,0.033131
20231225,1.302037,-0.017733,1.142897,1.221934,-0.003624,-0.014109
20231226,1.283680,-0.014099,1.120926,1.228197,-0.019224,0.005125
20231227,1.274494,-0.007156,1.129061,1.210494,0.007258,-0.014414
20231228,1.316153,0.032687,1.151794,1.225689,0.020134,0.012552
20231229,1.310326,-0.004427,1.174753,1.195830,0.019933,-0.024361
20240102,1.316195,0.004479,1.178583,1.207717,0.003260,0.009940
20240103,1.348857,0.024815,1.175567,1.240778,-0.002560,0.027375
20240104,1.369796,0.015524,1.174710,1.260943,-0.000728,0.016252
20240105,1.396598,0.019566,1.155986,1.305714,-0.015940,0.035506
20240108,1.369982,-0.019058,1.134554,1.305038,-0.018540,-0.000517
20240109,1.386180,0.011824,1.137130,1.317505,0.002271,0.009553
20240110,1.420577,0.024814,1.124145,1.365243,-0.011419,0.036233
20240111,1.415139,-0.003828,1.145352,1.334261,0.018866,-0.022693
20240112,1.443851,0.020289,1.131140,1.377889,-0.012409,0.032698
20240115,1.432201,-0.008069,1.129240,1.369085,-0.001680,-0.006389
20240116,1.423248,-0.006251,1.120549,1.371063,-0.007696,0.001445
20240117,1.428356,0.003589,1.096700,1.405165,-0.021283,0.024873
20240118,1.408504,-0.013898,1.083536,1.402503,-0.012004,-0.001895
20240119,1.439608,0.022083,1.076139,1.443048,-0.006827,0.028909
20240122,1.424645,-0.010394,1.011728,1.514421,-0.059854,0.049460
20240123,1.435254,0.007447,1.010256,1.527902,-0.001454,0.008902
20240124,1.435601,0.000242,1.027023,1.502913,0.016597,-0.016355
20240125,1.458112,0.015680,1.071629,1.461204,0.043432,-0.027752
20240126,1.474515,0.011249,1.073256,1.475424,0.001518,0.009732
20240129,1.490815,0.011054,1.036215,1.542654,-0.034512,0.045567
20240130,1.512581,0.014600,0.996715,1.623983,-0.038120,0.052720
20240131,1.527571,0.009911,0.949214,1.717473,-0.047658,0.057568
20240201,1.477368,-0.032865,0.929483,1.714595,-0.020787,-0.001675
20240202,1.471121,-0.004228,0.881436,1.795976,-0.051692,0.047463
20240205,1.463555,-0.005143,0.789731,1.973592,-0.104040,0.098897
20240206,1.461162,-0.001635,0.795081,1.956995,0.006774,-0.008410
20240207,1.495467,0.023478,0.778817,2.042974,-0.020456,0.043934
20240208,1.547102,0.034528,0.853213,1.918361,0.095524,-0.060996
20240219,1.498749,-0.031254,0.881475,1.794859,0.033125,-0.064379
20240220,1.482890,-0.010582,0.894780,1.748774,0.015094,-0.025676
20240221,1.489022,0.004135,0.914885,1.716713,0.022468,-0.018333
20240222,1.474787,-0.009560,0.938032,1.656867,0.025301,-0.034861
20240223,1.462978,-0.008007,0.971666,1.584193,0.035856,-0.043862
20240226,1.476068,0.008947,0.996683,1.557578,0.025747,-0.016800
20240227,1.452041,-0.016278,1.023890,1.489707,0.027298,-0.043575
20240228,1.431418,-0.014203,0.943695,1.585229,-0.078324,0.064122
20240229,1.414438,-0.011862,0.974551,1.514591,0.032698,-0.044560
20240301,1.403706,-0.007587,0.985931,1.500514,0.011677,-0.009295
20240304,1.393086,-0.007566,0.987262,1.487136,0.001350,-0.008916
20240305,1.374413,-0.013404,0.968587,1.495333,-0.018916,0.005512
20240306,1.364369,-0.007308,0.980312,1.466305,0.012105,-0.019413
20240307,1.401938,0.027536,0.980405,1.506541,0.000095,0.027441
20240308,1.388204,-0.009796,0.982946,1.487877,0.002592,-0.012388
20240311,1.396532,0.005999,0.999826,1.471253,0.017173,-0.011173
20240312,1.397677,0.000820,1.010403,1.456894,0.010579,-0.009759
20240313,1.395752,-0.001377,1.013275,1.450747,0.002842,-0.004220
20240314,1.394334,-0.001016,1.005041,1.461062,-0.008126,0.007110
20240315,1.401001,0.004781,1.021088,1.444720,0.015966,-0.011185
20240318,1.396816,-0.002987,1.042332,1.410346,0.020805,-0.023793
20240319,1.397405,0.000422,1.039544,1.414714,-0.002675,0.003097
20240320,1.407142,0.006968,1.054219,1.404600,0.014117,-0.007149
20240321,1.408152,0.000718,1.054901,1.404700,0.000647,0.000071
20240322,1.410354,0.001564,1.043576,1.421976,-0.010735,0.012299
20240325,1.435518,0.017842,1.019797,1.479749,-0.022786,0.040628
20240326,1.453313,0.012396,1.014466,1.505828,-0.005228,0.017624
20240327,1.490131,0.025334,0.988842,1.582012,-0.025259,0.050593
20240328,1.484743,-0.003616,1.014855,1.534673,0.026307,-0.029923
20240329,1.487269,0.001702,1.025586,1.521058,0.010573,-0.008871
20240401,1.476322,-0.007361,1.054755,1.481487,0.028441,-0.026015
20240402,1.499894,0.015967,1.050017,1.511796,-0.004492,0.020459
20240403,1.553498,0.035738,1.042353,1.576860,-0.007299,0.043037
20240408,1.558038,0.002922,1.010367,1.629855,-0.030686,0.033608
20240409,1.592264,0.021968,1.021549,1.647622,0.011067,0.010901
20240410,1.567514,-0.015544,1.002032,1.653490,-0.019105,0.003561
20240411,1.620455,0.033774,1.001463,1.710274,-0.000568,0.034342
20240412,1.620369,-0.000053,0.994193,1.722597,-0.007259,0.007206
20240415,1.639192,0.011616,0.956949,1.807138,-0.037462,0.049078
20240416,1.696400,0.034900,0.899690,1.978339,-0.059835,0.094736
20240417,1.615365,-0.047769,0.955828,1.760393,0.062397,-0.110166
20240418,1.588157,-0.016843,0.951255,1.739165,-0.004784,-0.012059
20240419,1.547082,-0.025864,0.940308,1.714198,-0.011508,-0.014356
20240422,1.638570,0.059136,0.947252,1.802911,0.007384,0.051752
20240423,1.621489,-0.010425,0.959615,1.760585,0.013052,-0.023476
20240424,1.554229,-0.041480,0.975390,1.658615,0.016438,-0.057918
20240425,1.539740,-0.009322,0.983980,1.628545,0.008807,-0.018130
20240426,1.550427,0.006941,1.003743,1.607139,0.020085,-0.013144
20240429,1.530481,-0.012865,1.026495,1.550034,0.022667,-0.035532
20240430,1.579731,0.032179,1.027217,1.598822,0.000704,0.031475
20240506,1.513309,-0.042046,1.047993,1.514492,0.020225,-0.052745
20240507,1.492175,-0.013965,1.059594,1.476577,0.011070,-0.025035
20240508,1.479441,-0.008534,1.040360,1.490779,-0.018152,0.009618
20240509,1.485783,0.004287,1.055421,1.475587,0.014478,-0.010191
20240510,1.516280,0.020526,1.044477,1.521177,-0.010370,0.030896
20240513,1.525253,0.005918,1.022693,1.561906,-0.020857,0.026775
20240514,1.520927,-0.002836,1.024783,1.554282,0.002045,-0.004881
20240515,1.499980,-0.013772,1.017759,1.543530,-0.006854,-0.006918
20240516,1.480726,-0.012836,1.024296,1.513803,0.006422,-0.019259
20240517,1.472386,-0.005633,1.045747,1.473574,0.020942,-0.026575
20240520,1.467654,-0.003214,1.050412,1.462264,0.004461,-0.007675
20240521,1.479077,0.007783,1.033658,1.496968,-0.015950,0.023733
20240522,1.485549,0.004376,1.042405,1.490851,0.008462,-0.004086
20240523,1.494696,0.006157,1.019585,1.532668,-0.021892,0.028049
20240524,1.523353,0.019172,1.008534,1.578665,-0.010839,0.030011
20240527,1.511923,-0.007503,1.007261,1.568812,-0.001262,-0.006241
20240528,1.551148,0.025944,1.004395,1.613977,-0.002846,0.028789
20240529,1.542625,-0.005494,1.009370,1.597116,0.004953,-0.010447
20240530,1.569278,0.017278,1.007862,1.627095,-0.001493,0.018771
20240531,1.571932,0.001691,1.017752,1.613881,0.009812,-0.008121
20240603,1.517601,-0.034563,0.991697,1.615618,-0.025601,0.001076
20240604,1.504650,-0.008534,0.974102,1.630495,-0.017742,0.009208
20240605,1.531639,0.017937,0.952308,1.696221,-0.022373,0.040310
20240606,1.530367,-0.000830,0.910649,1.769013,-0.043745,0.042915
20240607,1.574038,0.028537,0.938423,1.765542,0.030499,-0.001962
20240611,1.550985,-0.014646,0.942723,1.731595,0.004582,-0.019228
20240612,1.529138,-0.014086,0.957663,1.679761,0.015848,-0.029934
20240613,1.540387,0.007357,0.961590,1.685231,0.004100,0.003257
20240614,1.550234,0.006392,0.964037,1.691715,0.002545,0.003847
20240617,1.549113,-0.000724,0.959006,1.699319,-0.005218,0.004495
20240618,1.516236,-0.021223,0.968303,1.646781,0.009694,-0.030917
20240619,1.521820,0.003683,0.968915,1.651804,0.000633,0.003050
20240620,1.586161,0.042279,0.963768,1.730417,-0.005312,0.047592
20240621,1.597529,0.007167,0.962435,1.745212,-0.001383,0.008550
20240624,1.582892,-0.009162,0.918201,1.809432,-0.045961,0.036798
20240625,1.600846,0.011343,0.922500,1.821485,0.004682,0.006661
20240626,1.621768,0.013069,0.951286,1.788452,0.031205,-0.018135
20240627,1.636355,0.008994,0.935641,1.833951,-0.016446,0.025441
20240628,1.596757,-0.024199,0.937504,1.785920,0.001991,-0.026190
20240701,1.584647,-0.007584,0.935966,1.794283,-0.001640,0.004683
20240702,1.612764,0.017743,0.938814,1.820660,0.003043,0.014701
20240703,1.648959,0.022443,0.929375,1.879826,-0.010054,0.032497
20240704,1.659118,0.006161,0.898663,1.953529,-0.033046,0.039207
20240705,1.708096,0.029520,0.908371,1.990093,0.010803,0.018717
20240708,1.700882,-0.004223,0.881709,2.040102,-0.029352,0.025129
20240709,1.652112,-0.028673,0.902329,1.933895,0.023386,-0.052060
20240710,1.653201,0.000659,0.897693,1.945104,-0.005137,0.005796
20240711,1.669099,0.009617,0.932195,1.889053,0.038433,-0.028817
20240712,1.692780,0.014188,0.925976,1.928456,-0.006671,0.020859
20240715,1.688871,-0.002309,0.908248,1.960924,-0.019145,0.016836
20240716,1.695624,0.003999,0.912207,1.960217,0.004359,-0.000360
20240717,1.739333,0.025778,0.895176,2.047345,-0.018670,0.044448
20240718,1.713542,-0.014829,0.885106,2.040016,-0.011249,-0.003580
20240719,1.685570,-0.016324,0.895144,1.983579,0.011342,-0.027665
20240722,1.658066,-0.016317,0.901146,1.937913,0.006704,-0.023022
20240723,1.655639,-0.001464,0.879957,1.980642,-0.023513,0.022049
20240724,1.677733,0.013345,0.864132,2.042693,-0.017984,0.031329
20240725,1.688539,0.006441,0.867700,2.047417,0.004128,0.002313
20240726,1.706999,0.010932,0.884588,2.029951,0.019463,-0.008531
20240729,1.666464,-0.023746,0.887681,1.974649,0.003496,-0.027243
20240730,1.660903,-0.003337,0.893510,1.955092,0.006567,-0.009904
20240731,1.673893,0.007821,0.925831,1.899663,0.036173,-0.028351
20240801,1.653825,-0.011989,0.928440,1.889870,0.002819,-0.005155
20240802,1.703855,0.030251,0.915240,1.973911,-0.014218,0.044469
20240805,1.728660,0.014558,0.889694,2.057743,-0.027912,0.042470
20240806,1.737030,0.004842,0.900798,2.042025,0.012480,-0.007638
20240807,1.754529,0.010074,0.903588,2.056270,0.003098,0.006976
20240808,1.791181,0.020890,0.901825,2.103238,-0.001951,0.022841
20240809,1.806916,0.008784,0.903271,2.118342,0.001603,0.007181
20240812,1.834434,0.015229,0.899292,2.159934,-0.004405,0.019634
20240813,1.818717,-0.008568,0.910335,2.114907,0.012279,-0.020846
20240814,1.779594,-0.021512,0.906717,2.077816,-0.003974,-0.017538
20240815,1.757086,-0.012647,0.909039,2.046215,0.002561,-0.015209
20240816,1.791472,0.019570,0.906575,2.091805,-0.002710,0.022280
20240819,1.810511,0.010628,0.899509,2.130341,-0.007795,0.018422
20240820,1.828217,0.009779,0.888175,2.178018,-0.012600,0.022380
20240821,1.809491,-0.010243,0.889223,2.153139,0.001180,-0.011423
20240822,1.826777,0.009553,0.878024,2.200824,-0.012594,0.022147
20240823,1.860834,0.018643,0.879867,2.237236,0.002099,0.016545
20240826,1.878568,0.009530,0.891456,2.229088,0.013172,-0.003642
20240827,1.895085,0.008792,0.880427,2.276266,-0.012373,0.021165
20240828,1.895549,0.000245,0.885696,2.263201,0.005985,-0.005740
20240829,1.903001,0.003931,0.903016,2.227841,0.019555,-0.015624
20240830,1.874591,-0.014929,0.920878,2.150513,0.019781,-0.034710
20240902,1.854082,-0.010941,0.904205,2.188874,-0.018105,0.017838
20240903,1.882928,0.015558,0.915368,2.195906,0.012346,0.003212
20240904,1.927503,0.023673,0.908820,2.263597,-0.007153,0.030826
20240905,1.937266,0.005065,0.917894,2.252464,0.009983,-0.004918
20240906,1.930743,-0.003367,0.896650,2.297010,-0.023143,0.019776
20240909,1.928323,-0.001253,0.893061,2.303325,-0.004003,0.002749
20240910,1.947351,0.009868,0.900550,2.306739,0.008386,0.001482
20240911,1.968048,0.010628,0.896833,2.340778,-0.004128,0.014757
20240912,1.971734,0.001873,0.895158,2.349534,-0.001867,0.003740
20240913,1.980101,0.004243,0.880276,2.398565,-0.016625,0.020868
20240918,2.005888,0.013023,0.873519,2.448212,-0.007676,0.020699
20240919,1.991580,-0.007133,0.894016,2.373302,0.023465,-0.030598
20240920,1.970170,-0.010750,0.889440,2.359938,-0.005119,-0.005631
20240923,1.964445,-0.002906,0.895694,2.336484,0.007032,-0.009938
20240924,1.985842,0.010892,0.925607,2.283905,0.033396,-0.022504
20240925,1.974346,-0.005789,0.936414,2.244017,0.011676,-0.017465
20240926,2.008631,0.017365,0.972846,2.195679,0.038906,-0.021541
20240927,2.008522,-0.000055,1.027685,2.071789,0.056370,-0.056424
20240930,1.960978,-0.023671,1.149443,1.777288,0.118477,-0.142148
20241008,1.864814,-0.049039,1.272094,1.516364,0.106706,-0.146810
20241009,1.870485,0.003041,1.165290,1.648289,-0.083960,0.087001
20241010,1.924559,0.028909,1.162364,1.700077,-0.002510,0.031419
20241011,1.938841,0.007421,1.119578,1.775273,-0.036810,0.044231
20241014,1.859582,-0.040880,1.150502,1.653666,0.027621,-0.068500
20241015,1.848942,-0.005721,1.138716,1.661144,-0.010244,0.004522
20241016,1.854177,0.002831,1.144183,1.657872,0.004801,-0.001970
20241017,1.870013,0.008540,1.152601,1.659835,0.007357,0.001184
20241018,1.827222,-0.022883,1.185158,1.574968,0.028247,-0.051129
20241021,1.786417,-0.022332,1.210620,1.505960,0.021484,-0.043816
20241022,1.828454,0.023532,1.217845,1.532409,0.005968,0.017563
20241023,1.847138,0.010219,1.227190,1.536310,0.007673,0.002545
20241024,1.881299,0.018494,1.224619,1.567941,-0.002095,0.020589
20241025,1.879112,-0.001163,1.248987,1.534919,0.019899,-0.021061
20241028,1.843635,-0.018880,1.278894,1.469186,0.023945,-0.042825
20241029,1.856281,0.006859,1.254797,1.506946,-0.018842,0.025701
20241030,1.850754,-0.002977,1.254750,1.502515,-0.000037,-0.002940
20241031,1.830766,-0.010800,1.280636,1.455291,0.020630,-0.031431
20241101,1.939941,0.059634,1.234713,1.607373,-0.035860,0.104503
20241104,1.942362,0.001248,1.263605,1.571767,0.023399,-0.022152
20241105,1.895395,-0.024181,1.300711,1.487605,0.029365,-0.053546
20241106,1.890532,-0.002566,1.308739,1.474607,0.006172,-0.008737
20241107,1.897314,0.003587,1.335535,1.449705,0.020475,-0.016887
20241108,1.892362,-0.002610,1.349356,1.430918,0.010349,-0.012959
20241111,1.916611,0.012814,1.394056,1.401852,0.033127,-0.020313
20241112,1.946650,0.015673,1.380635,1.437320,-0.009627,0.025300
20241113,1.962012,0.007891,1.389185,1.439761,0.006193,0.001699
20241114,1.976597,0.007434,1.349554,1.491538,-0.028528,0.035962
20241115,2.049580,0.036923,1.334156,1.563629,-0.011410,0.048333
20241118,2.115605,0.032214,1.301789,1.651933,-0.024260,0.056474
20241119,2.066491,-0.023215,1.330195,1.577538,0.021820,-0.045035
20241120,2.091320,0.012015,1.367081,1.552747,0.027730,-0.015715
20241121,2.084680,-0.003175,1.371049,1.543310,0.002903,-0.006078
20241122,2.122828,0.018299,1.339422,1.607152,-0.023068,0.041367
20241125,2.170720,0.022560,1.365265,1.612401,0.019294,0.003266
20241126,2.200516,0.013726,1.345018,1.658445,-0.014830,0.028556
20241127,2.157114,-0.019723,1.362311,1.604413,0.012857,-0.032580
20241128,2.149283,-0.003630,1.363647,1.597015,0.000981,-0.004611
20241129,2.127079,-0.010331,1.387881,1.552135,0.017772,-0.028103
20241202,2.051235,-0.035656,1.399585,1.498475,0.008433,-0.034571
20241203,2.026882,-0.011872,1.400030,1.480208,0.000318,-0.012190
20241204,2.025171,-0.000844,1.378890,1.501309,-0.015099,0.014255
20241205,2.047683,0.011116,1.410958,1.483083,0.023256,-0.012139
20241206,2.090743,0.021029,1.429983,1.494273,0.013484,0.007545
20241209,2.075900,-0.007100,1.427864,1.485879,-0.001482,-0.005618
20241210,2.053349,-0.010863,1.439906,1.457205,0.008434,-0.019297
20241211,2.081241,0.013584,1.458804,1.457875,0.013124,0.000459
20241212,2.063712,-0.008422,1.467374,1.437032,0.005874,-0.014297
20241213,2.060172,-0.001715,1.444477,1.456990,-0.015604,0.013889
20241216,2.097625,0.018180,1.435733,1.492298,-0.006053,0.024233
20241217,2.141528,0.020930,1.385951,1.575274,-0.034673,0.055603
20241218,2.137019,-0.002105,1.401919,1.553809,0.011521,-0.013626
20241219,2.158505,0.010054,1.407862,1.562843,0.004239,0.005815
20241220,2.140392,-0.008391,1.429797,1.525379,0.015580,-0.023972
20241223,2.173677,0.015551,1.372124,1.610629,-0.040337,0.055887
20241224,2.186409,0.005857,1.384297,1.605774,0.008871,-0.003014
20241225,2.218961,0.014889,1.355444,1.663150,-0.020842,0.035731
20241226,2.251068,0.014469,1.381973,1.654663,0.019572,-0.005103
20241227,2.265040,0.006207,1.391444,1.653594,0.006853,-0.000646
20241230,2.266518,0.000653,1.380811,1.667309,-0.007641,0.008294
20241231,2.299858,0.014710,1.347976,1.731483,-0.023780,0.038490
20250102,2.205807,-0.040894,1.319370,1.714049,-0.021222,-0.010069
20250103,2.283641,0.035286,1.271816,1.836310,-0.036043,0.071329
20250106,2.341155,0.025185,1.265109,1.892241,-0.005273,0.030459
20250107,2.237293,-0.044364,1.290307,1.770605,0.019918,-0.064281
20250108,2.137807,-0.044467,1.279158,1.707172,-0.008641,-0.035826
20250109,2.121286,-0.007728,1.277872,1.695694,-0.001005,-0.006723
20250110,2.117559,-0.001757,1.241259,1.741300,-0.028652,0.026895
20250113,2.166260,0.022999,1.251402,1.767118,0.008171,0.014827
20250114,2.086931,-0.036620,1.309094,1.620938,0.046102,-0.082722
20250115,2.088286,0.000649,1.313710,1.616275,0.003526,-0.002877
20250116,2.123366,0.016798,1.325759,1.628602,0.009171,0.007627
20250117,2.131157,0.003669,1.327322,1.632657,0.001179,0.002490
20250120,2.088250,-0.020133,1.339540,1.584759,0.009205,-0.029338
20250121,2.023210,-0.031146,1.332096,1.544207,-0.005557,-0.025589
20250122,2.063391,0.019860,1.323526,1.584810,-0.006434,0.026294
20250123,2.112049,0.023581,1.327930,1.616908,0.003327,0.020254
20250124,2.072840,-0.018565,1.354915,1.554033,0.020321,-0.038886
20250127,2.169141,0.046459,1.340609,1.642640,-0.010559,0.057017
20250205,2.220448,0.023653,1.361259,1.670621,0.015404,0.017034
20250206,2.184283,-0.016287,1.397245,1.599248,0.026436,-0.042723
20250207,2.187318,0.001390,1.414514,1.581704,0.012359,-0.010970
20250210,2.194136,0.003117,1.446027,1.551397,0.022278,-0.019161
20250211,2.201406,0.003313,1.449939,1.552340,0.002705,0.000608
20250212,2.189940,-0.005209,1.471219,1.521471,0.014677,-0.019885
20250213,2.203927,0.006387,1.454924,1.548041,-0.011076,0.017463
20250214,2.246510,0.019321,1.462564,1.569822,0.005251,0.014070
20250217,2.172920,-0.032757,1.474149,1.505965,0.007921,-0.040678
20250218,2.200166,0.012539,1.439732,1.560007,-0.023347,0.035886
20250219,2.105698,-0.042937,1.461913,1.468991,0.015407,-0.058344
20250220,2.068474,-0.017678,1.475480,1.429390,0.009280,-0.026958
20250221,2.043410,-0.012117,1.491632,1.396423,0.010947,-0.023064
20250224,2.037838,-0.002727,1.494482,1.389947,0.001911,-0.004638
20250225,2.025669,-0.005972,1.491780,1.384160,-0.001808,-0.004164
20250226,2.020108,-0.002745,1.508610,1.364744,0.011282,-0.014027
20250227,2.017482,-0.001300,1.500119,1.370651,-0.005628,0.004328
20250228,2.061735,0.021935,1.448197,1.448157,-0.034612,0.056547
20250303,2.097246,0.017224,1.458310,1.476773,0.006984,0.019760
20250304,2.096263,-0.000469,1.485118,1.448934,0.018383,-0.018852
20250305,2.059627,-0.017477,1.486658,1.422109,0.001037,-0.018514
20250306,2.020167,-0.019159,1.518659,1.364251,0.021526,-0.040685
20250307,2.066250,0.022811,1.522152,1.392234,0.002300,0.020511
20250310,2.061525,-0.002287,1.524896,1.386540,0.001803,-0.004089
20250311,2.061377,-0.000072,1.530329,1.381501,0.003562,-0.003635
20250312,2.066573,0.002521,1.539623,1.376593,0.006073,-0.003552
20250313,2.134118,0.032684,1.528849,1.431219,-0.006998,0.039682
20250314,2.141950,0.003670,1.549756,1.416900,0.013675,-0.010005
20250317,2.146480,0.002114,1.559470,1.411015,0.006268,-0.004154
20250318,2.151720,0.002441,1.579744,1.396115,0.013001,-0.010559
20250319,2.178949,0.012654,1.588259,1.406257,0.005390,0.007264
20250320,2.201193,0.010209,1.593047,1.416375,0.003015,0.007194
20250321,2.246143,0.020421,1.571013,1.464888,-0.013831,0.034252
20250324,2.262295,0.007191,1.532936,1.510927,-0.024237,0.031428
20250325,2.335009,0.032142,1.526794,1.565544,-0.004006,0.036148
20250326,2.322074,-0.005539,1.547433,1.535709,0.013518,-0.019057
20250327,2.337800,0.006772,1.534416,1.559028,-0.008412,0.015184
20250328,2.366973,0.012479,1.521176,1.591935,-0.008629,0.021107
20250331,2.336733,-0.012776,1.498834,1.594978,-0.014687,0.001912
20250401,2.322820,-0.005954,1.512938,1.587098,0.009410,-0.004941
20250402,2.304809,-0.007754,1.515563,1.572037,0.001735,-0.009489
20250403,2.332097,0.011839,1.500482,1.606293,-0.009951,0.021791
20250407,2.349371,0.007407,1.292830,1.840486,-0.138390,0.145797
20250408,2.341368,-0.003406,1.302994,1.819747,0.007862,-0.011268
20250409,2.337222,-0.001771,1.340716,1.763843,0.028950,-0.030721
20250410,2.308169,-0.012431,1.376312,1.695086,0.026550,-0.038981
20250411,2.307074,-0.000474,1.384927,1.683672,0.006260,-0.006734
20250414,2.299433,-0.003312,1.407379,1.650802,0.016211,-0.019523
20250415,2.288334,-0.004827,1.409212,1.640683,0.001303,-0.006130
20250416,2.343652,0.024174,1.389066,1.703800,-0.014296,0.038470
20250417,2.362701,0.008128,1.401230,1.702728,0.008757,-0.000629
20250418,2.375112,0.005253,1.405772,1.706153,0.003242,0.002011
20250421,2.325864,-0.020735,1.426127,1.646072,0.014479,-0.035214
20250422,2.405162,0.034094,1.433797,1.693339,0.005379,0.028715
20250423,2.361751,-0.018049,1.460598,1.631124,0.018692,-0.036741
20250424,2.415561,0.022784,1.452570,1.677253,-0.005497,0.028280
20250425,2.416497,0.000387,1.454032,1.676214,0.001007,-0.000620
20250428,2.406326,-0.004209,1.437871,1.687789,-0.011115,0.006906
20250429,2.403003,-0.001381,1.457244,1.662718,0.013473,-0.014855
20250430,2.378948,-0.010010,1.475641,1.625083,0.012624,-0.022635
20250506,2.295653,-0.035014,1.504185,1.553104,0.019344,-0.044292
20250507,2.271685,-0.010440,1.516491,1.524183,0.008181,-0.018622
20250508,2.299048,0.012045,1.534153,1.524791,0.011646,0.000399
20250509,2.353001,0.023467,1.525507,1.569167,-0.005636,0.029103
20250512,2.334999,-0.007651,1.536225,1.546137,0.007026,-0.014676
20250513,2.305178,-0.012771,1.533712,1.528920,-0.001636,-0.011136
20250514,2.264718,-0.017552,1.533551,1.502245,-0.000105,-0.017447
20250515,2.281271,0.007309,1.534022,1.512764,0.000307,0.007002
20250516,2.229703,-0.022605,1.538015,1.474630,0.002603,-0.025208
20250519,2.250022,0.009113,1.556689,1.470165,0.012141,-0.003028
20250520,2.239738,-0.004571,1.572667,1.448355,0.010264,-0.014835
20250521,2.237429,-0.001031,1.566273,1.452751,-0.004066,0.003035
20250522,2.237363,-0.000030,1.545208,1.472245,-0.013449,0.013419
20250523,2.192350,-0.020119,1.528770,1.458287,-0.010638,-0.009481
20250526,2.198553,0.002829,1.544934,1.446995,0.010573,-0.007744
20250527,2.204155,0.002548,1.566655,1.430338,0.014060,-0.011512
20250528,2.250436,0.020997,1.575245,1.452528,0.005483,0.015514
20250529,2.254891,0.001980,1.596841,1.435490,0.013710,-0.011730
20250530,2.248145,-0.002992,1.570812,1.454594,-0.016300,0.013309
20250603,2.171053,-0.034292,1.580667,1.408268,0.006274,-0.031849
20250604,2.165768,-0.002434,1.593570,1.393343,0.008163,-0.010598
20250605,2.204718,0.017985,1.594406,1.417671,0.000524,0.017460
20250606,2.219210,0.006573,1.603474,1.418927,0.005687,0.000886
20250609,2.153397,-0.029656,1.621492,1.360903,0.011237,-0.040893
20250610,2.139756,-0.006334,1.604870,1.366233,-0.010251,0.003916
20250611,2.166150,0.012335,1.620576,1.369714,0.009787,0.002548
20250612,2.164716,-0.000662,1.624813,1.365227,0.002614,-0.003276
20250613,2.164592,-0.000057,1.600666,1.385437,-0.014861,0.014804
20250616,2.179641,0.006952,1.625829,1.373290,0.015720,-0.008768
20250617,2.202469,0.010473,1.621788,1.391087,-0.002486,0.012959
20250618,2.195742,-0.003054,1.610970,1.396116,-0.006670,0.003616
20250619,2.261450,0.029925,1.587123,1.458562,-0.014803,0.044728
20250620,2.286451,0.011055,1.571912,1.488666,-0.009584,0.020639
20250623,2.264859,-0.009443,1.597650,1.450233,0.016374,-0.025817
20250624,2.312739,0.021141,1.637250,1.444945,0.024787,-0.003646
20250625,2.334085,0.009229,1.642027,1.454066,0.002917,0.006312
20250626,2.338859,0.002045,1.632384,1.465579,-0.005872,0.007918
20250627,2.344939,0.002599,1.641969,1.460783,0.005871,-0.003272
20250630,2.313121,-0.013569,1.667145,1.418564,0.015333,-0.028902
20250701,2.306500,-0.002862,1.664002,1.431799,-0.001885,0.009330
20250702,2.378452,0.031195,1.662009,1.478180,-0.001198,0.032393
20250703,2.345715,-0.013764,1.665684,1.454565,0.002211,-0.015975
20250704,2.340662,-0.002154,1.651155,1.464119,-0.008722,0.006568
20250707,2.335432,-0.002235,1.662387,1.450888,0.006803,-0.009037
20250708,2.329408,-0.002579,1.676787,1.434578,0.008662,-0.011241
20250709,2.349384,0.008576,1.677418,1.446340,0.000376,0.008199
20250710,2.431477,0.034942,1.683846,1.491336,0.003832,0.031110
20250711,2.412146,-0.007950,1.690767,1.473350,0.004110,-0.012061
20250714,2.442041,0.012393,1.698244,1.485094,0.004422,0.007971
20250715,2.469396,0.011202,1.685427,1.512939,-0.007548,0.018749
20250716,2.496644,0.011034,1.699023,1.517428,0.008067,0.002967
20250717,2.464920,-0.012707,1.709563,1.488734,0.006203,-0.018910
20250718,2.489212,0.009855,1.729148,1.486350,0.011456,-0.001601
20250721,2.505537,0.006558,1.748577,1.479397,0.011236,-0.004678
20250722,2.528161,0.009029,1.754956,1.487358,0.003648,0.005381
20250723,2.572275,0.017449,1.742124,1.524187,-0.007312,0.024761
20250724,2.563112,-0.003562,1.760250,1.502899,0.010405,-0.013967
20250725,2.609651,0.018157,1.770337,1.521574,0.005731,0.012426
20250728,2.555159,-0.020881,1.772698,1.487774,0.001333,-0.022214
20250729,2.536140,-0.007443,1.775860,1.474046,0.001784,-0.009227
20250730,2.583465,0.018660,1.771078,1.505521,-0.002693,0.021353
20250731,2.548644,-0.013478,1.749204,1.503824,-0.012351,-0.001128
20250801,2.589017,0.015841,1.771505,1.524183,0.012749,0.013539
20250804,2.551892,-0.014340,1.789071,1.487213,0.009916,-0.024256
20250805,2.513516,-0.015038,1.794701,1.460169,0.003147,-0.018185
20250806,2.430483,-0.033035,1.788427,1.417037,-0.003496,-0.029539
20250807,2.412910,-0.007230,1.777743,1.415257,-0.005974,-0.001256
20250808,2.427437,0.006021,1.791899,1.412508,0.007963,-0.001942
20250811,2.379114,-0.019907,1.813011,1.367747,0.011782,-0.031689
20250812,2.390151,0.004639,1.805317,1.379896,-0.004243,0.008883
20250813,2.323484,-0.027892,1.805838,1.341010,0.000288,-0.028180
20250814,2.358026,0.014866,1.769800,1.387708,-0.019956,0.034823
20250815,2.291940,-0.028026,1.786356,1.335834,0.009355,-0.037381
20250818,2.224807,-0.029291,1.791919,1.292547,0.003114,-0.032405
20250819,2.240203,0.006920,1.803665,1.293018,0.006555,0.000365
20250820,2.276176,0.016058,1.812399,1.307520,0.004843,0.011215
20250821,2.334960,0.025826,1.816693,1.338190,0.002369,0.023457
20250822,2.285106,-0.021351,1.819787,1.307340,0.001703,-0.023054
20250825,2.240052,-0.019716,1.823173,1.279131,0.001861,-0.021577
20250826,2.281249,0.018391,1.831476,1.296830,0.004554,0.013837
20250827,2.251598,-0.012998,1.775722,1.319453,-0.030442,0.017445
20250828,2.188306,-0.028110,1.775512,1.282519,-0.000118,-0.027991
20250829,2.175373,-0.005910,1.779273,1.272222,0.002118,-0.008029
20250901,2.138528,-0.016938,1.782437,1.260383,0.001779,-0.009306
20250902,2.174258,0.016708,1.755225,1.300684,-0.015267,0.031975
20250903,2.193044,0.008640,1.715264,1.341534,-0.022767,0.031407
20250904,2.287337,0.042996,1.711083,1.402485,-0.002437,0.045434
20250905,2.276061,-0.004930,1.745025,1.367751,0.019836,-0.024766
20250908,2.303188,0.011918,1.774426,1.361008,0.016849,-0.004930
20250909,2.333363,0.013102,1.756046,1.392936,-0.010358,0.023460
20250910,2.299280,-0.014607,1.752263,1.375591,-0.002155,-0.012452
20250911,2.272543,-0.011629,1.778803,1.338760,0.015146,-0.026775
20250912,2.258013,-0.006394,1.776370,1.332032,-0.001368,-0.005026
20250915,2.275210,0.007616,1.769883,1.347040,-0.003652,0.011268
20250916,2.273638,-0.000691,1.789947,1.330839,0.011336,-0.012027
20250917,2.277220,0.001575,1.796778,1.327857,0.003816,-0.002241
20250918,2.242106,-0.015419,1.768802,1.328057,-0.015570,0.000151
20250919,2.289483,0.021130,1.775214,1.351305,0.003625,0.017505
20250922,2.241210,-0.021085,1.779595,1.319479,0.002468,-0.023553
20250923,2.246391,0.002312,1.754706,1.340983,-0.013985,0.016297
20250924,2.290678,0.019715,1.793832,1.337519,0.022298,-0.002583
20250925,2.277847,-0.005602,1.778813,1.341225,-0.008373,0.002771
20250926,2.357559,0.034994,1.764923,1.398634,-0.007809,0.042803
20250929,2.366005,0.003583,1.787212,1.385982,0.012629,-0.009046
20250930,2.358731,-0.003075,1.780901,1.386614,-0.003531,0.000456
20251009,2.353971,-0.002018,1.799796,1.382997,0.010610,-0.002609
20251010,2.416758,0.026673,1.809791,1.412205,0.005553,0.021120
20251013,2.429519,0.005280,1.803043,1.424927,-0.003728,0.009008
20251014,2.493068,0.026157,1.797505,1.466575,-0.003071,0.029229
20251015,2.476577,-0.006615,1.808736,1.447711,0.006248,-0.012863
20251016,2.487007,0.004211,1.793712,1.465833,-0.008306,0.012518
20251017,2.505188,0.007311,1.748772,1.513275,-0.025054,0.032365
20251020,2.463516,-0.016635,1.767691,1.471730,0.010819,-0.027453
20251021,2.454482,-0.003667,1.792529,1.445654,0.014051,-0.017718
20251022,2.480996,0.010803,1.796237,1.458281,0.002068,0.008734
20251023,2.511495,0.012293,1.806166,1.468146,0.005528,0.006765
20251024,2.459508,-0.020700,1.805923,1.437954,-0.000134,-0.020565
20251027,2.431527,-0.011377,1.816966,1.412802,0.006115,-0.017491
20251028,2.432298,0.000317,1.824825,1.407139,0.004325,-0.004008
20251029,2.392356,-0.016421,1.823371,1.385153,-0.000796,-0.015625
20251030,2.429340,0.015459,1.807033,1.418977,-0.008960,0.024419
20251031,2.408026,-0.008774,1.812762,1.402029,0.003170,-0.011944
20251103,2.385853,-0.009208,1.826207,1.392293,0.007417,-0.006944
20251104,2.386214,0.000151,1.811810,1.403480,-0.007884,0.008035
20251105,2.401301,0.006323,1.825927,1.401418,0.007792,-0.001469
20251106,2.422570,0.008857,1.845924,1.398483,0.010951,-0.002094
20251107,2.432886,0.004258,1.840252,1.408735,-0.003073,0.007331
20251110,2.431026,-0.000764,1.852538,1.398253,0.006676,-0.007441
20251111,2.396993,-0.013999,1.854993,1.376825,0.001326,-0.015325
20251112,2.399126,0.000890,1.848658,1.382753,-0.003415,0.004305
20251113,2.374812,-0.010135,1.864988,1.356525,0.008833,-0.018968
20251114,2.391609,0.007073,1.871128,1.361653,0.003292,0.003781
20251117,2.344950,-0.019510,1.860620,1.342735,-0.005616,-0.013893
20251118,2.386642,0.017779,1.855040,1.370634,-0.002999,0.020778
20251119,2.369131,-0.007337,1.828791,1.379972,-0.014150,0.006813
20251120,2.410145,0.017312,1.824302,1.407250,-0.002455,0.019767
20251121,2.452541,0.017591,1.766849,1.476324,-0.031493,0.049084
20251124,2.450886,-0.000675,1.786330,1.459049,0.011026,-0.011701
20251125,2.404490,-0.018930,1.802606,1.418135,0.009111,-0.028042
20251126,2.399453,-0.002095,1.788918,1.425933,-0.007593,0.005498
20251127,2.421405,0.009149,1.794777,1.434308,0.003275,0.005874
20251128,2.389501,-0.013176,1.813128,1.400745,0.010224,-0.023400
20251201,2.394355,0.002031,1.825081,1.409063,0.006593,0.005938
20251202,2.342263,-0.021756,1.812909,1.387804,-0.006670,-0.015087
20251203,2.391779,0.021140,1.800083,1.426961,-0.007075,0.028215
20251204,2.432545,0.017044,1.783325,1.464567,-0.009310,0.026354
20251205,2.387646,-0.018457,1.809148,1.416328,0.014480,-0.032938
20251208,2.305392,-0.034450,1.813206,1.364358,0.002243,-0.036693
20251209,2.319003,0.005904,1.803040,1.380063,-0.005607,0.011510
20251210,2.314646,-0.001879,1.808196,1.373524,0.002860,-0.004738
20251211,2.345175,0.013189,1.783501,1.410398,-0.013657,0.026847
20251212,2.347279,0.000897,1.784572,1.410817,0.000600,0.000297
20251215,2.339864,-0.003159,1.779691,1.410219,-0.002735,-0.000424
20251216,2.387447,0.020336,1.762408,1.452592,-0.009711,0.030047
20251217,2.380345,-0.002975,1.767403,1.444154,0.002834,-0.005809
20251218,2.399554,0.008070,1.779404,1.446002,0.006790,0.001280
20251219,2.419647,0.008374,1.802613,1.439250,0.013043,-0.004670
20251222,2.418630,-0.000421,1.815376,1.428454,0.007081,-0.007501
20251223,2.389747,-0.011942,1.803668,1.420609,-0.006450,-0.005492
20251224,2.379972,-0.004090,1.827752,1.395828,0.013353,-0.017444
20251225,2.367904,-0.005071,1.839200,1.380008,0.006263,-0.011334
20251226,2.314297,-0.022639,1.838527,1.349271,-0.000366,-0.022273
20251229,2.341798,0.011883,1.834020,1.368612,-0.002451,0.014334
20251230,2.336214,-0.002384,1.821694,1.374547,-0.006721,0.004337
20251231,2.346344,0.004336,1.822028,1.380255,0.000183,0.004152
