trade_date,A0,A1,A2,A3,A4,B1,B2,BENCH
20230103,1.007058,1.007058,1.006110,1.008351,0.998582,0.969454,0.973337,1.022735
20230104,1.013472,1.013472,1.010125,1.012632,1.001657,0.972130,0.970305,1.027075
20230105,1.018948,1.018948,1.015132,1.016753,1.012639,0.980505,0.982156,1.033321
20230106,1.007928,1.007928,1.002029,1.004688,1.000134,0.991122,0.983523,1.031484
20230109,1.011968,1.011968,1.006482,1.008300,1.002960,0.987967,0.980416,1.037533
20230110,1.011341,1.011341,1.005711,1.007750,1.004320,0.979316,0.974770,1.036303
20230111,1.002404,1.002404,0.996085,0.998776,0.994251,0.987799,0.972865,1.027512
20230112,1.003085,1.003085,0.995913,0.999377,0.989322,0.999706,0.989881,1.027794
20230113,1.015584,1.015584,1.010444,1.013411,1.006782,1.025736,1.014967,1.031928
20230116,1.031272,1.031272,1.020019,1.022688,1.015521,1.051963,1.038555,1.043385
20230117,1.028554,1.028554,1.015631,1.017291,1.010394,1.060730,1.045768,1.042393
20230118,1.027738,1.027738,1.014744,1.017312,1.007759,1.071464,1.062119,1.047174
20230119,1.037645,1.037645,1.024159,1.026680,1.019922,1.100588,1.094728,1.054229
20230120,1.045866,1.045866,1.029637,1.032104,1.024055,1.094882,1.079529,1.062811
20230130,1.053183,1.053183,1.038386,1.041253,1.025960,1.073899,1.063492,1.077088
20230131,1.052727,1.052727,1.038269,1.042104,1.020820,1.062599,1.049414,1.082633
20230201,1.063283,1.063283,1.047290,1.051503,1.030622,1.049387,1.035630,1.100617
20230202,1.068180,1.068180,1.052514,1.055271,1.036398,1.064150,1.051010,1.103225
20230203,1.065856,1.065856,1.049134,1.052381,1.034306,1.061396,1.040526,1.103340
20230206,1.066020,1.066020,1.049671,1.052319,1.033336,1.066575,1.046526,1.100972
20230207,1.069238,1.069238,1.052964,1.056312,1.032459,1.069102,1.047479,1.108708
20230208,1.066931,1.066931,1.051347,1.054139,1.029526,1.075923,1.052742,1.103498
20230209,1.081024,1.081024,1.068181,1.069263,1.047228,1.080597,1.062827,1.118870
20230210,1.095711,1.095711,1.083712,1.082604,1.065731,1.106587,1.083565,1.117836
20230213,1.104902,1.104902,1.089841,1.087431,1.078578,1.100481,1.073144,1.129492
20230214,1.109565,1.109565,1.091482,1.089850,1.080840,1.107151,1.087279,1.130406
20230215,1.114715,1.114715,1.099346,1.097504,1.087250,1.110751,1.094084,1.133027
20230216,1.096137,1.096137,1.087404,1.083096,1.078611,1.130605,1.115903,1.108479
20230217,1.091470,1.091470,1.080930,1.076777,1.070915,1.130717,1.119965,1.102864
20230220,1.099940,1.099940,1.089614,1.086439,1.080940,1.118441,1.103543,1.116404
20230221,1.102252,1.102252,1.091302,1.089856,1.077788,1.126039,1.111708,1.120689
20230222,1.103167,1.103167,1.090591,1.090366,1.073320,1.125669,1.109853,1.122744
20230223,1.099334,1.099334,1.084398,1.084040,1.068115,1.120216,1.105370,1.120430
20230224,1.102950,1.102950,1.085122,1.084635,1.067271,1.137861,1.124620,1.117671
20230227,1.091818,1.091818,1.076898,1.075624,1.061945,1.133208,1.121870,1.108008
20230228,1.105250,1.105250,1.090082,1.088119,1.073261,1.133570,1.116820,1.118274
20230301,1.114855,1.114855,1.098245,1.093752,1.081207,1.120316,1.097444,1.128214
20230302,1.112472,1.112472,1.094836,1.091065,1.080829,1.127905,1.096557,1.123969
20230303,1.107356,1.107356,1.094562,1.091445,1.077520,1.139630,1.104268,1.123965
20230306,1.107828,1.107828,1.094970,1.091541,1.076305,1.138069,1.104629,1.125681
20230307,1.082546,1.082546,1.073830,1.071466,1.056038,1.121498,1.090047,1.103511
20230308,1.099417,1.099417,1.085706,1.081973,1.067955,1.133850,1.098401,1.113316
20230309,1.109340,1.109340,1.092671,1.087452,1.077088,1.148572,1.116649,1.116335
20230310,1.098701,1.098701,1.083376,1.077925,1.069198,1.165984,1.142398,1.102094
20230313,1.095187,1.095187,1.078136,1.071703,1.072481,1.166752,1.131032,1.104470
20230314,1.084578,1.084578,1.071346,1.063832,1.065078,1.179386,1.156239,1.091706
20230315,1.092627,1.092627,1.081444,1.075219,1.069336,1.199857,1.169113,1.100600
20230316,1.081406,1.081406,1.066838,1.060482,1.057487,1.195352,1.156400,1.083698
20230317,1.092625,1.092625,1.077503,1.071413,1.072046,1.196423,1.150401,1.091605
20230320,1.092814,1.092814,1.072966,1.067620,1.064470,1.192521,1.144514,1.087603
20230321,1.112370,1.112370,1.087458,1.081046,1.080297,1.189824,1.140286,1.104059
20230322,1.128732,1.128732,1.097133,1.087831,1.089235,1.193626,1.131700,1.110470
20230323,1.125379,1.125379,1.095385,1.085926,1.088489,1.186330,1.119541,1.111053
20230324,1.127887,1.127887,1.096513,1.087363,1.091012,1.173636,1.094462,1.112417
20230327,1.125685,1.125685,1.095121,1.085033,1.095642,1.155593,1.071201,1.112273
20230328,1.113018,1.113018,1.091130,1.084041,1.085304,1.171594,1.092037,1.103228
20230329,1.108056,1.108056,1.083578,1.075777,1.076833,1.153095,1.081726,1.098944
20230330,1.096464,1.096464,1.079144,1.072177,1.065465,1.151603,1.085901,1.095106
20230331,1.104093,1.104093,1.089242,1.080494,1.081989,1.140904,1.067364,1.104999
20230403,1.110995,1.110995,1.092173,1.082708,1.084639,1.096155,1.025113,1.115756
20230404,1.101481,1.101481,1.085266,1.074814,1.076312,1.101114,1.037601,1.106929
20230406,1.103980,1.103980,1.082753,1.071893,1.072047,1.122012,1.061445,1.106391
20230407,1.113667,1.113667,1.092676,1.080776,1.086703,1.122343,1.060401,1.117346
20230410,1.101525,1.101525,1.075749,1.065079,1.066591,1.145727,1.097255,1.106254
20230411,1.106642,1.106642,1.085208,1.072261,1.075256,1.121911,1.079184,1.107620
20230412,1.118667,1.118667,1.097199,1.082332,1.087813,1.121074,1.078198,1.116613
20230413,1.113151,1.113151,1.091775,1.078304,1.080606,1.113185,1.076492,1.111638
20230414,1.111759,1.111759,1.089066,1.075133,1.077632,1.127390,1.088986,1.116387
20230417,1.106427,1.106427,1.080400,1.067647,1.068139,1.119580,1.079297,1.117035
20230418,1.103273,1.103273,1.075266,1.061985,1.060389,1.108773,1.063712,1.111069
20230419,1.099034,1.099034,1.075979,1.063786,1.061552,1.098114,1.045948,1.107051
20230420,1.089245,1.089245,1.069188,1.056748,1.057981,1.058062,1.011718,1.101765
20230421,1.058405,1.058405,1.042176,1.031580,1.028754,1.057051,1.019321,1.072822
20230424,1.057737,1.057737,1.045939,1.036692,1.030134,1.059089,1.028445,1.067782
20230425,1.036474,1.036474,1.026798,1.018511,1.009280,1.066061,1.021495,1.045281
20230426,1.044281,1.044281,1.030962,1.023913,1.011747,1.079332,1.044645,1.054451
20230427,1.052327,1.052327,1.037533,1.029934,1.012946,1.104542,1.073504,1.054739
20230428,1.070528,1.070528,1.057452,1.049041,1.034723,1.082884,1.038431,1.074357
20230504,1.086311,1.086311,1.072055,1.060821,1.051307,1.074199,1.030017,1.079893
20230505,1.079848,1.079848,1.064831,1.054593,1.041636,1.096950,1.055515,1.072409
20230508,1.081379,1.081379,1.066432,1.055943,1.045493,1.086721,1.052955,1.079128
20230509,1.063320,1.063320,1.048312,1.041164,1.023172,1.104502,1.069280,1.062384
20230510,1.066018,1.066018,1.050825,1.044509,1.025056,1.113180,1.082087,1.066436
20230511,1.078747,1.078747,1.062197,1.053143,1.038445,1.139116,1.109300,1.072509
20230512,1.070507,1.070507,1.052937,1.044468,1.030627,1.134492,1.109283,1.063229
20230515,1.070741,1.070741,1.053404,1.046527,1.025936,1.125040,1.098384,1.072139
20230516,1.057815,1.057815,1.041329,1.037776,1.008569,1.131363,1.106141,1.064628
20230517,1.068374,1.068374,1.052031,1.049181,1.016850,1.128532,1.105241,1.075050
20230518,1.082306,1.082306,1.062105,1.056824,1.027475,1.100289,1.069866,1.080455
20230519,1.083389,1.083389,1.059239,1.054469,1.022948,1.107905,1.086736,1.082614
20230522,1.088677,1.088677,1.059773,1.056021,1.021136,1.113016,1.096934,1.087419
20230523,1.083098,1.083098,1.054518,1.051605,1.013910,1.129899,1.111218,1.078849
20230524,1.082753,1.082753,1.054345,1.050636,1.013734,1.109657,1.090269,1.078521
20230525,1.076294,1.076294,1.053186,1.050453,1.005892,1.089245,1.063344,1.077810
20230526,1.080167,1.080167,1.055393,1.052504,1.011871,1.062989,1.042167,1.082518
20230529,1.072616,1.072616,1.044981,1.042539,1.002178,1.032951,1.020890,1.077891
20230530,1.077787,1.077787,1.047033,1.042391,1.007179,1.007606,0.983865,1.082179
20230531,1.081590,1.081590,1.047692,1.042454,1.009361,1.008325,0.983547,1.079987
20230601,1.087522,1.087522,1.055201,1.043951,1.035956,1.004999,0.982176,1.083265
20230602,1.098243,1.098243,1.063322,1.052494,1.046206,1.021835,0.995538,1.092120
20230605,1.104538,1.104538,1.067110,1.053829,1.050827,1.017996,0.989407,1.096069
20230606,1.085595,1.085595,1.047647,1.034694,1.033503,1.038895,0.998301,1.075035
20230607,1.092783,1.092783,1.053297,1.037916,1.040523,1.030280,0.988123,1.079815
20230608,1.082063,1.082063,1.042464,1.029075,1.028511,1.035916,0.998606,1.074228
20230609,1.083725,1.083725,1.042548,1.027582,1.034707,1.038995,0.998622,1.079912
20230612,1.088056,1.088056,1.048354,1.032686,1.036708,1.033315,0.992976,1.086973
20230613,1.099315,1.099315,1.057446,1.039050,1.047092,1.039302,0.995654,1.091333
20230614,1.100643,1.100643,1.062218,1.042433,1.051025,1.051173,0.996190,1.092184
20230615,1.099172,1.099172,1.065048,1.047682,1.049216,1.046645,0.997023,1.096282
20230616,1.105766,1.105766,1.071420,1.052389,1.054644,1.036114,0.982219,1.104009
20230619,1.099746,1.099746,1.066973,1.048869,1.045453,1.011337,0.953494,1.104294
20230620,1.092481,1.092481,1.058937,1.042270,1.034014,0.992648,0.944887,1.099634
20230621,1.071018,1.071018,1.039713,1.028870,1.003931,1.006355,0.967186,1.084505
20230626,1.047292,1.047292,1.015378,1.009798,0.976520,1.011096,0.974705,1.066062
20230627,1.070760,1.070760,1.038119,1.030141,0.998393,1.018906,0.978156,1.085701
20230628,1.062808,1.062808,1.031265,1.024895,0.986718,1.021341,0.988358,1.082966
20230629,1.073817,1.073817,1.041093,1.034735,0.996564,0.998194,0.971523,1.093567
20230630,1.087635,1.087635,1.055037,1.048907,1.009641,1.002448,0.976360,1.106253
20230703,1.087100,1.087100,1.054435,1.049687,1.008697,1.013521,0.987421,1.110862
20230704,1.097955,1.097955,1.061860,1.055720,1.014413,0.996887,0.977557,1.118609
20230705,1.098440,1.098440,1.059919,1.053020,1.011713,1.018695,1.001671,1.112465
20230706,1.102036,1.102036,1.060806,1.053341,1.012500,1.001236,0.986268,1.111493
20230707,1.092639,1.092639,1.054467,1.048563,1.007237,1.014810,0.997057,1.106085
20230710,1.097420,1.097420,1.059014,1.052513,1.012426,1.035942,1.020371,1.107094
20230711,1.108502,1.108502,1.069452,1.063161,1.019935,1.049659,1.041328,1.115906
20230712,1.093549,1.093549,1.053534,1.049408,1.005354,1.068175,1.073496,1.103588
20230713,1.104344,1.104344,1.064480,1.058325,1.016953,1.063856,1.058339,1.114645
20230714,1.111494,1.111494,1.069980,1.062600,1.023483,1.063997,1.050364,1.115317
20230717,1.113991,1.113991,1.073908,1.067859,1.030658,1.072539,1.056209,1.112777
20230718,1.114081,1.114081,1.073015,1.068223,1.027274,1.078169,1.072647,1.112811
20230719,1.115732,1.115732,1.074414,1.068682,1.029384,1.078654,1.080221,1.111206
20230720,1.106233,1.106233,1.065735,1.060664,1.025250,1.093754,1.099799,1.100069
20230721,1.106776,1.106776,1.067397,1.063356,1.028490,1.125809,1.131756,1.096634
20230724,1.107433,1.107433,1.067053,1.062225,1.028731,1.118172,1.123006,1.096107
20230725,1.124442,1.124442,1.083553,1.077235,1.045582,1.122991,1.130100,1.113924
20230726,1.126092,1.126092,1.079888,1.076473,1.040403,1.145061,1.159417,1.109911
20230727,1.123624,1.123624,1.077639,1.074889,1.039363,1.161836,1.173427,1.102799
20230728,1.126729,1.126729,1.081792,1.079807,1.045507,1.194978,1.200478,1.110776
20230731,1.145340,1.145340,1.099039,1.096079,1.064395,1.205732,1.217461,1.119881
20230801,1.133807,1.133807,1.090572,1.087783,1.053430,1.186883,1.201186,1.117250
20230802,1.140016,1.140016,1.095409,1.093615,1.060329,1.188777,1.197044,1.115848
20230803,1.132718,1.132718,1.089558,1.087307,1.053863,1.178139,1.180416,1.115163
20230804,1.132335,1.132335,1.091914,1.086742,1.055029,1.182334,1.173707,1.116317
20230807,1.119921,1.119921,1.080926,1.074253,1.044991,1.159966,1.165383,1.109980
20230808,1.117395,1.117395,1.075282,1.068795,1.039984,1.160788,1.164199,1.108077
20230809,1.106643,1.106643,1.064010,1.058372,1.029728,1.160587,1.171426,1.104587
20230810,1.109049,1.109049,1.063857,1.059438,1.028022,1.175016,1.183905,1.108616
20230811,1.093619,1.093619,1.046993,1.042687,1.012111,1.175981,1.186057,1.091480
20230814,1.098062,1.098062,1.050195,1.045987,1.016372,1.164901,1.180395,1.095314
20230815,1.092329,1.092329,1.040042,1.037835,1.007971,1.151852,1.188143,1.089750
20230816,1.081097,1.081097,1.027091,1.026914,0.993566,1.160050,1.190057,1.079983
20230817,1.098904,1.098904,1.044319,1.043266,1.012945,1.150797,1.180857,1.093740
20230818,1.091469,1.091469,1.030367,1.029920,1.001969,1.141796,1.185673,1.080590
20230821,1.082020,1.082020,1.018852,1.020062,0.989122,1.108319,1.169710,1.073551
20230822,1.080351,1.080351,1.020987,1.020122,0.989447,1.095506,1.145274,1.075520
20230823,1.064252,1.064252,1.003493,1.004615,0.972898,1.092053,1.145230,1.057450
20230824,1.063642,1.063642,1.003804,1.003503,0.973078,1.124191,1.148321,1.056261
20230825,1.036373,1.036373,0.979936,0.981755,0.948730,1.134355,1.157161,1.036179
20230828,1.045777,1.045777,0.990951,0.993205,0.959781,1.160499,1.167334,1.045501
20230829,1.097343,1.097343,1.032764,1.031861,1.002377,1.131477,1.144814,1.082322
20230830,1.112215,1.112215,1.050548,1.046253,1.020713,1.147828,1.158554,1.090289
20230831,1.109262,1.109262,1.044939,1.038302,1.019201,1.147840,1.155688,1.085508
20230901,1.102434,1.102434,1.039124,1.034529,1.013898,1.164245,1.161535,1.087423
20230904,1.114905,1.114905,1.052876,1.050091,1.027186,1.172160,1.161024,1.103598
20230905,1.109040,1.109040,1.049266,1.045523,1.020419,1.195779,1.188215,1.098200
20230906,1.116884,1.116884,1.058747,1.053361,1.026774,1.215729,1.213795,1.103693
20230907,1.099204,1.099204,1.041886,1.036880,1.010600,1.215931,1.208727,1.085312
20230908,1.101887,1.101887,1.046367,1.040390,1.012631,1.224593,1.223261,1.088301
20230911,1.113175,1.113175,1.056377,1.050324,1.024213,1.234770,1.234049,1.097991
20230912,1.113831,1.113831,1.057059,1.051818,1.025709,1.237071,1.234875,1.096928
20230913,1.104653,1.104653,1.048324,1.044436,1.020344,1.221207,1.230931,1.085319
20230914,1.093727,1.093727,1.038375,1.034759,1.009330,1.235987,1.251328,1.077022
20230915,1.094210,1.094210,1.037818,1.035430,1.008545,1.241180,1.251504,1.078808
20230918,1.103741,1.103741,1.043436,1.040859,1.014678,1.243254,1.253789,1.085951
20230919,1.092877,1.092877,1.030112,1.028387,1.001311,1.245161,1.257258,1.075564
20230920,1.085352,1.085352,1.023295,1.021945,0.994061,1.252444,1.253980,1.068110
20230921,1.076034,1.076034,1.018414,1.016286,0.985194,1.257249,1.261191,1.060885
20230922,1.097335,1.097335,1.038780,1.034468,1.004109,1.253343,1.249718,1.080257
20230925,1.091613,1.091613,1.031285,1.026383,0.996105,1.255555,1.250981,1.075542
20230926,1.084798,1.084798,1.024065,1.018857,0.991903,1.264265,1.244401,1.071043
20230927,1.091845,1.091845,1.028056,1.024605,0.999791,1.274511,1.255866,1.075337
20230928,1.102442,1.102442,1.039867,1.034213,1.009459,1.288159,1.266436,1.085995
20231009,1.085116,1.085116,1.026333,1.020427,0.993932,1.228115,1.225386,1.080879
20231010,1.083795,1.083795,1.025573,1.019450,0.994288,1.227067,1.222462,1.077787
20231011,1.086473,1.086473,1.028900,1.022115,0.998879,1.213550,1.215388,1.080370
20231012,1.093895,1.093895,1.037527,1.029954,1.007734,1.235676,1.230928,1.086034
20231013,1.084869,1.084869,1.032212,1.024004,1.004369,1.209569,1.204482,1.078874
20231016,1.077656,1.077656,1.027382,1.019382,1.000283,1.215700,1.213875,1.072166
20231017,1.079945,1.079945,1.027746,1.020033,1.006495,1.227009,1.227914,1.070697
20231018,1.059835,1.059835,1.007400,1.000129,0.988392,1.216731,1.228089,1.051636
20231019,1.050880,1.050880,0.999213,0.992383,0.976241,1.250540,1.258641,1.042213
20231020,1.038667,1.038667,0.987550,0.981816,0.961641,1.274177,1.277519,1.032841
20231023,1.010390,1.010390,0.961655,0.956620,0.942573,1.266218,1.274409,1.008313
20231024,1.045808,1.045808,0.988375,0.983561,0.967771,1.254858,1.255651,1.032353
20231025,1.062785,1.062785,1.003237,0.998978,0.982107,1.235888,1.241470,1.046619
20231026,1.061913,1.061913,1.004500,1.000175,0.982791,1.243028,1.246183,1.049898
20231027,1.074794,1.074794,1.017747,1.013146,0.998197,1.257436,1.257752,1.068112
20231030,1.099458,1.099458,1.044326,1.037767,1.022809,1.256029,1.251108,1.081475
20231031,1.096616,1.096616,1.038312,1.032678,1.016547,1.269560,1.262658,1.077577
20231101,1.097038,1.097038,1.036317,1.030907,1.015949,1.286219,1.274302,1.079801
20231102,1.085450,1.085450,1.025691,1.020708,1.002545,1.316904,1.301093,1.069495
20231103,1.101724,1.101724,1.042557,1.036069,1.022566,1.332142,1.310088,1.084558
20231106,1.121868,1.121868,1.066066,1.058528,1.049603,1.319076,1.292389,1.106118
20231107,1.124672,1.124672,1.071072,1.062686,1.057319,1.306109,1.281260,1.112277
20231108,1.121754,1.121754,1.067790,1.059805,1.054787,1.277330,1.251297,1.115932
20231109,1.120628,1.120628,1.065879,1.056896,1.050912,1.309437,1.273046,1.109735
20231110,1.118526,1.118526,1.061316,1.052562,1.046875,1.319260,1.283037,1.108091
20231113,1.130055,1.130055,1.071496,1.062807,1.060004,1.310245,1.276051,1.119511
20231114,1.136586,1.136586,1.076647,1.067791,1.066534,1.291873,1.254186,1.126051
20231115,1.141767,1.141767,1.080908,1.071942,1.068898,1.287816,1.253290,1.133238
20231116,1.130295,1.130295,1.071495,1.062692,1.061266,1.282331,1.246832,1.124735
20231117,1.142864,1.142864,1.082488,1.073132,1.071875,1.297523,1.255470,1.133798
20231120,1.155958,1.155958,1.093067,1.084147,1.082282,1.295551,1.250249,1.146348
20231121,1.148114,1.148114,1.087592,1.079168,1.076290,1.313172,1.265105,1.144150
20231122,1.140211,1.140211,1.078208,1.070130,1.066954,1.319254,1.272081,1.139755
20231123,1.159283,1.159283,1.095584,1.086267,1.084980,1.326635,1.274945,1.149851
20231124,1.143415,1.143415,1.081615,1.073098,1.068494,1.331543,1.278965,1.142835
20231127,1.146957,1.146957,1.083770,1.074381,1.071758,1.346072,1.292506,1.151330
20231128,1.157829,1.157829,1.091613,1.082020,1.077052,1.366887,1.314297,1.158201
20231129,1.152582,1.152582,1.087459,1.078547,1.067780,1.380036,1.316124,1.147428
20231130,1.143277,1.143277,1.079881,1.071053,1.060148,1.373130,1.309270,1.140921
20231201,1.143929,1.143929,1.084153,1.074805,1.063146,1.335440,1.278900,1.145226
20231204,1.149244,1.149244,1.087533,1.078229,1.064503,1.324964,1.275611,1.145272
20231205,1.132017,1.132017,1.070484,1.062680,1.045272,1.310593,1.265733,1.131581
20231206,1.148190,1.148190,1.084898,1.076778,1.056958,1.302938,1.264468,1.136995
20231207,1.152986,1.152986,1.091258,1.081795,1.061970,1.318266,1.285955,1.135752
20231208,1.131019,1.131019,1.069034,1.058812,1.043729,1.320677,1.290998,1.127701
20231211,1.141192,1.141192,1.084824,1.073518,1.057315,1.304049,1.276937,1.137524
20231212,1.148265,1.148265,1.091783,1.081877,1.065049,1.302215,1.273423,1.144062
20231213,1.142417,1.142417,1.087799,1.078778,1.057977,1.305750,1.271458,1.139756
20231214,1.139978,1.139978,1.083436,1.074960,1.056247,1.323975,1.292036,1.138483
20231215,1.144989,1.144989,1.081006,1.072060,1.055436,1.331544,1.305237,1.134525
20231218,1.130957,1.130957,1.063616,1.055751,1.042145,1.316764,1.292668,1.121947
20231219,1.133882,1.133882,1.065757,1.056892,1.043002,1.314295,1.289187,1.123934
20231220,1.121840,1.121840,1.051884,1.044181,1.030192,1.318542,1.291908,1.115490
20231221,1.122585,1.122585,1.056660,1.048981,1.036629,1.305340,1.282608,1.117483
20231222,1.098960,1.098960,1.036388,1.029885,1.017805,1.325543,1.297456,1.104794
20231225,1.090713,1.090713,1.029047,1.020568,1.012750,1.302037,1.276692,1.104256
20231226,1.075664,1.075664,1.013647,1.005746,0.997378,1.283680,1.263278,1.091859
20231227,1.083814,1.083814,1.018176,1.010236,0.998589,1.274494,1.250361,1.099848
20231228,1.105646,1.105646,1.038463,1.029202,1.017412,1.316153,1.288193,1.121262
20231229,1.121360,1.121360,1.054109,1.044003,1.033572,1.310326,1.277302,1.139684
20240102,1.121846,1.121846,1.052437,1.043223,1.031479,1.316195,1.277756,1.143854
20240103,1.115983,1.115983,1.048066,1.038221,1.029499,1.348857,1.305067,1.139251
20240104,1.114364,1.114364,1.044612,1.034719,1.026904,1.369796,1.328525,1.135860
20240105,1.098849,1.098849,1.028381,1.019252,1.010705,1.396598,1.352774,1.115329
20240108,1.077089,1.077089,1.006316,0.996413,0.991187,1.369982,1.320430,1.092115
20240109,1.083005,1.083005,1.010291,1.000312,0.994136,1.386180,1.329821,1.096099
20240110,1.075986,1.075986,1.003755,0.994727,0.986733,1.420577,1.361591,1.087738
20240111,1.091854,1.091854,1.018990,1.009736,1.001110,1.415139,1.357291,1.106001
20240112,1.081362,1.081362,1.009611,1.000792,0.990656,1.443851,1.389982,1.093070
20240115,1.079900,1.079900,1.008233,0.999262,0.989403,1.432201,1.376854,1.089061
20240116,1.073654,1.073654,1.003440,0.994428,0.983195,1.423248,1.369317,1.089017
20240117,1.049501,1.049501,0.980571,0.971893,0.962853,1.428356,1.372181,1.062196
20240118,1.034523,1.034523,0.969686,0.960325,0.952382,1.408504,1.355206,1.057483
20240119,1.028380,1.028380,0.964506,0.954904,0.951663,1.439608,1.386184,1.046469
20240122,0.967539,0.967539,0.909113,0.900869,0.901815,1.424645,1.367575,0.986999
20240123,0.963737,0.963737,0.910489,0.901369,0.905094,1.435254,1.384383,0.990419
20240124,0.978276,0.978276,0.923831,0.913830,0.920303,1.435601,1.386347,1.004847
20240125,1.017898,1.017898,0.961134,0.950408,0.955151,1.458112,1.406747,1.038794
20240126,1.018154,1.018154,0.960546,0.950261,0.955696,1.474515,1.424180,1.034493
20240129,0.985456,0.985456,0.934727,0.924645,0.928478,1.490815,1.454145,1.000551
20240130,0.948116,0.948116,0.899329,0.888922,0.891401,1.512581,1.474569,0.969863
20240131,0.903725,0.903725,0.860788,0.848499,0.855353,1.527571,1.493493,0.926899
20240201,0.880082,0.880082,0.838494,0.827900,0.831194,1.477368,1.433627,0.911873
20240202,0.834277,0.834277,0.793717,0.784506,0.788731,1.471121,1.423245,0.872406
20240205,0.747844,0.747844,0.714446,0.710836,0.712807,1.463555,1.413323,0.802472
20240206,0.754502,0.754502,0.720113,0.719313,0.727675,1.461162,1.417877,0.826134
20240207,0.737910,0.737910,0.705083,0.707811,0.723410,1.495467,1.452749,0.814665
20240208,0.808932,0.808932,0.769387,0.771196,0.793131,1.547102,1.505347,0.868237
20240219,0.836352,0.836352,0.795419,0.794337,0.815187,1.498749,1.444426,0.897064
20240220,0.845495,0.845495,0.803790,0.802035,0.820003,1.482890,1.432854,0.909313
20240221,0.861997,0.861997,0.821116,0.817935,0.835768,1.489022,1.439492,0.923980
20240222,0.882198,0.882198,0.837755,0.832915,0.851447,1.474787,1.422841,0.944262
20240223,0.913034,0.913034,0.865485,0.858674,0.877236,1.462978,1.410243,0.968159
20240226,0.935774,0.935774,0.881447,0.873682,0.893420,1.476068,1.415367,0.982058
20240227,0.963677,0.963677,0.901891,0.893188,0.914372,1.452041,1.388776,1.010559
20240228,0.889922,0.889922,0.835450,0.830829,0.853158,1.431418,1.371660,0.950875
20240229,0.920374,0.920374,0.863496,0.857640,0.879722,1.414438,1.362386,0.986568
20240301,0.925395,0.925395,0.867411,0.859406,0.882403,1.403706,1.351841,0.997468
20240304,0.927442,0.927442,0.868614,0.861521,0.886489,1.393086,1.342538,0.998218
20240305,0.909541,0.909541,0.853803,0.849450,0.874843,1.374413,1.334154,0.982198
20240306,0.920927,0.920927,0.863857,0.860127,0.885161,1.364369,1.328072,0.992515
20240307,0.918362,0.918362,0.861282,0.858002,0.880915,1.401938,1.359818,0.983517
20240308,0.920727,0.920727,0.867574,0.864123,0.885325,1.388204,1.346926,0.993684
20240311,0.936686,0.936686,0.884126,0.879849,0.900005,1.396532,1.352778,1.012909
20240312,0.947372,0.947372,0.894257,0.888817,0.908471,1.397677,1.356216,1.024770
20240313,0.949509,0.949509,0.896602,0.890045,0.912799,1.395752,1.357079,1.025999
20240314,0.942247,0.942247,0.889275,0.883750,0.908978,1.394334,1.349871,1.020239
20240315,0.954826,0.954826,0.904738,0.898079,0.925086,1.401001,1.353018,1.036366
20240318,0.973892,0.973892,0.918900,0.910875,0.938454,1.396816,1.339770,1.056488
20240319,0.971917,0.971917,0.917764,0.909463,0.937945,1.397405,1.351459,1.053285
20240320,0.985053,0.985053,0.929097,0.918861,0.950870,1.407142,1.350588,1.065334
20240321,0.985462,0.985462,0.932415,0.921923,0.954388,1.408152,1.344544,1.065548
20240322,0.973204,0.973204,0.922509,0.912238,0.947637,1.410354,1.352015,1.050383
20240325,0.951132,0.951132,0.901940,0.894005,0.927894,1.435518,1.380061,1.024762
20240326,0.946949,0.946949,0.897239,0.889442,0.922004,1.453313,1.388783,1.024222
20240327,0.921860,0.921860,0.866688,0.859333,0.893713,1.490131,1.419447,0.992856
20240328,0.945299,0.945299,0.889323,0.878109,0.916674,1.484743,1.419058,1.015468
20240329,0.955743,0.955743,0.902525,0.890847,0.927723,1.487269,1.423802,1.027741
20240401,0.970459,0.970459,0.915860,0.904818,0.939204,1.476322,1.418154,1.049896
20240402,0.971753,0.971753,0.913934,0.903301,0.934259,1.499894,1.443275,1.048237
20240403,0.967607,0.967607,0.910021,0.900707,0.926273,1.553498,1.494335,1.039728
20240408,0.941515,0.941515,0.885221,0.878845,0.900571,1.558038,1.506584,1.014322
20240409,0.955422,0.955422,0.898494,0.890710,0.914122,1.592264,1.536982,1.028866
20240410,0.936598,0.936598,0.877278,0.871633,0.892098,1.567514,1.516116,1.009805
20240411,0.940670,0.940670,0.881633,0.875783,0.894334,1.620455,1.564862,1.011311
20240412,0.931620,0.931620,0.874169,0.870088,0.885122,1.620369,1.564957,1.003847
20240415,0.894049,0.894049,0.843893,0.844959,0.853573,1.639192,1.590026,0.970576
20240416,0.842586,0.842586,0.795660,0.800656,0.808322,1.696400,1.638945,0.908591
20240417,0.888426,0.888426,0.837268,0.840410,0.848165,1.615365,1.556192,0.962633
20240418,0.884713,0.884713,0.837626,0.841162,0.851731,1.588157,1.536498,0.961119
20240419,0.874446,0.874446,0.828382,0.833279,0.839052,1.547082,1.492830,0.954888
20240422,0.879939,0.879939,0.828728,0.833037,0.842380,1.638570,1.573493,0.948853
20240423,0.889499,0.889499,0.836546,0.839981,0.852068,1.621489,1.556079,0.955329
20240424,0.904446,0.904446,0.851684,0.853970,0.867624,1.554229,1.489524,0.972877
20240425,0.911237,0.911237,0.852397,0.854310,0.869930,1.539740,1.469962,0.976436
20240426,0.926963,0.926963,0.865028,0.866073,0.888037,1.550427,1.471617,0.990301
20240429,0.953543,0.953543,0.884977,0.881035,0.914670,1.530481,1.464559,1.017248
20240430,0.956524,0.956524,0.880426,0.876317,0.914193,1.579731,1.504946,1.011371
20240506,0.973127,0.973127,0.890187,0.885885,0.923072,1.513309,1.452608,1.032829
20240507,0.983934,0.983934,0.896455,0.891010,0.934206,1.492175,1.424778,1.039025
20240508,0.967736,0.967736,0.882007,0.877308,0.916506,1.479441,1.409384,1.025917
20240509,0.982170,0.982170,0.894879,0.889577,0.929774,1.485783,1.413589,1.039608
20240510,0.972669,0.972669,0.887689,0.882763,0.922874,1.516280,1.449012,1.028192
20240513,0.953002,0.953002,0.871934,0.868544,0.905718,1.525253,1.456862,1.011759
20240514,0.954360,0.954360,0.872725,0.869017,0.907198,1.520927,1.460670,1.019752
20240515,0.946893,0.946893,0.865019,0.861856,0.901681,1.499980,1.444059,1.012436
20240516,0.951997,0.951997,0.868596,0.864620,0.907107,1.480726,1.425799,1.016981
20240517,0.967928,0.967928,0.883668,0.878779,0.923100,1.472386,1.410383,1.030209
20240520,0.972872,0.972872,0.889439,0.884542,0.928175,1.467654,1.402879,1.033462
20240521,0.958067,0.958067,0.877717,0.873701,0.915190,1.479077,1.410910,1.023114
20240522,0.965273,0.965273,0.879148,0.875013,0.915848,1.485549,1.410694,1.028529
20240523,0.945436,0.945436,0.860498,0.857214,0.895882,1.494696,1.427091,1.009902
20240524,0.936675,0.936675,0.857272,0.854093,0.889126,1.523353,1.453583,0.999656
20240527,0.935516,0.935516,0.858141,0.854836,0.888862,1.511923,1.438955,1.005353
20240528,0.932679,0.932679,0.854664,0.851258,0.890773,1.551148,1.479912,0.995570
20240529,0.936702,0.936702,0.856839,0.852899,0.894831,1.542625,1.477170,0.997586
20240530,0.935294,0.935294,0.853205,0.849929,0.891964,1.569278,1.505025,0.991259
20240531,0.944893,0.944893,0.858161,0.854140,0.898807,1.571932,1.505622,0.997755
20240603,0.913320,0.913320,0.827376,0.824764,0.866296,1.517601,1.460998,0.979092
20240604,0.898358,0.898358,0.815856,0.813619,0.854208,1.504650,1.444473,0.972247
20240605,0.878522,0.878522,0.797654,0.795994,0.834489,1.531639,1.466201,0.955222
20240606,0.839033,0.839033,0.761570,0.761391,0.797819,1.530367,1.449141,0.920809
20240607,0.865252,0.865252,0.785767,0.784373,0.825527,1.574038,1.485787,0.937939
20240611,0.868518,0.868518,0.785348,0.784232,0.827731,1.550985,1.458621,0.944034
20240612,0.884914,0.884914,0.799258,0.797126,0.840514,1.529138,1.439952,0.956353
20240613,0.888878,0.888878,0.793962,0.792087,0.843012,1.540387,1.440096,0.953148
20240614,0.891365,0.891365,0.797445,0.795043,0.850710,1.550234,1.439944,0.953963
20240617,0.885949,0.885949,0.789239,0.787531,0.846980,1.549113,1.440494,0.949349
20240618,0.893904,0.893904,0.795317,0.793825,0.844647,1.516236,1.411920,0.961268
20240619,0.896581,0.896581,0.793545,0.791255,0.845599,1.521820,1.407470,0.956951
20240620,0.894477,0.894477,0.785305,0.783092,0.839850,1.586161,1.452634,0.939211
20240621,0.893414,0.893414,0.783301,0.781136,0.833855,1.597529,1.452767,0.938704
20240624,0.849831,0.849831,0.750167,0.748882,0.797575,1.582892,1.442496,0.904580
20240625,0.851715,0.851715,0.754462,0.753990,0.804800,1.600846,1.457974,0.904773
20240626,0.878565,0.878565,0.779246,0.778463,0.828031,1.621768,1.481193,0.929910
20240627,0.864462,0.864462,0.765767,0.765277,0.816138,1.636355,1.501148,0.912868
20240628,0.866347,0.866347,0.767784,0.767601,0.816537,1.596757,1.466218,0.917086
20240701,0.868494,0.868494,0.770283,0.770409,0.821899,1.584647,1.464688,0.924478
20240702,0.874593,0.874593,0.774520,0.773378,0.826863,1.612764,1.475460,0.924610
20240703,0.868212,0.868212,0.769565,0.768224,0.821247,1.648959,1.510313,0.916940
20240704,0.839959,0.839959,0.745038,0.745139,0.794193,1.659118,1.514030,0.893395
20240705,0.852871,0.852871,0.755848,0.755436,0.804440,1.708096,1.549872,0.902933
20240708,0.829093,0.829093,0.732418,0.733008,0.778072,1.700882,1.542962,0.878649
20240709,0.838927,0.838927,0.739770,0.741195,0.787248,1.652112,1.503151,0.894203
20240710,0.831826,0.831826,0.733527,0.735836,0.780806,1.653201,1.484484,0.887964
20240711,0.864561,0.864561,0.761479,0.763247,0.812383,1.669099,1.504128,0.915121
20240712,0.861741,0.861741,0.759002,0.760792,0.810010,1.692780,1.513168,0.913061
20240715,0.844603,0.844603,0.744108,0.746905,0.792023,1.688871,1.500372,0.899919
20240716,0.843398,0.843398,0.744738,0.747041,0.792716,1.695624,1.509756,0.903483
20240717,0.832411,0.832411,0.736702,0.738845,0.781682,1.739333,1.551630,0.898352
20240718,0.826708,0.826708,0.732372,0.736182,0.775925,1.713542,1.522656,0.896305
20240719,0.831833,0.831833,0.736200,0.739213,0.780875,1.685570,1.515679,0.901417
20240722,0.837145,0.837145,0.742318,0.743255,0.784829,1.658066,1.492862,0.905421
20240723,0.826715,0.826715,0.733340,0.732228,0.774080,1.655639,1.475522,0.887361
20240724,0.809356,0.809356,0.720795,0.721206,0.761880,1.677733,1.497366,0.873410
20240725,0.814624,0.814624,0.724721,0.724352,0.766600,1.688539,1.510477,0.878284
20240726,0.829177,0.829177,0.738104,0.737137,0.780537,1.706999,1.515192,0.892442
20240729,0.830669,0.830669,0.743652,0.741143,0.784663,1.666464,1.478128,0.893193
20240730,0.835678,0.835678,0.750379,0.747149,0.791094,1.660903,1.474346,0.898411
20240731,0.861331,0.861331,0.774274,0.770610,0.816000,1.673893,1.497628,0.928217
20240801,0.857988,0.857988,0.771989,0.767561,0.814591,1.653825,1.468214,0.928805
20240802,0.846168,0.846168,0.763760,0.761168,0.806305,1.703855,1.499410,0.916743
20240805,0.823705,0.823705,0.743445,0.741360,0.785031,1.728660,1.535778,0.893873
20240806,0.835765,0.835765,0.755452,0.753169,0.796663,1.737030,1.555243,0.910891
20240807,0.838174,0.838174,0.758736,0.757286,0.799350,1.754529,1.576891,0.911155
20240808,0.838565,0.838565,0.757918,0.755653,0.804177,1.791181,1.613177,0.909255
20240809,0.839855,0.839855,0.758389,0.756585,0.807798,1.806916,1.616849,0.902833
20240812,0.837261,0.837261,0.756642,0.754047,0.809635,1.834434,1.640820,0.896762
20240813,0.846523,0.846523,0.763609,0.760102,0.820691,1.818717,1.623825,0.902801
20240814,0.842257,0.842257,0.758760,0.755178,0.814563,1.779594,1.596910,0.898266
20240815,0.842330,0.842330,0.759440,0.756238,0.811700,1.757086,1.579262,0.905616
20240816,0.836829,0.836829,0.755230,0.752290,0.806287,1.791472,1.605637,0.902201
20240819,0.832910,0.832910,0.754814,0.752030,0.801214,1.810511,1.624783,0.898376
20240820,0.819283,0.819283,0.744526,0.741368,0.791200,1.828217,1.641424,0.884095
20240821,0.819081,0.819081,0.743955,0.740581,0.792653,1.809491,1.610920,0.881915
20240822,0.808984,0.808984,0.736985,0.733706,0.786709,1.826777,1.621343,0.868524
20240823,0.803239,0.803239,0.736763,0.731494,0.790408,1.860834,1.662086,0.864708
20240826,0.815535,0.815535,0.744213,0.739227,0.799995,1.878568,1.678077,0.874091
20240827,0.810155,0.810155,0.736193,0.732049,0.794610,1.895085,1.696082,0.862314
20240828,0.812449,0.812449,0.737391,0.733552,0.794613,1.895549,1.704374,0.866674
20240829,0.824249,0.824249,0.750437,0.745821,0.806861,1.903001,1.703135,0.879013
20240830,0.839059,0.839059,0.760294,0.754676,0.820115,1.874591,1.670495,0.896103
20240902,0.818560,0.818560,0.740348,0.736282,0.797651,1.854082,1.651295,0.881324
20240903,0.828332,0.828332,0.747972,0.743570,0.806012,1.882928,1.678984,0.889809
20240904,0.821388,0.821388,0.742490,0.738206,0.796520,1.927503,1.718970,0.884219
20240905,0.829749,0.829749,0.751691,0.747159,0.807144,1.937266,1.732487,0.891999
20240906,0.811588,0.811588,0.734392,0.731071,0.789531,1.930743,1.731592,0.875954
20240909,0.809014,0.809014,0.733103,0.729980,0.788329,1.928323,1.729990,0.873645
20240910,0.814568,0.814568,0.739089,0.735322,0.796830,1.947351,1.754587,0.878179
20240911,0.811323,0.811323,0.735371,0.731484,0.792512,1.968048,1.770952,0.874335
20240912,0.809998,0.809998,0.734740,0.731175,0.794514,1.971734,1.773339,0.871946
20240913,0.795101,0.795101,0.726205,0.723343,0.783904,1.980101,1.784332,0.861998
20240918,0.788460,0.788460,0.722474,0.720810,0.778827,2.005888,1.808973,0.855937
20240919,0.807208,0.807208,0.737584,0.735596,0.795563,1.991580,1.791538,0.874824
20240920,0.803089,0.803089,0.734498,0.733191,0.793509,1.970170,1.770600,0.871992
20240923,0.808361,0.808361,0.737602,0.736289,0.794424,1.964445,1.759730,0.873273
20240924,0.835036,0.835036,0.764647,0.762653,0.821777,1.985842,1.780751,0.903722
20240925,0.845738,0.845738,0.773254,0.771491,0.830319,1.974346,1.780752,0.914827
20240926,0.875304,0.875304,0.800273,0.797713,0.861024,2.008631,1.803152,0.946299
20240927,0.922083,0.922083,0.840109,0.835531,0.903259,2.008522,1.787780,0.994931
20240930,1.031994,1.031994,0.937830,0.929512,1.006085,1.960978,1.741479,1.112746
20241008,1.135008,1.135008,1.025108,1.013252,1.094706,1.864814,1.647661,1.212033
20241009,1.048950,1.048950,0.945581,0.936252,1.008791,1.870485,1.639777,1.100453
20241010,1.049138,1.049138,0.948875,0.939874,1.011286,1.924559,1.703729,1.101026
20241011,1.022009,1.022009,0.920453,0.912416,0.978450,1.938841,1.717956,1.061172
20241014,1.040050,1.040050,0.936809,0.928345,0.998588,1.859582,1.640356,1.096022
20241015,1.029820,1.029820,0.926879,0.918486,0.990607,1.848942,1.628982,1.079239
20241016,1.035085,1.035085,0.931359,0.923560,0.990884,1.854177,1.622984,1.086821
20241017,1.030747,1.030747,0.928977,0.918981,0.995840,1.870013,1.633335,1.085904
20241018,1.054409,1.054409,0.952527,0.940881,1.025780,1.827222,1.602866,1.124496
20241021,1.072217,1.072217,0.971600,0.957955,1.046335,1.786417,1.568091,1.151771
20241022,1.083695,1.083695,0.983342,0.969759,1.057911,1.828454,1.601915,1.160489
20241023,1.095029,1.095029,0.987981,0.974319,1.066946,1.847138,1.620649,1.166977
20241024,1.098771,1.098771,0.987106,0.974781,1.061859,1.881299,1.643758,1.169274
20241025,1.122027,1.122027,1.009042,0.995640,1.088805,1.879112,1.642379,1.194907
20241028,1.147515,1.147515,1.028093,1.015168,1.101334,1.843635,1.600620,1.226058
20241029,1.124029,1.124029,1.009913,0.998410,1.083450,1.856281,1.610854,1.208851
20241030,1.125441,1.125441,1.011938,0.999435,1.080657,1.850754,1.606831,1.210908
20241031,1.137361,1.137361,1.026131,1.012939,1.097194,1.830766,1.575846,1.227920
20241101,1.101942,1.101942,0.996103,0.984358,1.061879,1.939941,1.665648,1.188240
20241104,1.128131,1.128131,1.020804,1.007444,1.087662,1.942362,1.668791,1.215685
20241105,1.153561,1.153561,1.042432,1.026942,1.114730,1.895395,1.632319,1.256129
20241106,1.157406,1.157406,1.043593,1.027713,1.117923,1.890532,1.625493,1.268254
20241107,1.182292,1.182292,1.065164,1.049077,1.142853,1.897314,1.628341,1.301561
20241108,1.183060,1.183060,1.064150,1.046980,1.152171,1.892362,1.630894,1.302994
20241111,1.213754,1.213754,1.089692,1.069241,1.186678,1.916611,1.660864,1.332199
20241112,1.206751,1.206751,1.083480,1.063671,1.182763,1.946650,1.682554,1.319381
20241113,1.216577,1.216577,1.091562,1.072215,1.191529,1.962012,1.698253,1.322711
20241114,1.190841,1.190841,1.065931,1.048855,1.160127,1.976597,1.717209,1.285137
20241115,1.179550,1.179550,1.054500,1.037120,1.154051,2.049580,1.790661,1.262104
20241118,1.165515,1.165515,1.044459,1.028567,1.139928,2.115605,1.843062,1.234182
20241119,1.179744,1.179744,1.057875,1.042035,1.151152,2.066491,1.798844,1.262880
20241120,1.202661,1.202661,1.078897,1.062101,1.179071,2.091320,1.819100,1.292803
20241121,1.207505,1.207505,1.083651,1.066627,1.184621,2.084680,1.821855,1.299479
20241122,1.178926,1.178926,1.057459,1.040122,1.170199,2.122828,1.860668,1.253868
20241125,1.199840,1.199840,1.075187,1.058055,1.198326,2.170720,1.890332,1.270578
20241126,1.187622,1.187622,1.066999,1.050738,1.177025,2.200516,1.910494,1.261891
20241127,1.195963,1.195963,1.078314,1.061260,1.177388,2.157114,1.872876,1.283373
20241128,1.199187,1.199187,1.078785,1.062020,1.171454,2.149283,1.853501,1.286756
20241129,1.213650,1.213650,1.092417,1.074966,1.188847,2.127079,1.834410,1.308894
20241202,1.220955,1.220955,1.097044,1.078831,1.187556,2.051235,1.775821,1.338291
20241203,1.222435,1.222435,1.100406,1.082494,1.190267,2.026882,1.751008,1.341331
20241204,1.204407,1.204407,1.087815,1.069277,1.176320,2.025171,1.748241,1.322691
20241205,1.225647,1.225647,1.107998,1.086086,1.198176,2.047683,1.762056,1.340908
20241206,1.240469,1.240469,1.116736,1.094897,1.213813,2.090743,1.793670,1.353069
20241209,1.237221,1.237221,1.115678,1.095599,1.204818,2.075900,1.784843,1.347290
20241210,1.248933,1.248933,1.123578,1.102099,1.215182,2.053349,1.763256,1.357537
20241211,1.265774,1.265774,1.141304,1.119084,1.236922,2.081241,1.787216,1.374582
20241212,1.276949,1.276949,1.154587,1.134542,1.249648,2.063712,1.779371,1.389744
20241213,1.257003,1.257003,1.143421,1.125340,1.236093,2.060172,1.791039,1.366660
20241216,1.250077,1.250077,1.135081,1.118080,1.223652,2.097625,1.821266,1.357767
20241217,1.211122,1.211122,1.106553,1.091623,1.195205,2.141528,1.873747,1.309979
20241218,1.218653,1.218653,1.114055,1.098944,1.208835,2.137019,1.872708,1.316619
20241219,1.215830,1.215830,1.114480,1.096330,1.210300,2.158505,1.898091,1.318608
20241220,1.229692,1.229692,1.122764,1.102631,1.225290,2.140392,1.879021,1.333439
20241223,1.185989,1.185989,1.091097,1.072366,1.190011,2.173677,1.917254,1.279602
20241224,1.199181,1.199181,1.105819,1.086600,1.204177,2.186409,1.935045,1.292132
20241225,1.174416,1.174416,1.090038,1.072618,1.183904,2.218961,1.972301,1.265841
20241226,1.195872,1.195872,1.110533,1.091274,1.206589,2.251068,2.004865,1.282422
20241227,1.207149,1.207149,1.121367,1.102735,1.221906,2.265040,2.021933,1.290902
20241230,1.196774,1.196774,1.110454,1.091937,1.215032,2.266518,2.035637,1.276914
20241231,1.174324,1.174324,1.086306,1.069714,1.191912,2.299858,2.055810,1.247200
20250102,1.153039,1.153039,1.066288,1.046138,1.165343,2.205807,1.973911,1.225891
20250103,1.111473,1.111473,1.030690,1.015606,1.128358,2.283641,2.039273,1.184592
20250106,1.106995,1.106995,1.027761,1.014554,1.120007,2.341155,2.101526,1.178714
20250107,1.129024,1.129024,1.045566,1.029340,1.135271,2.237293,2.008463,1.204819
20250108,1.120491,1.120491,1.038518,1.021966,1.125882,2.137807,1.939574,1.204565
20250109,1.117678,1.117678,1.034984,1.017432,1.119960,2.121286,1.917032,1.209368
20250110,1.083858,1.083858,1.004541,0.989382,1.089040,2.117559,1.907190,1.177142
20250113,1.092129,1.092129,1.007736,0.992744,1.093568,2.166260,1.941942,1.178161
20250114,1.141725,1.141725,1.050993,1.033300,1.138435,2.086931,1.867407,1.235162
20250115,1.141349,1.141349,1.051785,1.033062,1.141293,2.088286,1.861861,1.231395
20250116,1.149744,1.149744,1.062413,1.043566,1.152647,2.123366,1.890098,1.239430
20250117,1.150841,1.150841,1.062105,1.045563,1.151592,2.131157,1.893142,1.240226
20250120,1.163046,1.163046,1.074803,1.056830,1.160982,2.088250,1.852066,1.251319
20250121,1.158636,1.158636,1.071770,1.053224,1.157187,2.023210,1.796781,1.249840
20250122,1.153607,1.153607,1.063111,1.045422,1.149456,2.063391,1.831401,1.236912
20250123,1.157772,1.157772,1.065190,1.047100,1.155178,2.112049,1.874341,1.235736
20250124,1.174601,1.174601,1.078750,1.059854,1.174898,2.072840,1.841848,1.249980
20250127,1.164627,1.164627,1.067699,1.048271,1.158067,2.169141,1.917462,1.237378
20250205,1.171340,1.171340,1.071803,1.049518,1.165447,2.220448,1.963045,1.249618
20250206,1.199503,1.199503,1.096926,1.071437,1.193732,2.184283,1.927501,1.279936
20250207,1.215887,1.215887,1.110704,1.083750,1.210336,2.187318,1.921362,1.298755
20250210,1.238739,1.238739,1.132229,1.102655,1.235251,2.194136,1.933787,1.323163
20250211,1.237461,1.237461,1.130747,1.100840,1.237524,2.201406,1.944109,1.321064
20250212,1.251347,1.251347,1.144160,1.112162,1.253418,2.189940,1.920042,1.335071
20250213,1.239186,1.239186,1.132441,1.102410,1.239548,2.203927,1.930063,1.321131
20250214,1.250656,1.250656,1.141770,1.109474,1.249468,2.246510,1.971919,1.324966
20250217,1.257876,1.257876,1.146770,1.112936,1.257207,2.172920,1.911326,1.342027
20250218,1.227922,1.227922,1.119674,1.088141,1.226250,2.200166,1.929959,1.310194
20250219,1.244471,1.244471,1.134889,1.102436,1.239166,2.105698,1.841751,1.339403
20250220,1.253156,1.253156,1.145336,1.111480,1.246672,2.068474,1.808497,1.352734
20250221,1.263617,1.263617,1.153286,1.118069,1.257614,2.043410,1.790774,1.365422
20250224,1.261455,1.261455,1.151368,1.117606,1.253117,2.037838,1.782238,1.369637
20250225,1.255891,1.255891,1.145283,1.111197,1.244123,2.025669,1.767313,1.363909
20250226,1.274904,1.274904,1.159668,1.125660,1.257797,2.020108,1.763854,1.383839
20250227,1.270514,1.270514,1.156483,1.123498,1.259259,2.017482,1.766652,1.383798
20250228,1.231402,1.231402,1.122344,1.092452,1.219535,2.061735,1.806995,1.341526
20250303,1.234782,1.234782,1.125806,1.095070,1.222359,2.097246,1.839996,1.350610
20250304,1.248211,1.248211,1.136371,1.105063,1.234301,2.096263,1.828071,1.370364
20250305,1.243697,1.243697,1.133251,1.101083,1.230648,2.059627,1.786740,1.375056
20250306,1.260549,1.260549,1.147063,1.113202,1.246787,2.020167,1.742230,1.397127
20250307,1.260256,1.260256,1.145205,1.111370,1.241321,2.066250,1.769046,1.391536
20250310,1.270422,1.270422,1.154222,1.119603,1.251918,2.061525,1.775175,1.400763
20250311,1.279027,1.279027,1.161812,1.126988,1.257484,2.061377,1.774643,1.407985
20250312,1.285788,1.285788,1.167411,1.132221,1.264962,2.066573,1.770920,1.414581
20250313,1.278798,1.278798,1.160435,1.125998,1.254338,2.134118,1.815517,1.399937
20250314,1.294191,1.294191,1.173848,1.139810,1.270263,2.141950,1.836629,1.424988
20250317,1.300864,1.300864,1.181042,1.146770,1.278808,2.146480,1.838526,1.434412
20250318,1.311998,1.311998,1.190650,1.154932,1.291678,2.151720,1.842956,1.443168
20250319,1.314978,1.314978,1.187415,1.151857,1.288088,2.178949,1.864716,1.432115
20250320,1.314334,1.314334,1.190104,1.154512,1.288515,2.201193,1.878391,1.429727
20250321,1.303056,1.303056,1.186426,1.151731,1.280970,2.246143,1.927963,1.405800
20250324,1.296670,1.296670,1.183086,1.150759,1.270573,2.262295,1.960578,1.386332
20250325,1.299964,1.299964,1.185144,1.154164,1.268477,2.335009,2.036842,1.384243
20250326,1.317025,1.317025,1.202087,1.170544,1.280754,2.322074,2.019472,1.396557
20250327,1.307782,1.307782,1.192708,1.160676,1.275647,2.337800,2.038176,1.391660
20250328,1.291046,1.291046,1.175712,1.144514,1.260231,2.366973,2.052581,1.371764
20250331,1.271993,1.271993,1.158211,1.127289,1.242678,2.336733,2.008432,1.355622
20250401,1.282701,1.282701,1.162655,1.132252,1.248343,2.322820,1.990545,1.371221
20250402,1.284106,1.284106,1.164386,1.133008,1.249568,2.304809,1.975079,1.374721
20250403,1.274296,1.274296,1.154213,1.124429,1.236829,2.332097,1.998040,1.367035
20250407,1.100413,1.100413,1.015493,0.995105,1.080696,2.349371,2.021112,1.201290
20250408,1.114904,1.114904,1.012981,0.992864,1.086001,2.341368,2.004773,1.211818
20250409,1.150143,1.150143,1.040946,1.017586,1.119807,2.337222,1.986195,1.246685
20250410,1.181575,1.181575,1.066929,1.041207,1.147685,2.308169,1.962368,1.282229
20250411,1.198167,1.198167,1.082898,1.056106,1.161129,2.307074,1.984355,1.293682
20250414,1.216759,1.216759,1.098834,1.071964,1.174022,2.299433,1.983977,1.317971
20250415,1.217586,1.217586,1.097677,1.070798,1.175436,2.288334,1.985238,1.318976
20250416,1.203631,1.203631,1.085932,1.060207,1.163464,2.343652,2.028272,1.300752
20250417,1.214667,1.214667,1.093753,1.067277,1.172465,2.362701,2.058388,1.309855
20250418,1.214538,1.214538,1.097642,1.070972,1.174325,2.375112,2.054721,1.308250
20250421,1.230407,1.230407,1.111069,1.082857,1.187475,2.325864,2.009784,1.331205
20250422,1.242460,1.242460,1.119732,1.090866,1.196424,2.405162,2.073359,1.332581
20250423,1.251852,1.251852,1.128460,1.097688,1.208811,2.361751,2.032715,1.341296
20250424,1.253820,1.253820,1.127469,1.097779,1.207778,2.415561,2.083736,1.329378
20250425,1.254789,1.254789,1.130210,1.103554,1.207458,2.416497,2.082099,1.332026
20250428,1.241960,1.241960,1.123808,1.102143,1.191805,2.406326,2.085593,1.313046
20250429,1.260277,1.260277,1.137577,1.111301,1.206737,2.403003,2.082855,1.323848
20250430,1.275391,1.275391,1.149100,1.121237,1.216388,2.378948,2.059669,1.337103
20250506,1.291540,1.291540,1.164981,1.134678,1.227400,2.295653,1.991275,1.374783
20250507,1.301015,1.301015,1.172619,1.141917,1.237178,2.271685,1.980332,1.385243
20250508,1.314937,1.314937,1.184291,1.152474,1.249478,2.299048,2.005572,1.400082
20250509,1.305755,1.305755,1.176745,1.145964,1.243857,2.353001,2.060407,1.386094
20250512,1.315979,1.315979,1.186334,1.154929,1.251830,2.334999,2.055780,1.405543
20250513,1.313629,1.313629,1.185222,1.154573,1.250833,2.305178,2.030389,1.403693
20250514,1.314044,1.314044,1.185364,1.155207,1.251301,2.264718,1.996921,1.406800
20250515,1.312624,1.312624,1.184019,1.153879,1.255878,2.281271,2.020757,1.395741
20250516,1.313907,1.313907,1.183857,1.153810,1.252641,2.229703,1.975216,1.403252
20250519,1.326541,1.326541,1.194158,1.163279,1.267661,2.250022,1.984105,1.416906
20250520,1.337349,1.337349,1.204649,1.173472,1.279905,2.239738,1.966738,1.432224
20250521,1.331256,1.331256,1.197357,1.166835,1.274787,2.237429,1.960453,1.425719
20250522,1.313800,1.313800,1.182751,1.152922,1.257828,2.237363,1.954862,1.406816
20250523,1.301984,1.301984,1.171318,1.142244,1.243756,2.192350,1.933284,1.392367
20250526,1.308676,1.308676,1.179455,1.149968,1.252269,2.198553,1.913726,1.406425
20250527,1.319086,1.319086,1.188873,1.159404,1.264516,2.204155,1.906608,1.409666
20250528,1.318209,1.318209,1.192549,1.163067,1.270552,2.250436,1.939234,1.405043
20250529,1.333437,1.333437,1.207511,1.176733,1.276235,2.254891,1.932579,1.429735
20250530,1.321809,1.321809,1.204943,1.174316,1.268549,2.248145,1.950595,1.411274
20250603,1.325069,1.325069,1.212986,1.180982,1.275979,2.171053,1.877777,1.423171
20250604,1.335480,1.335480,1.221602,1.189124,1.284579,2.165768,1.877305,1.438005
20250605,1.336618,1.336618,1.219721,1.186432,1.281974,2.204718,1.901332,1.442855
20250606,1.345348,1.345348,1.224065,1.190049,1.286660,2.219210,1.904461,1.444454
20250609,1.360679,1.360679,1.235209,1.200588,1.298024,2.153397,1.839716,1.463038
20250610,1.350437,1.350437,1.225595,1.191575,1.288490,2.139756,1.827058,1.452928
20250611,1.362331,1.362331,1.236174,1.202051,1.304287,2.166150,1.854599,1.462738
20250612,1.366977,1.366977,1.234810,1.200936,1.302539,2.164716,1.847749,1.467394
20250613,1.351630,1.351630,1.216523,1.184492,1.282101,2.164592,1.843620,1.441919
20250616,1.372960,1.372960,1.224268,1.191298,1.290418,2.179641,1.833159,1.454566
20250617,1.369619,1.369619,1.225563,1.190983,1.292551,2.202469,1.850553,1.452939
20250618,1.360784,1.360784,1.218030,1.183775,1.285938,2.195742,1.847039,1.448149
20250619,1.341830,1.341830,1.199305,1.166299,1.264981,2.261450,1.903187,1.422772
20250620,1.331427,1.331427,1.200223,1.167208,1.261675,2.286451,1.944700,1.413805
20250623,1.354354,1.354354,1.214277,1.179333,1.276795,2.264859,1.912374,1.436711
20250624,1.382707,1.382707,1.228882,1.193252,1.298646,2.312739,1.937144,1.465147
20250625,1.388240,1.388240,1.233485,1.197930,1.304184,2.334085,1.956691,1.479324
20250626,1.382632,1.382632,1.227354,1.192012,1.294319,2.338859,1.956316,1.477751
20250627,1.387749,1.387749,1.232169,1.197193,1.301050,2.344939,1.958746,1.485536
20250630,1.403702,1.403702,1.246600,1.210670,1.321499,2.313121,1.922474,1.504917
20250701,1.401592,1.401592,1.244239,1.207848,1.315953,2.306500,1.930354,1.511222
20250702,1.399394,1.399394,1.242950,1.207283,1.316296,2.378452,1.981680,1.504502
20250703,1.406069,1.406069,1.247542,1.211063,1.319898,2.345715,1.976903,1.513257
20250704,1.398057,1.398057,1.239264,1.203728,1.311615,2.340662,1.977793,1.500081
20250707,1.408139,1.408139,1.245278,1.209159,1.315058,2.335432,1.965359,1.509023
20250708,1.418874,1.418874,1.253375,1.216415,1.323529,2.329408,1.964343,1.527289
20250709,1.422724,1.422724,1.254244,1.217296,1.324783,2.349384,1.981118,1.524739
20250710,1.427014,1.427014,1.265929,1.228036,1.334819,2.431477,2.047541,1.529246
20250711,1.431768,1.431768,1.275894,1.236865,1.340500,2.412146,2.024600,1.535693
20250714,1.438424,1.438424,1.278658,1.239021,1.341270,2.442041,2.045043,1.543787
20250715,1.424571,1.424571,1.267251,1.227892,1.324211,2.469396,2.068201,1.531703
20250716,1.431928,1.431928,1.273276,1.233115,1.332190,2.496644,2.078111,1.540546
20250717,1.437377,1.437377,1.280318,1.238731,1.337496,2.464920,2.055868,1.554240
20250718,1.463155,1.463155,1.290168,1.247651,1.347576,2.489212,2.060822,1.557699
20250721,1.479638,1.479638,1.307468,1.265007,1.364824,2.505537,2.070159,1.578553
20250722,1.483746,1.483746,1.314103,1.273434,1.376266,2.528161,2.087316,1.584778
20250723,1.473457,1.473457,1.303896,1.262836,1.365343,2.572275,2.121913,1.575615
20250724,1.487429,1.487429,1.317125,1.276785,1.378780,2.563112,2.109724,1.595333
20250725,1.490237,1.490237,1.314899,1.273711,1.379681,2.609651,2.140479,1.598047
20250728,1.492821,1.492821,1.317127,1.272795,1.377817,2.555159,2.094300,1.605543
20250729,1.494616,1.494616,1.319967,1.274862,1.379921,2.536140,2.088194,1.609468
20250730,1.490153,1.490153,1.316665,1.273254,1.379062,2.583465,2.131816,1.602825
20250731,1.477391,1.477391,1.303296,1.257349,1.360194,2.548644,2.102054,1.587250
20250801,1.483324,1.483324,1.308910,1.261145,1.364643,2.589017,2.120539,1.594861
20250804,1.496624,1.496624,1.319416,1.271229,1.377917,2.551892,2.097579,1.613267
20250805,1.509180,1.509180,1.328394,1.278959,1.381918,2.513516,2.076373,1.627268
20250806,1.523349,1.523349,1.341411,1.290885,1.387062,2.430483,2.008256,1.641248
20250807,1.521810,1.521810,1.339599,1.290287,1.385439,2.412910,1.988068,1.642170
20250808,1.528338,1.528338,1.342554,1.292306,1.388907,2.427437,2.000977,1.642903
20250811,1.544701,1.544701,1.357486,1.304355,1.401195,2.379114,1.952527,1.666163
20250812,1.546316,1.546316,1.360501,1.307738,1.402031,2.390151,1.959651,1.667348
20250813,1.561744,1.561744,1.376123,1.325153,1.411766,2.323484,1.905173,1.678332
20250814,1.532365,1.532365,1.352673,1.302688,1.391446,2.358026,1.942974,1.649214
20250815,1.551002,1.551002,1.370087,1.319171,1.407328,2.291940,1.907681,1.679454
20250818,1.558991,1.558991,1.378390,1.328548,1.411590,2.224807,1.852534,1.708058
20250819,1.562691,1.562691,1.382998,1.333348,1.417148,2.240203,1.857834,1.717431
20250820,1.581279,1.581279,1.399485,1.347928,1.429479,2.276176,1.904165,1.731890
20250821,1.578203,1.578203,1.398121,1.346860,1.433857,2.334960,1.948760,1.726710
20250822,1.587555,1.587555,1.409369,1.358421,1.441406,2.285106,1.913076,1.739025
20250825,1.599957,1.599957,1.423342,1.373778,1.449509,2.240052,1.882852,1.756947
20250826,1.599893,1.599893,1.420495,1.369709,1.450588,2.281249,1.917400,1.761158
20250827,1.560532,1.560532,1.391827,1.342653,1.417300,2.251598,1.900341,1.719643
20250828,1.568085,1.568085,1.401560,1.349462,1.425888,2.188306,1.844548,1.731499
20250829,1.562342,1.562342,1.397523,1.345536,1.418895,2.175373,1.833730,1.728142
20250901,1.565999,1.565999,1.395981,1.342896,1.416010,2.138528,1.796339,1.744698
20250902,1.551663,1.551663,1.383268,1.331257,1.403758,2.174258,1.827651,1.719056
20250903,1.527758,1.527758,1.361457,1.311694,1.376834,2.193044,1.846505,1.687075
20250904,1.526785,1.526785,1.358526,1.308953,1.376007,2.287337,1.929031,1.674500
20250905,1.548872,1.548872,1.379917,1.328336,1.397815,2.276061,1.918140,1.716245
20250908,1.576062,1.576062,1.406407,1.355985,1.428703,2.303188,1.947009,1.740548
20250909,1.564960,1.564960,1.396223,1.346505,1.417880,2.333363,1.973728,1.723040
20250910,1.561719,1.561719,1.392201,1.342898,1.411302,2.299280,1.940902,1.726017
20250911,1.576412,1.576412,1.404381,1.353738,1.426405,2.272543,1.915196,1.752035
20250912,1.573499,1.573499,1.401804,1.351273,1.422538,2.258013,1.894527,1.750831
20250915,1.572043,1.572043,1.402193,1.351880,1.420090,2.275210,1.906770,1.749383
20250916,1.576955,1.576955,1.403927,1.353079,1.426305,2.273638,1.907946,1.767680
20250917,1.575570,1.575570,1.403956,1.353524,1.428567,2.277220,1.915585,1.774246
20250918,1.554903,1.554903,1.385545,1.336155,1.410059,2.242106,1.891973,1.751014
20250919,1.552395,1.552395,1.384883,1.335292,1.413642,2.289483,1.929449,1.742622
20250922,1.552985,1.552985,1.385875,1.335538,1.419755,2.241210,1.888313,1.743593
20250923,1.537923,1.537923,1.373142,1.324511,1.406128,2.246391,1.908406,1.721094
20250924,1.560185,1.560185,1.390819,1.340909,1.422765,2.290678,1.919936,1.748111
20250925,1.551691,1.551691,1.384197,1.335192,1.415055,2.277847,1.892783,1.740424
20250926,1.545609,1.545609,1.376757,1.328938,1.406352,2.357559,1.952121,1.726675
20250929,1.560329,1.560329,1.391041,1.341866,1.419145,2.366005,1.954587,1.742158
20250930,1.564644,1.564644,1.395540,1.345825,1.416142,2.358731,1.948169,1.750589
20251009,1.578551,1.578551,1.408644,1.361555,1.427145,2.353971,1.953800,1.763544
20251010,1.583037,1.583037,1.413689,1.368723,1.432444,2.416758,2.006654,1.758911
20251013,1.577152,1.577152,1.407247,1.360909,1.425897,2.429519,2.022118,1.753261
20251014,1.572118,1.572118,1.403083,1.360300,1.423238,2.493068,2.071002,1.734275
20251015,1.581419,1.581419,1.411240,1.367988,1.433161,2.476577,2.060289,1.758689
20251016,1.572221,1.572221,1.403375,1.362041,1.427450,2.487007,2.076750,1.741959
20251017,1.547769,1.547769,1.382232,1.342982,1.402680,2.505188,2.096084,1.703784
20251020,1.555845,1.555845,1.388962,1.347731,1.409022,2.463516,2.059719,1.724968
20251021,1.574186,1.574186,1.405157,1.362773,1.425653,2.454482,2.048153,1.754573
20251022,1.577341,1.577341,1.406154,1.363971,1.427681,2.480996,2.054621,1.752922
20251023,1.584842,1.584842,1.413470,1.370958,1.434090,2.511495,2.084748,1.755741
20251024,1.581889,1.581889,1.410798,1.366634,1.432779,2.459508,2.051713,1.768578
20251027,1.587824,1.587824,1.416144,1.372895,1.437472,2.431527,2.029788,1.781929
20251028,1.594177,1.594177,1.421357,1.374157,1.445256,2.432298,2.028423,1.784762
20251029,1.594584,1.594584,1.422452,1.375440,1.446703,2.392356,2.003697,1.794712
20251030,1.586328,1.586328,1.415923,1.370139,1.437912,2.429340,2.026763,1.774987
20251031,1.591613,1.591613,1.420125,1.373776,1.443208,2.408026,2.010753,1.790394
20251103,1.589293,1.589293,1.425074,1.377830,1.448103,2.385853,1.994806,1.805295
20251104,1.580799,1.580799,1.417474,1.373647,1.436100,2.386214,1.995221,1.791749
20251105,1.602444,1.602444,1.430929,1.385272,1.448900,2.401301,2.007482,1.804850
20251106,1.611756,1.611756,1.443342,1.394815,1.462696,2.422570,2.015332,1.813695
20251107,1.608603,1.608603,1.441278,1.396207,1.457995,2.432886,2.022119,1.811505
20251110,1.624410,1.624410,1.453956,1.409542,1.466787,2.431026,2.009758,1.823518
20251111,1.630984,1.630984,1.462251,1.417644,1.472302,2.396993,1.993800,1.827993
20251112,1.623695,1.623695,1.454562,1.412549,1.466952,2.399126,1.984644,1.819664
20251113,1.636580,1.636580,1.464275,1.420231,1.476747,2.374812,1.953468,1.840113
20251114,1.641879,1.641879,1.464804,1.420273,1.480396,2.391609,1.966809,1.832181
20251117,1.635516,1.635516,1.461912,1.416487,1.475599,2.344950,1.927502,1.835593
20251118,1.628556,1.628556,1.452200,1.409894,1.463571,2.386642,1.967647,1.817611
20251119,1.611893,1.611893,1.439593,1.399110,1.448286,2.369131,1.954722,1.796074
20251120,1.605588,1.605588,1.435622,1.394446,1.448002,2.410145,1.994826,1.782396
20251121,1.561049,1.561049,1.394965,1.358728,1.405457,2.452541,2.040868,1.719638
20251124,1.575636,1.575636,1.407287,1.369126,1.419805,2.450886,2.037509,1.744605
20251125,1.588669,1.588669,1.416315,1.375999,1.428895,2.404490,1.988618,1.768274
20251126,1.576857,1.576857,1.407861,1.369536,1.420079,2.399453,1.988014,1.762026
20251127,1.579657,1.579657,1.409164,1.369311,1.425032,2.421405,2.002496,1.767026
20251128,1.596274,1.596274,1.419248,1.377403,1.434378,2.389501,1.966198,1.787380
20251201,1.600331,1.600331,1.427185,1.384585,1.436069,2.394355,1.972234,1.800197
20251202,1.591668,1.591668,1.418339,1.377283,1.431337,2.342263,1.933868,1.791296
20251203,1.580735,1.580735,1.415939,1.376165,1.423433,2.391779,1.984930,1.777955
20251204,1.565477,1.565477,1.404804,1.366009,1.407792,2.432545,2.021597,1.763579
20251205,1.586781,1.586781,1.423847,1.382921,1.424481,2.387646,1.980153,1.789720
20251208,1.592181,1.592181,1.426965,1.384636,1.428038,2.305392,1.911489,1.806056
20251209,1.587861,1.587861,1.420447,1.377627,1.428445,2.319003,1.923348,1.792894
20251210,1.596687,1.596687,1.431412,1.386872,1.435260,2.314646,1.920501,1.794301
20251211,1.575472,1.575472,1.413124,1.370755,1.419086,2.345175,1.944457,1.769772
20251212,1.571373,1.571373,1.411804,1.370944,1.418288,2.347279,1.946760,1.774808
20251215,1.561594,1.561594,1.404114,1.364209,1.411820,2.339864,1.937130,1.771257
20251216,1.547269,1.547269,1.392428,1.353387,1.400437,2.387447,1.983716,1.745618
20251217,1.549771,1.549771,1.399790,1.360678,1.405661,2.380345,1.978645,1.760646
20251218,1.563244,1.563244,1.408613,1.369586,1.414968,2.399554,1.997650,1.765404
20251219,1.580903,1.580903,1.422265,1.380873,1.431503,2.419647,2.008189,1.791623
20251222,1.585755,1.585755,1.427793,1.386408,1.435802,2.418630,2.006635,1.803088
20251223,1.574891,1.574891,1.418714,1.377224,1.425454,2.389747,1.986708,1.795116
20251224,1.593509,1.593509,1.436013,1.391797,1.439899,2.379972,1.976269,1.817229
20251225,1.606040,1.606040,1.442823,1.397845,1.446395,2.367904,1.961882,1.835432
20251226,1.605619,1.605619,1.442737,1.398203,1.449038,2.314297,1.915495,1.834956
20251229,1.604910,1.604910,1.442047,1.396281,1.442091,2.341798,1.938430,1.830971
20251230,1.595548,1.595548,1.434381,1.389871,1.426495,2.336214,1.933886,1.827994
20251231,1.593732,1.593732,1.433717,1.390034,1.423774,2.346344,1.939964,1.833886
